trial_type.congruent_correct	trial_type.incongruent_correct	trial_type.incongruent_incorrect	rt_reg.rt	trans_x	trans_x_derivative1	trans_x_derivative1_power2	trans_x_power2	trans_y	trans_y_derivative1	trans_y_derivative1_power2	trans_y_power2	trans_z	trans_z_derivative1	trans_z_derivative1_power2	trans_z_power2	rot_x	rot_x_derivative1	rot_x_derivative1_power2	rot_x_power2	rot_y	rot_y_derivative1	rot_y_derivative1_power2	rot_y_power2	rot_z	rot_z_derivative1	rot_z_derivative1_power2	rot_z_power2	cosine00	cosine01	cosine02	intercept
1.9275315668477486e-05	0.0002171130013679	6.423181469256051e-17	-0.0013287626303787	0.016399800000003	-2.4408011740764366e-16	-7.422925552395475e-16	0.000268953440041	-0.061054300000002	-2.5600053727989713e-16	-6.116052743327123e-16	0.0037276275484899	-0.191298000000008	1.3523048619210406e-15	8.25537488662402e-17	0.0365949248040029	-0.0004666060000067	-4.438184386328632e-16	-7.87135632531836e-16	2.177211620839957e-07	0.0002819739999979	-6.512082511373603e-17	7.999626504592491e-16	7.950933548205984e-08	-0.000537807000003	9.209949451803089e-16	-9.521070475991895e-16	2.8923636968937854e-07	-6.545397354302343e-15	-9.439589499868478e-16	-1.884657997963801e-15	1
-4.283269914172056e-05	0.0195432501888976	-3.1603391792512283e-16	0.0202782798048923	0.0001590190000021	-0.0162407810000034	0.0002637629674919	2.528703956692965e-08	-0.0799979000000031	-0.0189435999999994	0.0003588599809579	0.006399664004415	-0.1904160000000038	0.0008820000000014	7.779239993093423e-07	0.0362582530560031	-0.0001251819999998	0.000341423999999	1.1657034579373133e-07	1.567053423899994e-08	0.0002207670000003	-6.120700000217258e-05	3.746294588408717e-09	4.87380662629146e-08	-0.0005378069999993	-9.369697332648828e-17	-7.678279848849636e-16	2.892363688494895e-07	0.117437152600001	0.1174164796000008	0.1173820271000016	1
8.963320972451807e-05	0.2351173223025113	-2.675333270716093e-16	0.1180087795731773	0.0001598110000015	7.920000003630615e-07	6.272398363696223e-13	2.5539553081504447e-08	-0.0265119000000008	0.0534860000000029	0.0028607521960009	0.0007028808416072	-0.2375180000000049	-0.0471020000000026	0.002218598404	0.0564148003240049	0.0007032620000004	0.0008284440000008	6.863194599833369e-07	4.945774392401153e-07	0.0004651480000006	0.0002443810000018	5.972207311180415e-08	2.1636266391172878e-07	-0.0002947349999964	0.0002430719999997	5.908399757979367e-08	8.686871740005301e-08	0.1173820271000001	0.1171960424000007	0.1168862860000011	1
-0.0001630703706197	0.4093220925001623	7.609052920048587e-17	0.1435123691890386	0.0001515770000007	-8.234000001294198e-06	6.779870920479959e-11	2.2975585853456164e-08	0.0152082000000012	0.0417200999999997	0.0017405667440096	0.0002312893472372	-0.1600260000000039	0.0774920000000025	0.0060050100640006	0.0256083206760018	0.0006431350000014	-6.012699999935786e-05	3.6152550316140893e-09	4.1362262642083473e-07	0.000330595	-0.0001345530000006	1.810450916309781e-08	1.0929305522195758e-07	-0.0005378070000011	-0.0002430720000025	5.9083994706543295e-08	2.892363706347356e-07	0.1172718020999998	0.1167555819000011	0.1158968974000009	1
0.0002315282616771	0.3025810804388545	2.7351622765625914e-16	0.086575339695248	0.0063340800000019	0.0061825030000002	3.822334334526375e-05	4.012056944488857e-05	0.0255021000000025	0.0102938999999985	0.0001059643772081	0.0006503571044089	-0.1006010000000024	0.0594250000000018	0.0035313306250001	0.0101205612010004	-0.0004373120000002	-0.0010804470000005	1.167365722233172e-06	1.912417881800796e-07	0.0005343880000031	0.0002037930000008	4.1531587136446296e-08	2.85570538906904e-07	0.0002845710000004	0.0008223780000038	6.763055802561016e-07	8.098064991575859e-08	0.1171065292000009	0.1160959250000016	0.1144180399000015	1
-0.0005053231182252	0.1382377542967648	9.85103082758105e-17	0.0316235925936205	0.0002166890000016	-0.0061173910000011	3.742247264764275e-05	4.6954121499835353e-08	-0.0503689000000004	-0.0758710000000023	0.0057564086410017	0.0025370260872094	-0.1111570000000023	-0.0105559999999986	0.0001114291359985	0.012355878649001	0.0003799360000007	0.0008172480000011	6.678942940128933e-07	1.4435136367044978e-07	0.0003968740000031	-0.0001375140000015	1.891009811730508e-08	1.5750897456473134e-07	-0.0003749620000004	-0.0006595330000033	4.349837817051167e-07	1.4059650147676537e-07	0.1168862860000018	0.1152183101000011	0.1124559591000015	1
0.0230590417112536	0.0324608216005088	-3.6762492914985934e-16	0.0233694317540526	0.0002081880000011	-8.50100000113378e-06	7.226619112022724e-11	4.3342244150784415e-08	0.0135633000000001	0.0639322000000014	0.0040873261968404	0.0001839631068887	-0.0351226000000007	0.0760344000000018	0.0057812299833601	0.0012335970307584	0.001390090000003	0.0010101540000041	1.0204111054532668e-06	1.9323502058470287e-06	8.2834700002105e-05	-0.0003140393000025	9.862068176105937e-08	6.8615874906328195e-09	-0.0003749620000042	1.1657853703533284e-15	-3.144907145152056e-15	1.405965041141426e-07	0.1166111760000023	0.114124384900002	0.1100189415000018	1
0.244179835950341	-0.0185901277640683	-3.949754087112904e-16	0.0895810852172776	0.0001907330000012	-1.745499999935925e-05	3.0467499371586446e-10	3.6379076795575215e-08	-0.0386872000000004	-0.0522505000000009	0.0027301147502496	0.0014966994438399	-0.0975772000000014	-0.0624546000000019	0.0039005770611608	0.0095213099598408	3.553570000161799e-05	-0.0013545543000065	1.8348173560976397e-06	1.2627859233313286e-09	-0.0001363870000003	-0.0002192217000017	4.805815427756911e-08	1.8601413213369543e-08	-0.0003749620000009	2.579758378645021e-16	-1.8600683170775845e-15	1.4059650272983174e-07	0.1162813282000023	0.1128162031000018	0.1071172793000017	1
0.4097597827398154	-0.0362702793455796	3.273836692224015e-16	0.0998960931220478	0.0002209230000005	3.0190000000666368e-05	9.114343208007956e-10	4.880697154346199e-08	-0.0519166000000026	-0.0132293999999988	0.0001750170243581	0.002695333355562	-0.1150470000000019	-0.0174698000000002	0.0003051939120389	0.0132358122090012	0.0008475220000017	0.0008119863000002	6.593217506293439e-07	7.182935387394813e-07	8.283470000047324e-05	0.0002192217000019	4.805815346809197e-08	6.861587179586345e-09	-0.0006249620000031	-0.0002500000000005	6.249999977686509e-08	3.905775052034226e-07	0.1158968974000016	0.1112962206000016	0.1037632273000011	1
0.2968729245793463	-0.034155237290839	3.1057765868305267e-16	0.0550079453159167	0.0002109150000005	-1.0008000000907707e-05	1.001590837023404e-10	4.4485137060363523e-08	0.0336158000000006	0.0855324000000019	0.0073157914497626	0.0011300220096398	-0.0360116000000009	0.0790354000000011	0.0062465944531602	0.0012968353345588	0.0007545920000021	-9.29299999988114e-05	8.635983747372318e-09	5.694090854978102e-07	-0.0003842480000024	-0.0004670827000028	2.181662532501465e-07	1.4764652414735212e-07	3.910969999740649e-05	0.0006640717000041	4.40991225660349e-07	1.52956691814239e-09	0.1154580643000018	0.1095672912000021	0.0999709507000013	1
0.1337760454448861	-0.025981663810226	7.746785923510199e-17	0.0147786575399932	0.0002262000000012	1.528500000049795e-05	2.336301384659247e-10	5.1166439341603286e-08	-0.019445099999999	-0.0530609000000019	0.00281545910881	0.0003781119140081	-0.0662835000000011	-0.0302719000000006	0.0009163879296093	0.0043935023722503	8.224360000091952e-05	-0.0006723484000023	4.520523698856468e-07	6.764009310005674e-09	-3.3177400001443925e-05	0.0003510706000031	1.2325056835553701e-07	1.100739278056569e-09	-0.0005303150000031	-0.0005694247000021	3.242444905569804e-07	2.812340029480768e-07	0.1149650346000023	0.1076326606000019	0.0957564653000016	1
0.0300433882981053	0.0114643913795941	-5.365766007676781e-16	0.0222213742028572	-0.0323966000000048	-0.0326228000000049	0.0010642470798455	0.0010495396915681	-0.0539191000000018	-0.0344740000000001	0.0011884566759989	0.0029072693448113	-0.1042240000000019	-0.0379405000000004	0.0014394815402497	0.0108626421760005	-0.0002231320000008	-0.0003053756000023	9.32542555150845e-08	4.9787888783840974e-08	0.0009087350000041	0.0009419124000029	8.871989732777409e-07	8.25799303798726e-07	-0.0003749619999995	0.0001553530000014	2.413455314525144e-08	1.4059650243555069e-07	0.1144180399000017	0.1054959609000011	0.0911375704000012	1
-0.0195580661432723	0.2451848855921041	-5.560672020032451e-16	0.1129055942229467	-0.0163679000000039	0.0160287000000046	0.0002569192236915	0.0002679081504103	0.0161451000000009	0.0700642000000031	0.0049089921216418	0.0002606642540097	-0.135493000000003	-0.0312690000000031	0.0009777503609986	0.0183583530490008	3.205599999812743e-05	0.0002551880000011	6.512091395985852e-08	1.0275879855751283e-09	0.0004035160000032	-0.0005052190000031	2.552462394127782e-07	1.6282516305316496e-07	-0.0003749619999988	-1.2139362351272624e-15	-8.430299425387744e-16	1.4059650286475117e-07	0.1138173369000005	0.1031612035000013	0.0861337729000006	1
-0.0365068772281309	0.4059272344280477	-9.714764604691224e-17	0.1293581105916346	-0.0131891000000031	0.0031788000000006	1.0104769438499946e-05	0.0001739523588107	0.0258349000000026	0.0096897999999987	9.38922240382907e-05	0.0006674420580101	-0.0850673000000021	0.0504257000000017	0.0025427512204891	0.0072364455292898	0.0003115109999997	0.0002794550000028	7.809509616007701e-08	9.70391033913956e-08	7.707779999902106e-05	-0.0003264382000009	1.0656190016848177e-07	5.940985603972422e-09	3.6956700000384415e-05	0.0004119187000013	1.696770151848307e-07	1.3657957806368532e-09	0.1131632076000004	0.1006327718000012	0.0807662054000005	1
-0.0337727739880106	0.2895409656121139	1.6964780979895814e-16	0.0732189065659423	-0.0118381000000024	0.0013510000000013	1.8252009982182973e-06	0.0001401406116102	-0.0459803000000002	-0.0718152000000021	0.0051574229510413	0.0021141879880899	-0.1069130000000024	-0.0218456999999992	0.0004772346084886	0.0114303895690007	0.0009666760000011	0.0006551649999995	4.292411764374887e-07	9.344624874614544e-07	0.0001480949999994	7.101720000178936e-05	5.043441440140871e-09	2.193212915511652e-08	-0.0002787999999995	-0.0003157567000018	9.970229359074757e-08	7.772944021795427e-08	0.112455959100001	0.0979154126000009	0.0750575370000009	1
-0.0259940543431118	0.1287426345776027	-3.3532056210956216e-17	0.0226693216123311	-0.0229090000000043	-0.0110709000000014	0.0001225648268064	0.0005248222810052	0.0287180000000013	0.0746983000000022	0.0055798360228922	0.0008247235239996	-0.073116600000002	0.0337963999999998	0.0011421966529584	0.0053460371955592	8.699989999987821e-05	-0.0008796761000017	7.738300417676389e-07	7.568983582301865e-09	9.816439999829282e-05	-4.993060000086158e-05	2.493060398676909e-09	9.63624831121403e-09	-0.0001463989999999	0.0001324010000002	1.7530023237427576e-08	2.1432666962925163e-08	0.1116959233000008	0.0950142274000012	0.0690318770000005	1
0.0155920224637621	0.0274695933884109	-4.10828843544845e-16	0.0222437744935915	-0.0160797000000034	0.006829300000003	4.663933848810881e-05	0.0002585567520921	-0.0250361999999987	-0.053754200000002	0.0028895140176401	0.0006268113104389	-0.1113640000000028	-0.0382474000000004	0.0014628636067595	0.0124019404960012	0.0011085100000006	0.0010215101000019	1.0434828847702706e-06	1.2287944180414335e-06	-0.0001011070000029	-0.0001992713999993	3.9709090894520735e-08	1.0222623297633268e-08	-1.3816599997044832e-05	0.0001325824000002	1.7578092251880378e-08	1.9089737845739966e-10	0.1108834569000011	0.0919346629000011	0.0627146737000005	1
0.254322974281103	-0.0205036453781163	-4.649125160609015e-16	0.0881864146278947	0.0047305299999996	0.0208102300000027	0.0004330656726561	2.237791407976797e-05	0.0472172000000013	0.0722533999999994	0.0052205538115592	0.0022294639758428	0.0273621999999995	0.1387262000000033	0.019244958566446	0.0007486899888384	0.000224466	-0.0008840439999998	7.81533791974183e-07	5.03849851975717e-08	-0.000101107	5.15451755269003e-16	-5.394857835878232e-16	1.0222623605224636e-08	-0.0003749620000025	-0.0003611454000029	1.3042599774961298e-07	1.405965029645362e-07	0.1100189415000016	0.0886825007000019	0.0561326067000005	1
0.4056545884531514	-0.0367290288398333	2.279195341212417e-16	0.0927797559430475	-0.0157163000000025	-0.020446830000003	0.0004180728570516	0.0002470020856897	-0.0018924499999985	-0.0491096500000016	0.0024117577231226	3.581367000523437e-06	-0.0271588000000008	-0.054521000000002	0.0029725394410003	0.0007376004174399	-0.0008390640000022	-0.0010635300000029	1.1310960629072955e-06	7.040283993304213e-07	-0.0001011070000016	-8.432401012170156e-16	-2.3299407698884176e-15	1.0222622211871369e-08	0.0001986630000001	0.0005736250000038	3.290456419886568e-07	3.9466986953678783e-08	0.1091027827000019	0.0852638464000017	0.0493134741000005	1
0.2838460170734667	-0.0333778709618337	3.4655753972962863e-16	0.04932730014789	-0.0095303600000027	0.0061859400000029	3.826585368233517e-05	9.082776172954523e-05	-0.0388366000000011	-0.0369441500000003	0.0013648702192212	0.0015082814995609	-0.0598245000000015	-0.0326657000000008	0.0010670479564895	0.0035789708002501	0.0006312479999987	0.001470312000003	2.1618173795977264e-06	3.9847403708439685e-07	-0.0001011070000009	1.318260296884743e-15	-2.227154622769855e-16	1.0222625114280105e-08	4.677080000199815e-05	-0.000151892200001	2.3071240214076254e-08	2.1875065963023353e-09	0.1081354106000015	0.0816851181000013	0.0422860752000002	1
0.1244168751449925	-0.0260080849666988	1.1510428468191171e-16	0.011860124974444	0.0034431099999999	0.0129734700000025	0.0001683109238424	1.1855006470139604e-05	0.0070400199999996	0.0458766200000007	0.0021046642626239	4.956188159930695e-05	-0.0126239000000009	0.0472006000000003	0.0022278966403595	0.0001593628512087	-0.0008377710000023	-0.0014690190000027	2.158016826558252e-06	7.018602526377433e-07	-0.0001011070000004	3.3739683136929253e-16	-7.792119162742384e-18	1.0222625563486805e-08	-0.0003749620000022	-0.0004217328000026	1.778585538022066e-07	1.4059650426261417e-07	0.1071172793000013	0.0779530346000018	0.0350800889000004	1
0.0252825597210326	0.0200852127481435	-3.7246625032176783e-16	0.024204685497478	-0.0046031400000003	-0.0080462500000007	6.474213906182762e-05	2.1188897858172757e-05	-0.0593694000000011	-0.0664094200000011	0.0044102110647368	0.0035247256563623	-0.0666585000000018	-0.0540346000000005	0.0029197379971601	0.0044433556222498	0.0004732739999991	0.0013110450000019	1.7188389942024031e-06	2.2398827881728482e-07	-0.0001011070000009	5.662161907613408e-16	-9.170805348394108e-16	1.022262483957159e-08	-0.0001056480000012	0.0002693140000033	7.253003009538462e-08	1.1161501009338948e-08	0.1060488668000015	0.0740746024000011	0.0277259485000004	1
-0.0216610785982008	0.2633534579727518	-4.3045643229616894e-16	0.1031882387908721	0.0016379399999992	0.0062410799999997	3.89510795658112e-05	2.6828474421764182e-06	0.0239177999999996	0.0832872000000013	0.0069367576838418	0.0005720611568393	0.0437824999999997	0.1104410000000023	0.0121972144810025	0.0019169073062475	0.0004200369999992	-5.3236999998738665e-05	2.8341767443700756e-09	1.764310826913615e-07	-0.0001011069999998	7.847230807769338e-16	-2.929825049248977e-16	1.0222624929702864e-08	0.0003464380000005	0.0004520860000018	2.043817522413873e-07	1.200192877711142e-07	0.1049306745000013	0.0700571028000015	0.0202547126000002	1
-0.0363622562660452	0.4051407163801415	4.167017963187099e-16	0.1090726002049915	0.0038039500000004	0.0021660100000011	4.691599320245601e-06	1.4470035601438132e-05	-0.0285607999999999	-0.0524786000000006	0.0027540034579595	0.0008157192966395	-0.0120312000000006	-0.0558137000000019	0.0031151691076904	0.0001447497734387	0.0008359330000003	0.0004158959999988	1.7296948082438073e-07	6.987839788856369e-07	-0.0003511070000012	-0.000250000000001	6.250000121470632e-08	1.232761243987522e-07	0.000227526	-0.0001189120000005	1.4140063384459273e-08	5.1768079550051344e-08	0.1037632273000014	0.0659080783000012	0.0126979347000002	1
-0.0342119640297155	0.2781191854183926	3.1958039549911923e-16	0.0575851964583436	-0.000655272000001	-0.0044592220000015	1.988466084412692e-05	4.2938139314798075e-07	-0.023192000000002	0.0053687999999995	2.8824013437409643e-05	0.0005378688639992	0.0669725000000003	0.0790037000000028	0.0062415846136913	0.0044853157562479	0.0005859329999999	-0.0002500000000013	6.249999958442836e-08	3.4331748021859024e-07	-0.0004559930000019	-0.0001048860000006	1.1001072843920644e-08	2.079296159419448e-07	0.0004244460000015	0.0001969200000003	3.877748609060651e-08	1.8015440701394042e-07	0.1025470733000019	0.0616353184000013	0.0050875295000004	1
-0.02324518852837	0.1201984959832529	4.25317907167419e-17	0.0188980075903819	0.0053463900000004	0.0060016620000012	3.601994676272715e-05	2.858388603052281e-05	0.0150526000000005	0.0382446000000014	0.001462649429159	0.0002265807667601	0.0786109000000004	0.0116383999999987	0.0001354523545586	0.0061796735988078	-3.799830000102056e-05	-0.0006239313000003	3.892902658163249e-07	1.443872540520085e-09	-0.0005434470000027	-8.745399999978594e-05	7.648201973974436e-09	2.953346437567458e-07	0.0006410760000019	0.0002166300000002	4.6928556777890535e-08	4.109784383413106e-07	0.1012827833000027	0.0572468445000014	-0.0025443618999994	1
-0.016374424297276	0.023008904512671	-8.165963004430224e-17	-0.0048573964656412	-0.0047776500000006	-0.0101240400000004	0.0001024961859205	2.282593952167892e-05	-0.057224200000001	-0.0722768000000007	0.0052239358182403	0.0032746090656425	-0.0090874300000007	-0.0876983300000022	0.0076909970847918	8.258138400407359e-05	0.0010573299999999	0.0010953282999995	1.1997440822296632e-06	1.1179467276447593e-06	-0.0003474610000025	0.0001959860000012	3.8410511434647074e-08	1.2072914598146498e-07	0.0001447510000019	-0.0004963250000018	2.463385086288532e-07	2.0952851484683073e-08	0.0999709507000019	0.0527508957000009	-0.0101655076999999	1
0.0326920685284045	-0.0224409827059752	-5.092765787028589e-16	0.0175148612530514	0.0114348000000009	0.016212450000002	0.0002628435350049	0.0001307546510394	0.0164672999999994	0.073691500000001	0.005430437172251	0.0002711719692891	0.0856923000000002	0.0947797300000017	0.0089831972188746	0.0073431702792878	0.0002304689999992	-0.0008268610000004	6.836991132660973e-07	5.3115960375688266e-08	-9.746139999956008e-05	0.0002499996000022	6.249980056183796e-08	9.498722826707421e-09	0.0001630149999992	1.8263999999604303e-05	3.335721313712371e-10	2.657388947009507e-08	0.0986121913000019	0.0481559126000013	-0.0177437213999999	1
0.2779529419211272	-0.0367458846086076	-4.465406284390775e-16	0.091696424545684	0.0114487000000018	1.3899999999438049e-05	1.9320991660384443e-10	0.0001310727316901	0.0173820000000017	0.0009146999999997	8.366760886284964e-07	0.0003021339240001	0.0803123000000004	-0.0053800000000006	2.8944399998339423e-05	0.0064500655312887	-0.0001745360000008	-0.0004050049999984	1.6402904946494685e-07	3.04628176263256e-08	-9.746139999948606e-05	4.3416825457823713e-16	-2.0163764609077423e-16	9.49872399687723e-09	0.0005510659999991	0.0003880510000019	1.5058357905955862e-07	3.036737353501869e-07	0.0972071430000026	0.0434705218000013	-0.0252469978000003	1
0.4059146458106978	-0.0333446658871337	3.038671819375579e-16	0.0949016165718727	0.0114528000000012	4.100000000262184e-06	1.6809602611122527e-11	0.0001311666278401	-0.0525172000000019	-0.0698992000000013	0.004885898160641	0.0027580562958414	0.0534946999999999	-0.0268176	0.0007191836697587	0.002861682928089	0.0003198029999993	0.0004943389999999	2.443710461821653e-07	1.0227396016136338e-07	-9.74613999987555e-05	3.4338159535576683e-16	1.0742281415164412e-17	9.498724293497493e-09	0.0004477160000003	-0.0001033500000003	1.0681222416558698e-08	2.004496142782386e-07	0.0957564653000021	0.0387035196000012	-0.0326436482000007	1
0.2721225141477036	-0.0242399597009411	3.956881774434319e-16	0.0498042408116431	0.0114505000000012	-2.300000000764456e-06	5.289824255840496e-12	0.0001311139502503	0.0201773999999996	0.0726946000000023	0.0052845048691617	0.0004071274707591	0.1030920000000005	0.0495972999999999	0.002459892167289	0.0106279604639983	0.0002281089999989	-9.169399999843664e-05	8.407788231785952e-09	5.2033717609092115e-08	-0.000128676999999	-3.1215600000670104e-05	9.74413220831047e-10	1.6557770272776966e-08	0.0005510659999995	0.0001033500000001	1.0681221759275625e-08	3.036737351208388e-07	0.094260839100002	0.0338638556000012	-0.0399024342000006	1
0.1156012200317643	-0.013074653716156	4.8419294445080286e-17	0.0170032862828329	0.0114521000000017	1.599999999853196e-06	2.56003930688538e-12	0.0001311505944105	0.0064817100000014	-0.0136956900000007	0.0001875719245745	4.2012564523335e-05	0.0933398000000004	-0.0097522000000007	9.51054048390548e-05	0.0087123182640388	0.0002840059999991	5.589700000205969e-05	3.1244728046500323e-09	8.065940860019818e-08	-0.0001072049999993	2.14719999999633e-05	4.610465878127833e-10	1.1492911409477512e-08	0.0005510659999996	1.314326870994549e-16	-8.682641088655586e-16	3.0367373540356505e-07	0.0927209666000024	0.0289606158000009	-0.0469926998000004	1
0.0205641695006374	-0.0096901049446211	-1.0242263060306131e-16	-0.0046722738071198	0.0114748000000017	2.2700000000154397e-05	5.15289733431435e-10	0.0001316710350406	-0.0380922000000007	-0.0445739100000008	0.0019868334526873	0.0014510157008402	0.0675412999999999	-0.0257985000000003	0.0006655626022494	0.0045618272056886	0.0007394579999998	0.0004554520000005	2.0743652326803357e-07	5.467981332436393e-07	-0.000258979	-0.0001517740000011	2.3035346904995907e-08	6.707012151198923e-08	0.0005510660000009	3.2123379678600136e-16	4.0601462926781034e-16	3.036737358443384e-07	0.0911375704000021	0.0240030054000007	-0.0538845004000005	1
-0.0234741118800267	0.0425929000561227	-5.507514240280759e-16	0.0272503006625807	0.0114780000000015	3.199999999203518e-06	1.0240092662100746e-11	0.0001317444839996	0.0018722699999998	0.0399644700000013	0.0015971588623806	3.5053949518006832e-06	0.092581	0.0250396999999999	0.0006269865760884	0.008571241560998	0.0003160019999993	-0.0004234559999998	1.7931498322496415e-07	9.98572648081926e-08	-0.0002017960000007	5.718300000074735e-05	3.269894240270889e-09	4.0721625341563834e-08	0.0008010660000028	0.0002500000000001	6.250000132462212e-08	6.417067379390236e-07	0.0895113939000018	0.0190003319000007	-0.0605487298000006	1
-0.0368769992234615	0.2902089872965245	-5.459230167458978e-16	0.1216763168162904	0.0114961000000013	1.8099999999473023e-05	3.276107876970081e-10	0.0001321603152093	0.0137493000000015	0.0118770300000004	0.0001410638416197	0.0001890432504898	0.0709435999999996	-0.0216374000000016	0.0004681770787586	0.0050329943809579	-0.0004156200000023	-0.0007316220000005	5.352707502665256e-07	1.7273998764874865e-07	-0.0005131060000033	-0.0003113100000009	9.691391764827704e-08	2.632777682680035e-07	0.0005510660000017	-0.0002500000000032	6.249999964305327e-08	3.036737360574092e-07	0.0878432003000012	0.0139619873000007	-0.0669572430000011	1
-0.0330057260281342	0.4050560228118787	1.5452454612631952e-16	0.1245295715465808	0.0237937000000029	0.0122976000000021	0.0001512309657614	0.0005661401596947	-0.0673524000000022	-0.0811017000000015	0.0065774857428918	0.0045363457857634	0.0526953999999993	-0.0182481999999991	0.0003329968032381	0.0027768051811583	0.0007026399999994	0.0011182600000014	1.250505428674682e-06	4.93702969679227e-07	-0.0004517770000021	6.132900000259986e-05	3.761244625498236e-09	2.041024557124517e-07	0.000653831	0.0001027650000003	1.0560646803887604e-08	4.274949759692264e-07	0.0861337729000008	0.0088974305000003	-0.0730829748000011	1
-0.0238985602982486	0.2656161082514298	6.067536171759207e-16	0.066237096484254	0.0114580000000023	-0.0123357000000019	0.0001521694944918	0.0001312857640001	-0.0252718000000011	0.0420806000000044	0.0017707768963592	0.0006386638752393	-0.0257222000000021	-0.0784176000000038	0.0061493199897623	0.0006616315728385	0.0030282900000031	0.0023256500000031	5.408647929257829e-06	9.170540322809338e-06	-2.59584000007264e-05	0.0004258186000021	1.8132148084980646e-07	6.738378195732702e-10	0.0005510660000011	-0.0001027650000001	1.05606440115505e-08	3.0367373560345254e-07	0.0843839138999997	0.0038161696000001	-0.0789000542000017	1
-0.0125692920788415	0.1108728782058569	1.1649152475423587e-16	0.0225649589186247	0.011458200000001	1.9999999896844407e-07	3.972061254392737e-14	0.00013129034724	0.0251127000000017	0.0503845000000008	0.0025385978402502	0.0006306477012892	0.0342424999999982	0.0599647000000019	0.0035957652460899	0.0011725488062483	0.0020576500000039	-0.0009706400000027	9.421420096954892e-07	4.233923520195066e-06	-8.720530019124324e-07	2.5086347000232988e-05	6.293234874430752e-10	7.611907017521976e-13	0.000864384000003	0.0003133180000001	9.816816930398093e-08	7.471596993167474e-07	0.0825944446999997	-0.0012722555999999	-0.084383913900002	1
-0.00986348262586	0.0180101037064948	-1.4386023389271247e-16	-0.0038137456503188	0.017304800000002	0.0058465999999997	3.418273155889228e-05	0.0002994561030427	0.0406869000000034	0.015574199999998	0.0002425557056377	0.0016554238316114	0.1055659999999992	0.0713235000000023	0.0050870416522509	0.0111441803559987	0.0005211260000005	-0.0015365240000012	2.360906006572151e-06	2.715723078606139e-07	0.0002162650000011	0.0002171370530005	4.714849962376125e-08	4.677055236403208e-08	0.0006049650000004	-0.0002594190000028	6.729821620847642e-08	3.659826484383566e-07	0.080766205400001	-0.0063582923999998	-0.0895113939000015	1
0.0488851705246671	-0.0244591641112451	-2.743400359614921e-16	0.0192479647691125	0.0113596000000018	-0.0059452000000004	3.534540303970568e-05	0.0001290405121602	-0.0532507999999998	-0.0939377000000021	0.0088242914812932	0.0028356477006403	0.0103939999999983	-0.0951720000000019	0.0090577095840032	0.0001080352359996	0.0014443200000001	0.0009231939999992	8.522871608641366e-07	2.086060261273984e-06	3.2756200001113066e-05	-0.0001835088000019	3.3675479356245586e-08	1.072968799062744e-09	0.0005497230000017	-5.5241999999179785e-05	3.051678264567416e-09	3.021953760540708e-07	0.0789000542000004	-0.0114323921000001	-0.0942608391000017	1
0.3002254373251066	-0.0369871434531636	-8.742289646210765e-18	0.0813313866052286	0.0113857999999999	2.6199999998477838e-05	6.864389035481121e-10	0.0001296364416402	0.0172232999999993	0.0704741000000008	0.0049665987708111	0.0002966420628883	0.1165339999999995	0.1061400000000027	0.0112656996000028	0.0135801731559988	0.0011501699999998	-0.0002941499999998	8.652422186186794e-08	1.322891029057145e-06	4.307260000091467e-05	1.0316399999623104e-05	1.0642724149044974e-10	1.8552496454615094e-09	0.0009683410000037	0.0004186180000005	1.75241032066931e-07	9.376842949394066e-07	0.0769968669000004	-0.0164850286999998	-0.098612191300002	1
0.4029031765000659	-0.0326589689539889	6.688263171906776e-16	0.0773216417419461	0.0113688000000002	-1.6999999999865928e-05	2.889997797601549e-10	0.0001292496134399	0.0305552000000022	0.0133319000000001	0.0001777395576086	0.000933620247041	0.1170009999999998	0.0004669999999991	2.180889989698313e-07	0.0136892340009994	0.0005832749999993	-0.0005668949999996	3.2136993914082824e-07	3.402097256117648e-07	0.0001161210000013	7.304839999990432e-05	5.336068538613018e-09	1.3484088080746544e-08	0.0005545929999994	-0.0004137480000031	1.7118740851276218e-07	3.0757339273507204e-07	0.075057537000001	-0.0215067162999998	-0.102547073300002	1
0.2587263865468818	-0.0235550903459763	5.548497332723407e-16	0.0383153611995037	0.0114141000000004	4.530000000066831e-05	2.052090025052566e-09	0.0001302816788099	-0.0413271000000005	-0.0718823000000018	0.0051670650532914	0.0017079291944095	0.0768251999999992	-0.0401758000000003	0.0016140949056398	0.0059021113550394	0.0012930599999996	0.0007097850000002	5.037947463672361e-07	1.6720041623910058e-06	-3.6373199998901337e-05	-0.000152494200001	2.3254481594451764e-08	1.3230098466868775e-09	0.0005545929999995	9.98310997254145e-16	-4.0837931681320756e-16	3.0757339507885816e-07	0.0730829748000007	-0.0264880274000001	-0.1060488668000019	1
0.1060706517150418	-0.0120764103521724	1.8200551873569126e-16	0.0119795092005318	0.0114122000000002	-1.9000000007671016e-06	3.609565493827045e-12	0.0001302383088399	0.0262824000000006	0.0676095000000014	0.0045710444902513	0.0006907645497595	0.1372769999999998	0.060451800000001	0.0036544201232399	0.0188449747289989	0.0009907849999995	-0.0003022749999989	9.13701743695217e-08	9.816549160166226e-07	3.1884200000904925e-05	6.825739999993651e-05	4.659072165569745e-09	1.0166030874560355e-09	0.000554592999999	-1.710075160263509e-16	-1.1953667921166942e-15	3.075733947999872e-07	0.0710741071000009	-0.0314196099000001	-0.1091027827000018	1
0.0155768581796681	-0.0099878094173416	-8.956781660287462e-17	-0.0056056749544386	0.0113828000000006	-2.9399999999827032e-05	8.643598084963702e-10	0.0001295681358395	-0.0180344999999993	-0.0443169000000017	0.0019639876256098	0.0003252431902484	0.1173299999999997	-0.0199470000000001	0.0003978828089994	0.0137663288999993	0.0007861939999988	-0.0002045910000002	4.185747689382028e-08	6.181010051919843e-07	0.000281884000003	0.0002499998000011	6.249990029154104e-08	7.94585921750035e-08	0.0005545929999994	7.760862229870817e-16	-8.496803172499711e-16	3.075733956407788e-07	0.0690318770000013	-0.0362922055000003	-0.1116959233000017	1
-0.0254524326310425	0.0556284692124212	-4.951836715506456e-16	0.0339028392863251	0.0114212000000005	3.8400000000449054e-05	1.4745592382325887e-09	0.0001304438094403	-0.0577300000000019	-0.0396954999999997	0.0015757327202487	0.0033327529000032	0.0741168999999992	-0.0432131000000005	0.00186737201161	0.0054933148656086	0.0016468500000004	0.0008606559999999	7.40728750626141e-07	2.712114921645464e-06	-0.0001198259999985	-0.0004017100000032	1.6137092606614037e-07	1.4358269188745968e-08	0.000554593000001	2.9507191703091637e-16	1.0377752973448343e-15	3.075733951518736e-07	0.0669572430000006	-0.0410966661000006	-0.113817336900002	1
-0.0369292575976925	0.3099783584472741	-3.937366901719931e-16	0.1222812743579556	0.0114386999999997	1.7499999998510867e-05	3.0625011283503264e-10	0.0001308438576892	0.0200722999999998	0.0778023000000017	0.0060531978852924	0.0004028972272888	0.1488269999999998	0.0747101000000013	0.0055815990420097	0.0221494759289983	0.0011315599999997	-0.0005152900000005	2.6552378439251165e-07	1.2804280331533185e-06	-0.0001781970000008	-5.837099999968044e-05	3.4071727276979116e-09	3.17541709395713e-08	0.0005545939999998	9.999987872476112e-10	-8.707312377194252e-16	3.075745052497334e-07	0.0648511791000003	-0.0458239721000005	-0.1154580643000021	1
-0.0326788653912818	0.4003544221793019	2.8712140966199806e-16	0.1157023612352541	0.0114055999999996	-3.3100000000230533e-05	1.0956104298329411e-09	0.0001300877113587	-0.0095247799999996	-0.0295970800000013	0.0008759871445256	9.072143404694989e-05	0.1514030000000002	0.0025760000000002	6.635775998806039e-06	0.0229228684089993	0.0006737719999984	-0.0004577880000009	2.0956985365399354e-07	4.539687077288148e-07	1.2519600001239524e-05	0.0001907166000016	3.637282212471067e-08	1.5674040345065474e-10	0.000636679999999	8.208600000033399e-05	6.738111032582353e-09	4.0536142338189116e-07	0.0627146737000008	-0.0504652484000007	-0.1166111760000017	1
-0.0222703661321785	0.2518565887080408	3.396762014748861e-16	0.0597619074476901	0.0057819299999987	-0.0056236700000004	3.16256642692024e-05	3.343071452316838e-05	-0.0520356000000021	-0.0425108200000001	0.0018071698170715	0.0027077036673621	0.1243299999999999	-0.0270730000000002	0.0007329473289996	0.0154579488999989	0.001346979999999	0.0006732079999994	4.53209011397796e-07	1.8143551194460783e-06	-0.0004115410000006	-0.0004240606000031	1.7982739563693645e-07	1.6936599454920082e-07	0.0005545940000001	-8.208600000005521e-05	6.7381119042478725e-09	3.075745055895337e-07	0.0605487298000007	-0.0550117815000008	-0.1172718021000017	1
-0.0138317537911557	0.1013711669177737	1.2871211747125015e-16	0.018083042115781	0.0114680999999993	0.0056861700000009	3.2332529268809106e-05	0.0001315173176097	-0.0198080000000021	0.032227600000001	0.0010386182017589	0.0003923568639991	0.1687760000000003	0.0444460000000009	0.0019754469159998	0.0284853381759993	0.001240279999999	-0.0001067000000004	1.1384889319941998e-08	1.538294477535961e-06	-0.0004115410000014	4.63308209610958e-16	-1.317724420514327e-16	1.693659944300611e-07	0.0005545940000002	-3.3066946873401847e-16	6.16672162020203e-16	3.075745056800058e-07	0.0583543642000011	-0.0594550357000007	-0.1174371526000015	1
-0.0051295941031432	0.0131887634668047	-5.755438600741341e-17	-0.0022803798210228	0.0114216000000001	-4.64999999995872e-05	2.162249027429912e-09	0.0001304529465594	-0.0281503000000012	-0.0083422999999996	6.959396928842868e-05	0.0007924393900898	0.1492030000000001	-0.0195730000000008	0.0003831023289998	0.0222615352089994	0.0010064399999987	-0.0002338400000011	5.4681144353491715e-08	1.012921473345201e-06	8.621490001283885e-06	0.0004201624900024	1.765365211205066e-07	7.432973809418792e-11	0.0007015540000006	0.000146960000001	2.1597242764876633e-08	4.921780159868843e-07	0.0561326067000012	-0.0637866692000008	-0.1171065292000014	1
-0.0064472323995164	-0.0263305424020229	-1.293707825127763e-16	-0.0131865792101071	0.0069380299999995	-0.0044835700000002	2.010239994470579e-05	4.813626027997995e-05	-0.0347164000000013	-0.006566099999999	4.311366920833755e-05	0.0012052284289606	0.1201909999999996	-0.0290120000000006	0.0008416961439998	0.0144458764809991	0.0020311800000002	0.0010247400000015	1.050092067958602e-06	4.125692191313104e-06	8.62149000160739e-06	-7.472056775815083e-16	-1.520254937248167e-15	7.43305836596772e-11	0.0005545940000004	-0.00014696	2.159724205055425e-08	3.0757450526303097e-07	0.0538845004000008	-0.067998550000001	-0.1162813282000017	1
0.0657931944030758	-0.0370183442594839	-5.296738947456695e-16	0.0282415778911671	0.0114248999999996	0.0044868700000001	2.0132002396662323e-05	0.0001305283400094	0.0274376000000009	0.0621540000000009	0.0038631197160011	0.00075282189376	0.175616	0.0554250000000008	0.0030719306249995	0.0308409794559997	0.0011081699999996	-0.0009230100000006	8.519474618733654e-07	1.2280407485593185e-06	8.621490000793234e-06	-3.9361361345064045e-17	-6.019629530858299e-16	7.433124638867132e-11	0.0005545939999995	-6.908639220836814e-16	-1.135569416687077e-15	3.0757450435761257e-07	0.051611100500001	-0.0720827705000011	-0.1149650346000018	1
0.3217055059940136	-0.032233441990648	-2.087804215995581e-16	0.1010722386816595	0.0114329999999998	8.100000000155565e-06	6.561020729155796e-11	0.0001307134889998	0.0077409100000016	-0.0196966900000008	0.0003879595969551	5.99216876275126e-05	0.1463009999999997	-0.029315000000001	0.0008593692249992	0.021403982601	0.0013388099999995	0.0002306400000018	5.3194808652062406e-08	1.7924122148251348e-06	-5.386939999961895e-05	-6.249088999983032e-05	3.905111424627655e-09	2.901912349264856e-09	0.0005545939999984	1.7946323392193388e-16	-1.03426602838564e-15	3.075745044815746e-07	0.0493134741000008	-0.076031663300001	-0.1131632076000021	1
0.3971007691112482	-0.0221361385867046	4.44015650530936e-16	0.0912438479938612	0.0043995899999981	-0.0070334100000007	4.946885622875319e-05	1.9356392166058547e-05	-0.0327953000000011	-0.0405362100000007	0.0016431843211639	0.0010755317020896	0.1276989999999994	-0.0186019999999996	0.0003460344039989	0.016307034601	0.0021991100000008	0.0008603000000008	7.401160905543047e-07	4.836084790882315e-06	8.621490000577923e-06	6.249089000072966e-05	3.905111122866603e-09	7.433113085950066e-11	0.0005545939999993	6.087141232968639e-16	-1.3344056707713104e-15	3.075745045695509e-07	0.0469926998000003	-0.0798378145000011	-0.1108834569000022	1
0.2443066239793299	-0.0128443721021769	4.033651997473825e-16	0.045940651035519	0.0083846999999984	0.0039851100000008	1.5881101711845678e-05	7.030319408885407e-05	0.0144466999999999	0.047242000000001	0.0022318065639999	0.0002087071408893	0.1733179999999998	0.0456190000000006	0.0020810931609996	0.0300391291240001	0.0018665100000004	-0.0003326000000003	1.1062275940498672e-07	3.4838595793978736e-06	9.930530000189113e-05	9.068381000023937e-05	8.22355345205269e-09	9.861544085674235e-09	0.0006343149999995	7.972100000017069e-05	6.355436934941192e-09	4.023555186907577e-07	0.0446498669000005	-0.0834940785000013	-0.1081354106000018	1
0.0952638053526127	-0.0065213189616274	1.2744801971548607e-16	0.0132275075403175	0.0114516999999998	0.0030670000000012	9.406488999813037e-06	0.0001311414328902	-0.0206670999999999	-0.0351138000000008	0.0012329789504392	0.0004271290224092	0.1417359999999997	-0.0315820000000007	0.0009974227240001	0.020089093696	0.0018964900000004	2.9979999999007167e-05	8.987995373308902e-10	3.5966743187465105e-06	-7.040789999869989e-05	-0.0001697132000016	2.880257072532192e-08	4.957271828220078e-09	0.0005545939999992	-7.972099999979089e-05	6.355437714186138e-09	3.075745044705145e-07	0.0422860752000006	-0.0869935912000014	-0.1049306745000016	1
0.0122551217366522	-0.0029688435463997	-9.33928887777991e-17	-0.0025673831257986	0.006186549999999	-0.0052651500000005	2.772180452231101e-05	3.827340090132904e-05	-0.0392965000000015	-0.0186293999999995	0.0003470545443585	0.0015442149122507	0.1252639999999994	-0.0164719999999997	0.0002713267839995	0.0156910696959993	0.0025688900000017	0.0006723999999997	4.521217592072333e-07	6.599195831723546e-06	-7.040789999964865e-05	-3.2170108325541856e-16	-8.740097034847698e-16	4.9572725302686894e-09	0.0005545939999999	7.623597689801008e-16	-6.912358051500155e-16	3.075745047311467e-07	0.0399024342000003	-0.0903297824000015	-0.1012827833000017	1
-0.0309108487463163	-0.0012220254995427	-1.6989438346306702e-16	-0.0105692384637377	0.0114516999999996	0.005265150000001	2.7721804522373076e-05	0.0001311414328896	-0.0038501500000005	0.035446350000001	0.0012564437283221	1.482365502133845e-05	0.1471289999999995	0.0218650000000002	0.0004780782249994	0.0216469426409994	0.0016785400000004	-0.0008903500000026	7.927231242400231e-07	2.8174965300878505e-06	-7.040789999964506e-05	-2.933981788492574e-16	-7.82767916201747e-16	4.957272431514278e-09	0.0005545939999999	-2.1997900168927272e-16	-5.551080758067353e-18	3.075745047705479e-07	0.0375000629000002	-0.0934963890000014	-0.0972071430000014	1
0.0388587110425693	-0.0004896903314552	-4.2147072756187287e-16	0.0278364292281172	0.0114517000000001	2.097480617321897e-16	-1.6771667082026987e-16	0.0001311414328901	-0.0236422000000002	-0.0197920500000002	0.0003917252432014	0.0005589536208394	0.1223329999999991	-0.0247960000000003	0.0006148416159995	0.0149653628889996	0.0021203400000008	0.0004418000000004	1.9518723909158198e-07	4.495841714523107e-06	-7.040789999992217e-05	3.361284289579189e-16	-6.831837778580034e-16	4.9572720887485214e-09	0.0005545939999995	4.81390594694834e-16	-3.77724205999816e-16	3.075745047953464e-07	0.0350800889000001	-0.0964874658000015	-0.0927209666000016	1
0.3006942650250661	-7.50983890811797e-05	1.498076736699464e-16	0.0847321537898926	0.0140158999999997	0.0025641999999997	6.575121639758967e-06	0.0001964454528105	0.0202284000000003	0.0438706000000004	0.0019246295443598	0.0004091881665593	0.1767209999999997	0.0543880000000011	0.0029580545439997	0.0312303118410002	0.0018603900000006	-0.0002599499999995	6.757400213609547e-08	3.461050951714469e-06	-0.000119555	-4.914710000018561e-05	2.4154372492090197e-09	1.4293397754874664e-08	0.0009486260000008	0.0003940320000012	1.5526121886787226e-07	8.998912898478192e-07	0.0326436482000003	-0.0992973975000014	-0.0878432003000016	1
0.37161382349728	-0.0001052342835478	8.111228113527966e-16	0.0721679875474628	0.0174979000000006	0.0034820000000009	1.212432399981386e-05	0.0003061765044123	0.0066723100000007	-0.0135560900000007	0.0001837675760868	4.4519720734847656e-05	0.1683029999999999	-0.0084180000000005	7.086272399975097e-05	0.0283258998090008	0.001142109999999	-0.0007182800000015	5.159261591718067e-07	1.3044152514941005e-06	-0.0002471060000003	-0.0001275510000012	1.62692580580866e-08	6.106137464306634e-08	0.0009549850000011	6.358999999045574e-06	4.04375422432482e-11	9.119963515923266e-07	0.0301918844000004	-0.1019209087000014	-0.0825944447000014	1
0.2235989027957628	0.0003005791662249	5.228952801945055e-16	0.0353097596513113	0.0114612999999999	-0.0060366000000005	3.644053956005186e-05	0.0001313613976899	-0.0586895000000022	-0.0653618100000009	0.0042721662064768	0.0034444574102521	0.1390169999999998	-0.0292859999999995	0.0008576697959997	0.0193257262890003	0.0021950000000004	0.0010528900000002	1.1085773525293762e-06	4.818025000042549e-06	-0.0002383520000004	8.7539999999814e-06	7.663219716607734e-11	5.681167607458174e-08	0.0006651160000003	-0.000289869000001	8.402403812293557e-08	4.4237929277856266e-07	0.0277259485000003	-0.1043530741000017	-0.0769968669000012	1
0.084472112725169	-0.0007856863454396	1.6051169837042132e-16	0.0092707583029073	0.0114707999999996	9.499999999345547e-06	9.024973163525379e-11	0.0001315792526396	0.0325944000000002	0.0912839000000024	0.0083327503992139	0.0010623949113594	0.200585	0.0615680000000005	0.0037906186239999	0.0402343422250003	0.0014706299999994	-0.0007243700000007	5.247118973591355e-07	2.162752597107236e-06	-0.000400197000002	-0.0001618450000011	2.619380459967985e-08	1.6015764032353293e-07	0.0006651159999994	-4.2131784289856833e-16	-1.209039945797633e-15	4.423792935185642e-07	0.0252469978000006	-0.1065893274000017	-0.0710741071000008	1
0.0050541710867469	0.0018944705953559	-1.9667347644227394e-16	-0.0021875274533533	0.0114858000000001	1.4999999999989131e-05	2.2499990217486232e-10	0.0001319236016397	0.032479100000003	-0.0001153000000012	1.3294088481270814e-08	0.0010548919368108	0.2005930000000001	7.999999999598686e-06	6.399956737276725e-11	0.0402375516490009	0.0008571879999982	-0.0006134419999985	3.7631108675960425e-07	7.347712674774789e-07	-0.0004721070000031	-7.190999999999174e-05	5.171049142946613e-09	2.228850208573453e-07	0.0006651159999987	5.34076298593205e-17	-1.6183129193793401e-15	4.423792936762896e-07	0.0227561961000012	-0.1086254705000018	-0.0648511791000006	1
-0.0294360440791219	-0.0036505875598396	-3.6187757020070684e-16	-0.0095298295745381	0.0114583	-2.749999999967157e-05	7.562499920729478e-10	0.0001312926388892	-0.0605818000000015	-0.093060900000003	0.0086603311088136	0.0036701544912414	0.1821130000000003	-0.0184799999999985	0.0003415103999987	0.0331651447690008	0.0017931499999994	0.0009359620000013	8.760248668398168e-07	3.215386923090385e-06	-0.0003266080000014	0.0001454990000024	2.1169960001719845e-08	1.0667278682067897e-07	0.0006651159999997	1.3087334851155717e-15	-7.260805896671581e-16	4.423792945043357e-07	0.0202547126000012	-0.1104576805000021	-0.0583543642000003	1
-0.0375016049234335	0.0852446925690004	-6.897168082436693e-16	0.050438916016536	0.0183011000000011	0.0068428000000005	4.6823911840279216e-05	0.0003349302612122	0.007430129999999	0.0680119300000021	0.0046256226223268	5.5206831815468176e-05	0.2144530000000007	0.0323399999999996	0.0010458755999988	0.0459900892090004	0.0014809099999994	-0.0003122399999996	9.749381774311397e-08	2.1930944281771835e-06	-0.0002432649999997	8.334300000091647e-05	6.946054424432476e-09	5.91778586581295e-08	0.0006651159999996	-6.775302952126267e-16	8.811115977117091e-16	4.423792936622806e-07	0.0177437214000011	-0.1120825179000018	-0.0516111005000001	1
-0.0315123478166521	0.3423910144707718	-5.207533288079336e-16	0.1405993679938513	0.0182513000000014	-4.980000000081492e-05	2.48003998185819e-09	0.0003331099516921	0.012435200000001	0.0050050699999998	2.505072570384712e-05	0.0001546341990393	0.2073440000000006	-0.0071090000000008	5.053788099890141e-05	0.0429915343360005	0.0009813629999986	-0.0004995469999995	2.49547206239972e-07	9.630733380046275e-07	-0.0002414579999998	1.807000000281808e-06	3.264217678868852e-12	5.8301964156331475e-08	0.0008043929999991	0.000139277	1.9398083490567323e-08	6.470480997604054e-07	0.0152244013000009	-0.1134969320000019	-0.0446498669000003	1
-0.0211907991193896	0.3885799850573927	1.3259356258815866e-16	0.1207503291818613	0.0114216999999999	-0.0068296000000012	4.664343616096146e-05	0.0001304552308891	-0.0493158000000019	-0.0617510000000011	0.0038131860010007	0.0024320481296408	0.1814170000000005	-0.0259269999999999	0.0006722093289992	0.0329121278890003	0.0017822099999991	0.0008008470000002	6.413559185144374e-07	3.1762724840469075e-06	-0.0002414569999993	1.0000001127435248e-09	-7.452021882946581e-16	5.8301482155555895e-08	0.0006651159999992	-0.0001392770000003	1.939808315409386e-08	4.423792940934417e-07	0.0126979347000005	-0.1146982674000022	-0.0375000629000002	1
-0.0121405798206307	0.2285443874437359	2.1349727728104524e-16	0.059852387027698	0.0114116999999994	-1.0000000000550987e-05	9.999964222006415e-11	0.00013022689689	-0.0003392090000016	0.0489765910000012	0.0023987064659811	1.1506274400165849e-07	0.2356380000000009	0.0542210000000007	0.0029399168410002	0.055525267044001	0.0018057199999991	2.3510000000519973e-05	5.527202442621927e-10	3.2606247187978447e-06	-0.0001995479999984	4.190899999953984e-05	1.756364296133903e-09	3.98194031232135e-08	0.0006651159999994	-2.4305320231791684e-16	1.3154102405720586e-16	4.4237929367154323e-07	0.0101655077000011	-0.1156842689000021	-0.0301918843999997	1
-0.0060902316848329	0.084862155365633	-7.357596122634278e-18	0.0169947183276135	0.0114478000000001	3.610000000029941e-05	1.303209604140088e-09	0.0001310521248399	0.0136153000000008	0.0139545090000003	0.0001947283214295	0.0001853763940896	0.2185080000000007	-0.0171300000000015	0.0002934368999999	0.0477457460640012	0.0011704699999983	-0.0006352500000005	4.035425631883674e-07	1.370000020961293e-06	-0.0002935459999993	-9.399800000162036e-05	8.835624227997422e-09	8.616925370834938e-08	0.0007540079999994	8.889200000062166e-05	7.901787955409883e-09	5.685280649871644e-07	0.0076283090000014	-0.116453085200002	-0.0227561960999995	1
-0.0027619475230987	0.0074245058896659	-7.270636067144927e-17	-0.0035515972739378	0.0030036599999993	-0.0084441400000002	7.13035003392237e-05	9.02197339491044e-06	-0.0146469999999994	-0.0282622999999997	0.0007987576012881	0.0002145346089994	0.1250469999999993	-0.0934610000000037	0.0087349585210046	0.015636752209	0.0025434799999993	0.0013730100000019	1.885156460220148e-06	6.469290510628464e-06	-0.0001078179999992	0.000185728	3.4494889933475935e-08	1.1624721347532114e-08	0.0006709930000005	-8.301499999892449e-05	6.891489190080497e-09	4.502316076872388e-07	0.0050875295	-0.1170032730000019	-0.0152244013	1
-0.0010883552854798	-0.0327057494991567	-2.800415104948089e-16	-0.0131669616491347	-0.0099111400000033	-0.0129148000000012	0.0001667920590402	9.82306961000956e-05	0.001230480000001	0.0158774800000014	0.0002520943711494	1.514081030065169e-06	0.0821516999999982	-0.0428953000000013	0.0018400067620902	0.0067489018128893	0.0039631900000036	0.0014197100000024	2.0155764834899105e-06	1.5706874979397044e-05	0.0001818519999997	0.0002896700000017	8.390870706528988e-08	3.3070150621210786e-08	-0.0002680030000047	-0.0009389960000033	8.817134945242121e-07	7.182561031015465e-08	0.0025443618999989	-0.1173337994000023	-0.0076283090000007	1
-0.0005450886889856	0.0580966444011862	-7.519529299349006e-16	0.0445149464025329	-0.0002947060000029	0.0096164340000023	9.24758028770425e-05	8.685162431746926e-08	0.0012906800000008	6.019999999932741e-05	3.6240390359816886e-09	1.6658548619553202e-06	0.1027819999999984	0.0206303000000015	0.000425609278089	0.0105641395239995	0.0032251000000037	-0.000738090000003	5.447768496613904e-07	1.0401270010354986e-05	-4.9900600000744326e-05	-0.0002317526000002	5.3709268727478986e-08	2.4900693248391717e-09	0.0004016579999979	0.0006696610000045	4.4844585772214427e-07	1.6132914871458075e-07	-1.3003295636037444e-15	-0.1174440439000023	-5.906464750358175e-16	1
0.0002194067236107	0.3206316703342936	-2.8410937183402874e-16	0.1205738558698983	0.0110059999999989	0.0113007060000012	0.000127705956099	0.0001211320359993	0.0517086000000024	0.0504179199999995	0.0025419666571255	0.0026737793139637	0.1938849999999997	0.0911030000000026	0.008299756609002	0.0375913932250003	0.0024970100000019	-0.0007280899999998	5.301150473140131e-07	6.235058941175084e-06	2.498270008705543e-07	5.015042700065016e-05	2.5150655168687433e-09	6.235281264905474e-14	0.0008460769999994	0.0004444190000014	1.9750824773446525e-07	7.158462893602287e-07	-0.0025443619000003	-0.1173337994000024	0.0076283089999999	1
-0.0008315100676847	0.3629226982364917	4.740914215519134e-16	0.098833872905247	0.014670000000001	0.0036640000000011	1.3424896000463066e-05	0.0002152089000019	0.004201900000002	-0.0475067000000012	0.0022568865448897	1.7655963608681478e-05	0.1369429999999993	-0.0569420000000018	0.0032423913640011	0.0187533852490001	0.0026876900000015	0.000190679999999	3.635886038120139e-08	7.223677536298281e-06	-0.0002993470000001	-0.0002995968270022	8.975826067812186e-08	8.96086252104191e-08	0.0008460769999994	2.418273346212593e-16	-1.1168690596029832e-15	7.158462903748512e-07	-0.0050875295000005	-0.1170032730000021	0.0152244013000003	1
0.0020568191146171	0.2086705154358795	2.424827370916285e-16	0.0481724818879047	0.0160386000000012	0.0013685999999996	1.8730659599490225e-06	0.0002572366899627	-0.0148334000000004	-0.0190353000000008	0.0003623426460886	0.0002200297555583	0.1655409999999999	0.0285980000000015	0.0008178456039995	0.027403822681	0.0029759400000026	0.0002882499999998	8.308806150142396e-08	8.856218884819129e-06	-0.0003865530000015	-8.720600000030168e-05	7.604886412699207e-09	1.4942322088478394e-07	0.0008460770000002	-3.5377173940128417e-16	-1.1122704553049982e-15	7.158462899127727e-07	-0.0076283090000001	-0.1164530852000022	0.0227561961000005	1
-0.0033674646288623	0.0748391452993456	-7.887334560748432e-17	0.0124659186467917	0.0154811000000014	-0.0005575000000009	3.108062488754596e-07	0.0002396644572117	0.0510427000000024	0.0658761000000012	0.0043396605512109	0.0026053572232928	0.2125450000000003	0.0470040000000005	0.0022093760159998	0.0451753770250007	0.0020112800000015	-0.0009646600000002	9.305689154520324e-07	4.045247239161118e-06	-0.0002264030000008	0.0001601500000004	2.56480224824906e-08	5.1258318775112826e-08	0.000858780999999	1.2703999999320607e-05	1.6139010207937363e-10	7.375048045506433e-07	-0.0101655076999992	-0.1156842689000021	0.0301918844000009	1
0.1023166363337054	0.0003704066931508	-6.43798904931024e-16	0.0550515731203991	0.0090872600000008	-0.0063938400000006	4.0881189945542073e-05	8.257829430754495e-05	-0.0469631000000003	-0.0980058000000024	0.0096051368336442	0.0022055327616096	0.1284009999999998	-0.0841440000000015	0.0070802127360022	0.0164868168010004	0.0023476200000007	0.0003363399999975	1.1312459380536973e-07	5.511319664660495e-06	-0.0002993470000008	-7.29440000002407e-05	5.320826803601559e-09	8.960862636979056e-08	0.0004230589999993	-0.000435722000001	1.8985366230405682e-07	1.7897891631543093e-07	-0.0126979347	-0.114698267400002	0.0375000629000007	1
0.3581754474872476	-0.0310500953556303	-4.150693683796528e-16	0.1178643153271931	0.0145311000000003	0.0054438399999999	2.963539394540173e-05	0.0002111528672113	0.0252901999999994	0.0722533000000014	0.0052205393608919	0.0006395942160394	0.2008180000000003	0.0724170000000013	0.0052442218890002	0.0403278691240007	0.0020877500000005	-0.0002598699999991	6.75324168485932e-08	4.358700063268369e-06	-0.000351656000001	-5.23089999995181e-05	2.736231286306575e-09	1.236619419511642e-07	0.0008703220000001	0.0004472630000014	2.0004419317835962e-07	7.574603842605268e-07	-0.0152244012999999	-0.1134969320000018	0.0446498669000006	1
0.378934675609923	-0.0373693086482458	8.340882224465783e-17	0.0902034258425576	0.0101006000000003	-0.0044305000000007	1.962933024990272e-05	0.0001020221203597	0.0317330000000021	0.0064427999999998	4.150967183873021e-05	0.001006983289001	0.1822640000000002	-0.0185540000000012	0.0003442509159994	0.0332201656960009	0.0015385199999996	-0.0005492299999998	3.016535914418584e-07	2.367043790208699e-06	-0.0001944090000006	0.0001572470000009	2.47266196027773e-08	3.7794859565610234e-08	0.0008159009999995	-5.442100000084579e-05	2.96164420328394e-09	6.656944405122827e-07	-0.0177437213999997	-0.1120825179000018	0.0516111005000008	1
0.2170869438782598	-0.0306427818027254	-5.545350272449252e-18	0.0403867349693347	0.0049890599999995	-0.0051115400000001	2.6127841172087133e-05	2.489071968281264e-05	-0.0328096000000005	-0.0645426000000016	0.0041657472147611	0.0010764698521591	0.1387529999999997	-0.0435110000000004	0.0018932071210002	0.0192523950090003	0.0025491300000003	0.0010106100000011	1.021332572878944e-06	6.498063757261801e-06	-0.0002993470000008	-0.0001049380000003	1.101198418550173e-08	8.96086269983049e-08	0.0006172809999999	-0.0001986199999999	3.9449903256916056e-08	3.810358323911952e-07	-0.0202547126000002	-0.1104576805000019	0.0583543642000009	1
0.0741760217620706	-0.0202302105009956	-2.2703763985940213e-16	0.0084688004113503	0.0103345999999999	0.0053455400000001	2.857479789085116e-05	0.0001068039571601	0.0325340000000004	0.0653436000000006	0.0042697860609606	0.0010584611560001	0.2182840000000003	0.0795310000000015	0.0063251799610017	0.0476479046560009	0.0017612499999994	-0.0007878800000003	6.207548951990702e-07	3.1020015632627856e-06	-0.0002993470000002	-4.3120881016019243e-16	4.3247653978240496e-16	8.960862653944685e-08	0.0007873270000004	0.0001700460000002	2.891564144536468e-08	6.198838045403123e-07	-0.0227561960999996	-0.108625470500002	0.0648511791000016	1
0.1113371514331085	-0.0115658707785805	-6.256101296217653e-16	0.0483057436764538	0.0074805500000004	-0.0028540499999997	8.145601401853489e-06	5.595862830261772e-05	-0.0359888000000005	-0.0685228000000014	0.0046953741198409	0.0012951937254398	0.1444219999999999	-0.0738620000000018	0.0054555950440019	0.0208577140840001	0.0024779100000003	0.0007166599999995	5.136015545597542e-07	6.14003796877788e-06	-0.0002993470000001	1.8635457528767038e-16	-2.7335089110461193e-16	8.96086265143629e-08	0.000585767	-0.00020156	4.0626433112255376e-08	3.431229777078039e-07	-0.0252469977999999	-0.1065893274000018	0.0710741071000014	1
0.3333475904872092	-0.0053804606186885	-1.1553001858885862e-16	0.0990066787408877	0.0110117999999999	0.00353125	1.2469726562175962e-05	0.0001212597392406	0.012463299999999	0.0484521000000011	0.00234760599441	0.000155333846889	0.2003680000000003	0.055946000000001	0.0031299549159998	0.0401473354240005	0.0023439000000007	-0.0001340099999995	1.795867968782001e-08	5.493867210697318e-06	-0.0002993470000001	3.7006625554759756e-16	8.455623979714083e-17	8.960862595464493e-08	0.000774523	0.0001887560000003	3.562882717027038e-08	5.99885876634824e-07	-0.0277259485	-0.1043530741000016	0.0769968669000013	1
0.3388683526620992	-0.0033985728343546	1.844608144683437e-16	0.0725319886291846	-0.0068849300000028	-0.0178967300000029	0.0003202929446963	4.7402261102415416e-05	0.0284182000000013	0.0159549000000003	0.0002545588340089	0.0008075940912405	0.2003940000000004	2.5999999999409657e-05	6.759993215192143e-10	0.0401577552360008	0.0017511999999994	-0.0005927000000004	3.512932892518022e-07	3.0667014382846862e-06	-0.0002993470000014	-1.0122829195544802e-15	-2.0051624471088362e-15	8.960862545075624e-08	0.0007624530000004	-1.2070000000623131e-05	1.456835489092213e-10	5.813345764540365e-07	-0.0301918843999997	-0.1019209087000018	0.0825944447000014	1
0.1792916539820618	0.0010869947224808	4.6240484929694417e-17	0.0313977413780406	0.001953429999998	0.0088383600000031	7.81166074904242e-05	3.81588876334145e-06	-0.0451858000000016	-0.0736040000000018	0.0054175488160014	0.0020417565216409	0.1688820000000003	-0.0315119999999998	0.0009930061439996	0.0285211299240005	0.0029003100000005	0.0011491100000009	1.3204537934069732e-06	8.411798097926549e-06	-0.0002993469999997	1.2020599958575997e-15	7.139359458087287e-16	8.960862732446725e-08	0.0006939510000007	-6.850199999946607e-05	4.692522651231314e-09	4.815679900575214e-07	-0.0326436481999999	-0.0992973975000019	0.0878432003000017	1
0.0539873939121806	-0.0030867873574057	-1.0709207748844123e-16	0.005737418722101	0.0053888399999991	0.0034354100000003	1.1802041867183604e-05	2.903959654513356e-05	0.0103848999999988	0.0555707000000011	0.0030881026984901	0.0001078461480088	0.2322540000000008	0.063372000000001	0.0040160103840007	0.0539419205160008	0.0024383400000005	-0.0004619700000008	2.134162809334833e-07	5.945501956766126e-06	-0.0002073549999986	9.199199999992966e-05	8.462528291428388e-09	4.2996095683897985e-08	0.0007492420000009	5.529099999986866e-05	3.0570939921831997e-09	5.61363573757569e-07	-0.0350800888999993	-0.0964874658000018	0.0927209666000022	1
-0.0115707322471103	0.1177379096750236	-1.7245850222347414e-15	0.0646803390922604	0.0049098299999999	-0.0004790099999994	2.2945057929414973e-07	2.4106430628596647e-05	-0.0214316000000005	-0.0318165	0.0010122896722487	0.0004593134785599	0.1746710000000006	-0.0575830000000019	0.003315801889001	0.0305099582409997	0.0025726700000008	0.0001343299999984	1.804454744484089e-08	6.618630929576533e-06	-0.000299346999999	-9.199200000085694e-05	8.462527333186274e-09	8.960862599658546e-08	0.000737461000001	-1.1780999999842995e-05	1.3879182663241442e-10	5.438487266748461e-07	-0.0375000628999998	-0.0934963890000016	0.097207143000002	1
-0.0363101347926001	0.3694057855400796	3.2435173608110523e-15	0.1337178352555547	0.0016656899999984	-0.0032441400000007	1.0524444339551084e-05	2.774523174503177e-06	-0.0213968000000019	3.480000000049702e-05	1.211038633221875e-09	0.0004578230502397	0.1946360000000007	0.0199650000000009	0.0003986012249988	0.0378831724959995	0.0027640900000012	0.000191419999999	3.6641616088128995e-08	7.640193529295254e-06	-0.0002144639999991	8.488300000107745e-05	7.205122702763197e-09	4.5994806729819635e-08	0.0007916440000013	5.418299999948627e-05	2.935797100363061e-09	6.267002229914277e-07	-0.0399024342000003	-0.0903297824000018	0.1012827833000019	1
-0.0401518359286063	0.3715153936190638	-1.3607075365095711e-14	0.1002468797524063	0.0105317	0.0088660100000015	7.860613332114666e-05	0.0001109167048892	0.0430071000000012	0.0644039000000019	0.0041478623352108	0.0018496106504124	0.227936000000001	0.0332999999999993	0.001108889999999	0.0519548200960001	0.0019248899999999	-0.0008392000000007	7.042566404875891e-07	3.7052015124716967e-06	-0.0002993479999989	-8.488400000085039e-05	7.205292805675434e-09	8.96092249571603e-08	0.000965643	0.0001739989999997	3.0275652278334193e-08	9.324664038868496e-07	-0.0422860751999999	-0.0869935912000017	0.1049306745000021	1
-0.0288013643392983	0.20413983899009	4.5032306456990095e-14	0.0448352094368659	0.0063215600000003	-0.0042101400000004	1.772527882033275e-05	3.99621208329333e-05	-0.0243541000000001	-0.0673612000000021	0.0045375312654413	0.0005931221868083	0.2016780000000008	-0.026258	0.0006894825639995	0.0406740156840003	0.00241235	0.0004874600000003	2.3761725151260363e-07	5.819432522663176e-06	-0.0002993479999994	6.04267113586423e-17	-2.825560032997414e-16	8.960922468315487e-08	0.0007477509999997	-0.0002178920000005	4.7476923309222e-08	5.591315578139098e-07	-0.0446498668999997	-0.0834940785000016	0.1081354106000024	1
-0.0221887191390709	0.0705568529201174	-1.4142880095480765e-13	0.0107085548996735	0.0086282200000005	0.0023066600000005	5.32068035525808e-06	7.444618036903317e-05	-0.0124820000000013	0.0118721000000008	0.0001409467584084	0.0001558003239993	0.2085430000000007	0.0068649999999998	4.712822499955561e-05	0.0434901828489999	0.0025806700000006	0.00016832	2.8331621724679723e-08	6.659857649409373e-06	-0.0004084849999993	-0.000109137000001	1.1910884308316415e-08	1.6685999451592073e-07	0.000741573	-6.177999999772473e-06	3.8167655317725094e-11	5.499305136813339e-07	-0.0469926997999997	-0.0798378145000015	0.1108834569000025	1
0.1147384462198599	-0.0017880239655093	4.223146268774502e-13	0.063987140260067	0.010766500000001	0.0021382799999996	4.572241357982517e-06	0.0001159175222503	0.0218284000000005	0.0343104000000006	0.0011772035481594	0.0004764790465601	0.230267000000001	0.0217239999999998	0.0004719321759988	0.0530228912890005	0.00181416	-0.0007665100000002	5.875375813480887e-07	3.2911765054657294e-06	-0.0002993479999997	0.0001091370000008	1.1910884106758702e-08	8.9609224768169e-08	0.0008730380000006	0.0001314649999998	1.7283046371830822e-08	7.621953492202428e-07	-0.0493134740999994	-0.0760316633000013	0.1131632076000023	1
0.369247306778464	-0.0316591490984896	-1.2341806827050556e-12	0.1232520998362016	0.0083377300000005	-0.0024287700000004	5.898923712951114e-06	6.951774155325201e-05	-0.0230056000000009	-0.0448340000000008	0.0020100875559998	0.0005292576313594	0.1946830000000008	-0.0355840000000007	0.0012662210559994	0.0379014704890003	0.0024418800000004	0.0006277200000009	3.940323986330469e-07	5.96277793453814e-06	-0.0003953469999998	-9.599899999994027e-05	9.215807579197916e-09	1.562992503287377e-07	0.0007239940000001	-0.0001490440000007	2.2214113568150793e-08	5.241673108490938e-07	-0.0516111004999999	-0.072082770500001	0.114965034600002	1
0.3646782099262022	-0.036457198695339	3.5098669346183097e-12	0.0887992900343489	0.0080898500000001	-0.0002478799999999	6.144449383446579e-08	6.544567302256648e-05	0.0056058299999989	0.0286114300000011	0.0008186139266441	3.142532998814892e-05	0.2146490000000008	0.0199659999999998	0.0003986411559991	0.0460741932010003	0.0020671999999998	-0.0003746800000006	1.403851024609345e-07	4.273315839754829e-06	-0.0002993479999993	9.599900000054134e-05	9.215807819730537e-09	8.960922458095525e-08	0.0007870779999998	6.308399999980907e-05	3.979590980036031e-09	6.194917767326737e-07	-0.0538845004000001	-0.0679985500000009	0.116281328200002	1
0.1978369036153231	-0.0304180771939912	-9.782932040835244e-12	0.0372176097837145	0.0067947400000003	-0.0012951100000002	1.677309911713026e-06	4.616849166718619e-05	0.0274226000000011	0.0218167700000002	0.0004759714532315	0.0007519989907606	0.2222720000000007	0.0076229999999992	5.8110128999404086e-05	0.0494048419840004	0.0014034099999983	-0.0006637899999997	4.40617164632577e-07	1.969559627903066e-06	-0.0003840239999999	-8.46760000011019e-05	7.170024803045493e-09	1.474744329726347e-07	0.0009235640000004	0.0001364860000003	1.8628428253187946e-08	8.529704623990009e-07	-0.0561326066999999	-0.063786669200001	0.1171065292000023	1
0.0669613020052469	-0.0172266118526599	2.675811535137719e-11	0.0059556321254903	0.0043374400000001	-0.0024573	6.0383232900841695e-06	1.8813385753107182e-05	-0.0266077000000006	-0.0540303000000016	0.0029192733180902	0.0007079696992891	0.1971140000000005	-0.025158	0.0006329249639995	0.0388539289959999	0.002284099999999	0.000880690000002	7.756148768871882e-07	5.217112809948536e-06	-0.0003320429999996	5.198100000065063e-05	2.7020239934837327e-09	1.1025255389438105e-07	0.0007867550000005	-0.0001368089999999	1.8716702219892416e-08	6.189834302619152e-07	-0.0583543642000001	-0.059455035700001	0.1174371526000023	1
-0.0034074204019245	-0.0120972658099462	-7.190943931938309e-11	-0.0058131288379518	0.0099306400000012	0.0055932000000011	3.128388623993318e-05	9.86176108104456e-05	-0.0045747000000008	0.0220330000000012	0.0004854530889987	2.092788008944378e-05	0.1917920000000004	-0.0053220000000009	2.8323683999505323e-05	0.036784171263999	0.0021953299999995	-8.877000000013579e-05	7.880111743063455e-09	4.8194738082793295e-06	-0.000329379999999	2.6629999996854685e-06	7.0904275545067145e-12	1.0849118307966597e-07	0.0007186459999998	-6.810900000016862e-05	4.638836561935423e-09	5.164520721408383e-07	-0.0605487298000005	-0.0550117815000008	0.1172718021000024	1
-0.0320173256509735	0.1303440585204638	1.899245001904697e-10	0.0579555520633439	0.0115265000000017	0.0015958599999995	2.5467691397882407e-06	0.000132860202251	0.0251195000000012	0.0296942000000005	0.0008817455136392	0.0006309892802505	0.2074740000000005	0.0156819999999998	0.0002459251239988	0.0430454606759991	0.0019102999999996	-0.0002850299999987	8.12421005324331e-08	3.649246089164897e-06	-0.0005867390000017	-0.0002573590000011	6.623365484092515e-08	3.442626549806372e-07	0.0008761529999995	0.0001575070000003	2.480845495537507e-08	7.676440797381225e-07	-0.0627146737000006	-0.0504652484000007	0.1166111760000022	1
-0.0367373120601097	0.3782194877635996	-4.920610487421006e-10	0.114531917011465	0.0109901000000014	-0.0005364000000001	2.87724960451385e-07	0.0001207822980107	-0.0310582000000008	-0.0561777000000009	0.0031559339772904	0.0009646117872394	0.1737720000000003	-0.0337020000000003	0.0011358248039992	0.0301967079839986	0.0027930200000005	0.0008827200000005	7.7919459879859e-07	7.800960720631865e-06	-0.0005867400000017	-9.999986788978174e-10	-1.1770205849135793e-15	3.442638288535622e-07	0.0008365739999992	-3.957899999976819e-05	1.5664963559390888e-09	6.998560581480301e-07	-0.0648511791000014	-0.0458239721000008	0.115458064300002	1
-0.0290010948921918	0.3606339141586751	1.2516746901427576e-09	0.0822125319413792	0.0092905200000007	-0.0016995800000008	2.888572175961585e-06	8.631376186941357e-05	0.0502844000000014	0.0813426000000027	0.0066166185747625	0.0025285208833626	0.2140620000000005	0.0402899999999995	0.0016232840999988	0.0458225398439987	0.0019038599999995	-0.0008891600000007	7.906055050505105e-07	3.624682899970157e-06	-0.0001038269999991	0.0004829130000027	2.332049690537614e-07	1.0780046207719128e-08	0.0011189999999996	0.0002824260000011	7.976444595407389e-08	1.2521610014930553e-06	-0.0669572430000014	-0.0410966661000006	0.1138173369000019	1
-0.0197668983602172	0.1921312003596949	-3.1226414989589998e-09	0.0356211862874507	0.008020800000001	-0.0012697200000001	1.6121888791268963e-06	6.43332326398333e-05	-0.0005962019999987	-0.050880602000002	0.0025888356598825	3.554568229365061e-07	0.1961040000000002	-0.017958	0.0003224897639994	0.0384567788159992	0.0020288399999986	0.0001249800000007	1.561999986267699e-08	4.116191744673744e-06	-0.0001248809999979	-2.1054000000594524e-05	4.432699869371289e-10	1.5595263465466968e-08	0.001031700000001	-8.73000000003877e-05	7.621290173371727e-09	1.0644048917469653e-06	-0.0690318770000011	-0.0362922055000005	0.111695923300002	1
-0.0085377722074809	0.0634584116537432	7.620138632581894e-09	0.0065301816601063	0.0087629300000011	0.0007421300000003	5.507569369269306e-07	7.678894218586834e-05	-0.0425742000000019	-0.0419779980000005	0.0017621523160871	0.0018125625056409	0.1864140000000002	-0.0096899999999993	9.389609999935134e-05	0.0347501793959985	0.0029674700000006	0.0009386300000006	8.810262781825715e-07	8.805878202029597e-06	-0.0005867390000001	-0.0004618580000032	2.133128150591881e-07	3.442626551191099e-07	0.0011026600000026	7.096000000034437e-05	5.03532188091482e-09	1.2158590784418802e-06	-0.0710741071000011	-0.0314196099000004	0.1091027827000019	1
-0.0054225854276927	-0.0050937689864221	-1.8113409124833627e-08	-0.0032181579922961	0.0058401100000007	-0.002922820000001	8.542876751855531e-06	3.410688481098652e-05	0.0314737000000005	0.0740479000000025	0.0054830914944123	0.0009905937916902	0.2151310000000003	0.0287169999999995	0.0008246660889986	0.0462813471609986	0.0019055099999994	-0.0010619600000015	1.1277590423516145e-06	3.630968359524512e-06	-0.0001132299999995	0.0004735090000028	2.2421077595855055e-07	1.2821033129777189e-08	0.0009000940000011	-0.0002025660000019	4.103298455277844e-08	8.101692078542932e-07	-0.0730829748000011	-0.0264880274000003	0.1060488668000019	1
0.1435266205548078	-0.0325911538405964	4.1660350241127625e-08	0.0493201103824272	0.0011092399999999	-0.0047308700000004	2.2381130957194512e-05	1.2304133773942854e-06	-0.0252321000000001	-0.0567058000000012	0.0032155477536405	0.0006366588704094	0.1653919999999999	-0.0497390000000007	0.0024739681209999	0.0273545136639985	0.0027263999999999	0.0008208900000006	6.738603926476599e-07	7.433256959500026e-06	-0.0005867390000015	-0.0004735090000025	2.242107764405645e-07	3.44262655352361e-07	0.0007889410000008	-0.000111153	1.235498826124698e-08	6.224279016375149e-07	-0.0750575370000016	-0.0215067163000001	0.1025470733000014	1
0.3848937883221808	-0.0365141547827746	-9.166579536801995e-08	0.0885203850144644	0.0122010000000007	0.0110917600000017	0.0001230271398989	0.0001488644010009	0.0172786999999994	0.0425108000000011	0.0018071681166397	0.0002985534736898	0.2104120000000003	0.0450200000000005	0.0020268003999992	0.0442732097439988	0.0024206799999999	-0.0003057199999999	9.346471713906239e-08	5.85969166117648e-06	-0.0005867390000019	1.2153732924408337e-15	-7.764763558035225e-16	3.44262654582326e-07	0.0008936829999999	0.0001047419999997	1.0970886367009104e-08	7.986693034483183e-07	-0.0769968669000017	-0.0164850286999998	0.0986121913000012	1
0.3557715430237136	-0.0288789629654795	1.8898213556917218e-07	0.0604059453975624	0.0096787100000009	-0.0025222900000008	6.3619468437274e-06	9.367742726451782e-05	0.0327888000000014	0.0155100999999996	0.0002405632020084	0.0010751054054408	0.2378540000000006	0.0274420000000003	0.0007530633639994	0.0565745253159998	0.0017438199999987	-0.0006768599999998	4.581394597447746e-07	3.040908191050449e-06	-0.0005867390000021	1.8621399456702856e-17	-8.77703110876809e-16	3.4426265602597176e-07	0.0012513400000011	0.0003576570000012	1.2791853137999686e-07	1.5658517996557323e-06	-0.0789000542000012	-0.0114323920999998	0.0942608391000014	1
0.1854490294566441	-0.0185968910770727	-3.500295866841147e-07	0.0251331084972173	-0.0069159500000009	-0.0165946600000016	0.0002753827405168	4.783036440321929e-05	-0.0143110999999993	-0.0470998999999998	0.0022184005800088	0.0002048075832094	0.1285589999999992	-0.1092950000000038	0.0119453970250055	0.0165274164809979	0.0037368300000001	0.0019930100000024	3.972088862673296e-06	1.3963898450619612e-05	-0.0001824399999998	0.0004042990000015	1.6345768200135916e-07	3.328435167148056e-08	0.0006428130000002	-0.0006085270000016	3.703051114806389e-07	4.1320855178412573e-07	-0.0807662054000027	-0.0063582923999997	0.0895113939000009	1
0.0616664751556749	-0.0102622351775176	5.130427443236952e-07	0.0035041761876347	0.0016007699999992	0.0085167200000023	7.25345195586151e-05	2.562464592191637e-06	-0.0053181600000002	0.0089929400000007	8.087296984243232e-05	2.8282825785290715e-05	0.1285549999999987	-3.999999999809377e-06	1.5999083476429618e-11	0.0165263880249971	0.0031995200000015	-0.000537310000003	2.8870203483163013e-07	1.0236928230037596e-05	-0.0001561899999998	2.625000000069552e-05	6.890614779870571e-10	2.4395315253976456e-08	0.000701812	5.899900000054087e-05	3.480880860525695e-09	4.925400810201596e-07	-0.0825944447000035	-0.0012722555999997	0.0843839139000005	1
-0.0057569188816686	-0.0050025799067762	-2.388522897595197e-07	-0.0009560353674683	0.0055406800000006	0.0039399100000005	1.5522890808035255e-05	3.069913486200457e-05	0.0319956000000021	0.0373137600000009	0.0013923166853372	0.0010237184193613	0.1493309999999988	0.0207760000000005	0.0004316421759985	0.0222997475609969	0.0029382200000012	-0.0002612999999994	6.827768741552273e-08	8.633136768090634e-06	-6.144259999980373e-05	9.474740000110457e-05	8.97706847919343e-09	3.7751931253956395e-09	0.0009616339999999	0.0002598220000014	6.75074711204254e-08	9.247399495225952e-07	-0.0843839139000033	0.0038161696000003	0.0789000542000004	1
0.1230366861583928	-0.0021974818257766	-2.346594956174968e-06	0.0647218519515659	0.0025067599999999	-0.0030339200000011	9.204670566483084e-06	6.283845696169368e-06	0.0284609000000026	-0.003534700000001	1.2494104089078874e-05	0.0008100228288107	0.169717999999999	0.0203870000000014	0.0004156297689983	0.0288041995239975	0.00229863	-0.0006395899999999	4.09075368011254e-07	5.283699875228361e-06	9.20077000009344e-05	0.0001534503000016	2.3546992568065147e-08	8.465418538542174e-09	0.0011916900000026	0.0002300560000001	5.2925763114487945e-08	1.4201250590784566e-06	-0.0861337729000031	0.0088974305000004	0.0730829748000001	1
0.3542726292461285	-0.0008851053967942	1.4009171231033627e-05	0.1096626361895739	0.0020066999999992	-0.0005000599999999	2.500600044842688e-07	4.026844889556501e-06	-0.0216297000000004	-0.0500906000000015	0.0025090682083606	0.0004678439220891	0.1700219999999994	0.0003040000000014	9.2415997983813e-08	0.0289074804839978	0.0034350200000012	0.0011363900000018	1.2913822342516816e-06	1.1799362401628152e-05	-0.0003419880000003	-0.0004339957000015	1.8835227062203605e-07	1.1695579231346293e-07	0.0010349000000023	-0.0001567900000015	2.45831025835417e-08	1.0710180107713818e-06	-0.0878432003000031	0.0139619873000006	0.066957243	1
0.3214274106841048	-0.0003242991057534	-5.7344439770348784e-05	0.0745105474272419	0.0078381499999997	0.0058314500000002	3.4005809100788224e-05	6.143659542264454e-05	0.0534024000000012	0.0750321000000008	0.005629816030411	0.0028518163257633	0.2685100000000005	0.0984880000000021	0.0096998861440024	0.0720976200999995	0.0023692499999996	-0.001065770000001	1.1358656933920231e-06	5.6133455628799495e-06	-6.055719999772985e-05	0.000281430800001	7.92032965162472e-08	3.667174727467914e-09	0.0011147500000012	7.98499999990231e-05	6.3760214494696785e-09	1.242667561818915e-06	-0.0895113939000019	0.0190003319000005	0.0605487298000005	1
0.1618586509393611	-4.327511054981948e-05	0.0002060578904184	0.0312220790084847	0.0112951000000018	0.0034569500000012	1.1950503302259374e-05	0.0001275792840116	-0.0262832999999998	-0.0796857000000021	0.0063498107844922	0.0006908118588885	0.2081810000000001	-0.0603290000000013	0.0036395882410007	0.0433393287609985	0.0025191699999991	0.0001499199999985	2.2476005589983293e-08	6.346217487537285e-06	-0.0001644079999968	-0.0001038508000013	1.0784987874735674e-08	2.7029988588276813e-08	0.000833090999999	-0.0002816590000003	7.933179351461905e-08	6.940406129629535e-07	-0.091137570400002	0.0240030054000008	0.0538845004000007	1
0.0461524444025227	5.881012558991977e-06	-0.0006574083783695	0.005169741579067	0.008703450000001	-0.0025916500000013	6.716649721920746e-06	7.575004190356732e-05	-0.0061542500000012	0.0201290500000002	0.0004051786539012	3.787479306110802e-05	0.2568970000000006	0.0487160000000014	0.0023732486559998	0.0659960686089986	0.0024280299999989	-9.11399999998109e-05	8.306500270896541e-09	5.895329679307756e-06	-0.0003419889999981	-0.0001775810000022	3.153501085725244e-08	1.1695647379942348e-07	0.0008859939999995	5.2903000000399696e-05	2.7987279525367703e-09	7.849853675523812e-07	-0.0927209666000018	0.0289606158000007	0.0469926998000008	1
-0.0133037781063297	-3.109321517050245e-06	0.0016813079317414	-0.0072198641250163	-0.0068724700000017	-0.0155759200000032	0.000242609283848	4.723084389921129e-05	0.0387047000000017	0.0448589500000003	0.0020123253951023	0.0014980538020914	0.2957260000000011	0.0388290000000005	0.0015076912409993	0.0874538670759996	0.0015706299999972	-0.0008573999999994	7.351347612548201e-07	2.4668785941177424e-06	-0.0003419889999999	-1.4197007833868404e-15	-2.759120928659899e-15	1.169564741205342e-07	0.0008330909999998	-5.2903000000360224e-05	2.798727013950552e-09	6.94040613261627e-07	-0.094260839100001	0.0338638556000005	0.0399024342000008	1
-0.0356938851772651	1.084208520974095e-06	0.0029080185509119	-0.003431812082934	-0.0068683700000023	4.10000000119903e-06	1.6808455768571203e-11	4.7174506456614574e-05	-0.0282430000000001	-0.0669477000000021	0.0044819945352911	0.0007976670489996	0.2518210000000008	-0.0439050000000006	0.0019276490249997	0.0634138160409987	0.0020464499999966	0.0004758200000006	2.264046727604753e-07	4.187957600894428e-06	-0.0003419889999988	5.44645414864675e-16	-1.1149393175200578e-15	1.169564752848107e-07	0.0007548589999999	-7.823199999924968e-05	6.120246394032586e-09	5.698121105967924e-07	-0.0957564653000015	0.0387035196000007	0.0326436482000006	1
-0.0370465673568477	7.013506284622101e-06	0.168440131250634	0.0878850374799142	-0.0066754300000017	0.0001929399999993	3.7225842553247664e-08	4.456136568591546e-05	0.0009291279999991	0.0291721280000001	0.0008510130520475	8.632788397702083e-07	0.2968340000000009	0.0450130000000011	0.0020261701689993	0.0881104235559996	0.0019000399999989	-0.0001464099999999	2.1435888587909798e-08	3.610152000056186e-06	-0.0008754770000009	-0.0005334880000031	2.846094497988844e-07	7.66459977802188e-07	4.583509999809755e-05	-0.0007090239000048	5.027148956222214e-07	2.1008554341894587e-09	-0.0972071430000009	0.0434705218000006	0.0252469978000004	1
-0.0283937482593956	-4.081264760176643e-05	0.3955497043838507	0.1487190714026781	-0.0066901400000003	-1.4710000000482548e-05	2.1638347958021447e-10	4.475797321987209e-05	0.019664800000001	0.0187356720000004	0.0003510254052906	0.0003867043590401	0.2915420000000005	-0.0052920000000008	2.800526399965921e-05	0.084996737764	0.0012713900000001	-0.0006286500000011	3.95200822349688e-07	1.6164325324077836e-06	-0.0008754769999998	3.0680238949810203e-16	-1.006743686736717e-15	7.664599769032339e-07	0.0004164049999988	0.000370569900001	1.373220494924219e-07	1.733931231125919e-07	-0.0986121913000002	0.0481559126000005	0.0177437214	1
-0.0178804738270499	0.0001671468254115	0.3427570982939921	0.1018772719481478	0.0008997660000006	0.0075899060000014	5.760667309030251e-05	8.095788543601e-07	-0.0347872000000011	-0.0544520000000012	0.0029650203040002	0.0012101492838398	0.2659240000000004	-0.0256180000000001	0.000656281924	0.0707155737759993	0.0023351200000006	0.001063730000001	1.1315215135117647e-06	5.452785414545308e-06	-0.0008754769999994	1.0010292454878702e-15	-5.550878653500274e-16	7.664599778534331e-07	0.0006949780000004	0.0002785730000012	7.76029150245254e-08	4.82994420864441e-07	-0.0999709507000009	0.0527508957000008	0.0101655077	1
-0.0097384881201723	-0.0005709253914104	0.1730196850320184	0.0439755287555053	0.0017238099999997	0.0008240439999991	6.790485129866162e-07	2.971520915623888e-06	0.0323825000000002	0.0671697000000006	0.0045117685980907	0.0010486263062497	0.3521000000000011	0.0861760000000016	0.0074263029760023	0.1239744100000016	0.0019844199999986	-0.0003506999999991	1.229904890786749e-07	3.9379227364999895e-06	-0.0008754770000011	-3.1473108956480397e-16	-2.5945112713065483e-16	7.664599799149163e-07	0.0010470200000025	0.0003520420000004	1.239335701570409e-07	1.096250882244066e-06	-0.1012827833000001	0.0572468445000007	0.0025443619000004	1
-0.0047074968029198	0.0014773171379995	0.05203409401854	0.0077382793399056	-0.0067864800000017	-0.0085102900000005	7.242503588306712e-05	4.605631079020419e-05	-0.0455905000000011	-0.0779730000000017	0.0060797887290018	0.0020784936902507	0.2943430000000011	-0.057757000000001	0.0033358710490007	0.0866378016489996	0.0027716799999987	0.0007872599999996	6.197783068117659e-07	7.682210021685034e-06	-0.0006408890000007	0.0002345880000019	5.5031529328950736e-08	4.107387104390579e-07	0.0006922869999998	-0.0003547330000007	1.258355022687508e-07	4.792612896247435e-07	-0.1025470733000008	0.061635318400001	-0.0050875294999997	1
-0.002054091629814	0.0047885804092643	-0.0102954587856267	0.000515711234158	0.0027941999999985	0.0095806800000018	9.178942926239876e-05	7.807553638620797e-06	0.0073835799999987	0.0529740800000008	0.0028062531518464	5.45172536154514e-05	0.3512970000000013	0.0569540000000006	0.0032437581160001	0.1234095822090009	0.0022399999999972	-0.0005316800000001	2.826836236499781e-07	5.017599997636918e-06	-0.0005458669999993	9.502200000087556e-05	9.029180492303494e-09	2.979707804099881e-07	0.0007289919999994	3.6705000000155375e-05	1.3472577884915963e-09	5.314293345287582e-07	-0.1037632273000007	0.0659080783000011	-0.0126979346999995	1
-0.0008190351831816	0.179156279510195	-0.0340811606289894	0.0923880925686907	0.0008992969999989	-0.0018949029999998	3.590657378179417e-06	8.087350939732534e-07	-0.0330323000000011	-0.04041588	0.0016334433561736	0.0010911328432911	0.2899040000000012	-0.0613930000000019	0.0037691004490003	0.0840443292159985	0.0029913899999987	0.0007513900000003	5.645869329437468e-07	8.948414130587922e-06	-0.0008720500000016	-0.0003261830000009	1.0639534948433981e-07	7.604712070070534e-07	0.0006293009999976	-9.969099999922452e-05	9.938294829910795e-09	3.96019748584536e-07	-0.1049306745000017	0.0700571028000015	-0.0202547126000002	1
-0.0002962795549603	0.3991879882222499	-0.0359772583813915	0.1508114906836983	0.0129744999999996	0.0120752030000007	0.0001458105274909	0.0001683376502515	0.0100989999999984	0.0431312999999988	0.001860309039688	0.0001019898009982	0.414544000000002	0.1246400000000032	0.0155351296000053	0.1718467279360035	0.002921189999998	-7.019999999886802e-05	4.9280408931517164e-09	8.533351015466286e-06	-0.0008720500000006	5.533970002019419e-16	4.466004447989295e-16	7.604712029508005e-07	0.0008663909999999	0.0002370900000001	5.6211668487795826e-08	7.506333636190171e-07	-0.1060488668000003	0.0740746024000007	-0.0277259484999995	1
-5.0695328156400655e-05	0.3364576635764165	-0.0276156098512873	0.1007643898254333	0.0074242600000005	-0.0055502400000002	3.080516405591853e-05	5.511963654844153e-05	-0.0340361000000014	-0.0441350999999995	0.0019479070520085	0.0011584561032107	0.3276780000000019	-0.0868660000000036	0.0075457019560031	0.1073728716839997	0.0033610299999995	0.0004398399999977	1.934592240209671e-07	1.1296522660803236e-05	-0.0008720500000001	-6.381237458830741e-16	-1.8554601984677102e-15	7.604712059621941e-07	0.0008868319999978	2.044100000169576e-05	4.178342527110181e-10	7.864709969091062e-07	-0.1071172793000009	0.0779530346000015	-0.0350800888999999	1
0.0001190233774918	0.1670767330406437	-0.0174115257706343	0.0414211533377451	0.0066539199999996	-0.0007703400000005	5.934237142142864e-07	4.427465136672191e-05	-0.0208861000000022	0.0131500000000001	0.0001729224999982	0.000436229173209	0.3754070000000016	0.0477290000000013	0.0022780574409998	0.1409304156490015	0.00330327	-5.7760000000738e-05	3.3362177649333894e-09	1.0911592692580667e-05	-0.000816342000001	5.570800000049708e-05	3.103380958966756e-09	6.664142625989074e-07	0.0007028629999984	-0.0001839690000009	3.3844592700467844e-08	4.940163938959996e-07	-0.1081354106000004	0.0816851181000012	-0.0422860751999999	1
-0.0004521966786971	0.0486184066212315	-0.0094480754562192	0.0063506919780137	0.00654701	-0.0001069100000001	1.1429747128804913e-08	4.286333993971809e-05	0.0284240000000009	0.049310100000001	0.00243148596201	0.0008079237760002	0.3991840000000021	0.0237769999999993	0.0005653457289991	0.1593478658560028	0.0028494399999994	-0.0004538299999992	2.059616692608125e-07	8.119308312007756e-06	-0.0008491930000015	-3.2851000000402315e-05	1.0791877908051831e-09	7.211287542198829e-07	0.0009128499999982	0.0002099870000014	4.4094540030603695e-08	8.332951213636754e-07	-0.1091027826999997	0.0852638464000011	-0.0493134740999999	1
0.0011813583781497	-0.0118105978205597	-0.0045424879673155	-0.0109659106444232	0.00405153	-0.0024954799999995	6.227420429173343e-06	1.641489534109819e-05	-0.0343627000000005	-0.0627867000000013	0.0039421696968905	0.0011807951512898	0.3438170000000016	-0.0553670000000013	0.0030655046890007	0.1182101294890006	0.0036315100000003	0.0007820700000003	6.116334845999104e-07	1.3187864881023376e-05	-0.0008226350000011	2.655800000068295e-05	7.053268564177272e-10	6.767283465104014e-07	0.0007952749999981	-0.0001175749999987	1.382387891630136e-08	6.324623248140242e-07	-0.1100189415000005	0.0886825007000014	-0.0561326067000002	1
0.007386391804972	-0.034490715495567	-0.0019713974556268	-0.0047839445627907	0.0043910999999996	0.00033957	1.1530778363296821e-07	1.928175920992e-05	-0.0086197100000011	0.025742990000001	0.0006627015341391	7.429940048329002e-05	0.3622730000000014	0.0184560000000002	0.000340623935999	0.1312417265290008	0.0037225000000011	9.099000000006328e-05	8.279178999468123e-09	1.3857006251186478e-05	-0.0006618580000005	0.0001607770000013	2.5849243990713862e-08	4.3805601212423764e-07	0.0007874159999986	-7.858999999549059e-06	6.176253826390367e-11	6.200239547097817e-07	-0.1108834569000006	0.0919346629000015	-0.0627146737000006	1
0.1918192346755248	-0.0357691199680463	-0.0007879055423419	0.071023547684571	0.0096354800000002	0.0052443800000005	2.7503521583882043e-05	9.284247483037572e-05	0.0226426000000008	0.0312623100000002	0.0009773320265355	0.0005126873347599	0.3904580000000017	0.0281850000000001	0.0007943942249988	0.1524574497640023	0.0028911500000002	-0.0008313500000005	6.911428248366547e-07	8.358748320542293e-06	-0.0006618580000003	5.143251201536281e-16	-5.573400046032365e-16	4.38056012065802e-07	0.0010911200000002	0.0003037040000006	9.223612108587777e-08	1.1905428546939888e-06	-0.1116959233000002	0.0950142274000016	-0.0690318770000008	1
0.4027553921887257	-0.027222469502065	-0.0002785348410502	0.1068058950702888	0.0064540699999999	-0.0031814099999998	1.0121369587025431e-05	4.165501956504537e-05	-0.0351725000000013	-0.0578151000000005	0.0033425857880103	0.0012371047562502	0.3281590000000014	-0.0622990000000017	0.0038811654010007	0.107688329281	0.0034876500000001	0.000596499999999	3.558122492907333e-07	1.216370252293169e-05	-0.0006618579999997	2.35363214792826e-16	-9.537188965723742e-16	4.380560133815404e-07	0.0011563100000006	6.519000000079382e-05	4.2497361154488795e-09	1.3370528184370326e-06	-0.1124559591000015	0.097915412600002	-0.0750575370000014	1
0.3289457823018364	-0.0170406356131189	-2.510028539464318e-05	0.0681423002851649	0.0124064000000004	0.005952330000001	3.5430232428342026e-05	0.0001539187609617	-0.0207384000000024	0.0144341000000009	0.0002083432428086	0.0004300812345593	0.3562780000000013	0.0281190000000006	0.0007906781609993	0.1269340132840006	0.0034915500000005	3.899999998790316e-06	1.5209522568410396e-11	1.2190921402591112e-05	-0.0007861810000002	-0.0001243230000006	1.5456207652035414e-08	6.18080565963344e-07	0.0011154600000009	-4.085000000114456e-05	1.6687231215261702e-09	1.2442510118025906e-06	-0.1131632076000014	0.100632771800002	-0.0807662054000013	1
0.1602556531853106	-0.0091448704782975	2.7479051103701463e-06	0.0270228574050852	0.0105843000000008	-0.0018221000000008	3.320048409038429e-06	0.0001120274064902	0.0293759000000009	0.050114300000001	0.0025114430644902	0.0008629435008099	0.3912510000000015	0.034973	0.0012231107289993	0.1530773450010021	0.0030678799999999	-0.0004236699999993	1.7949626801657067e-07	9.411887693540043e-06	-0.0004698659999994	0.0003163150000014	1.0005518091493028e-07	2.2077405588687185e-07	0.0012503500000005	0.0001348899999999	1.8195312798020923e-08	1.5633751238677668e-06	-0.1138173369000006	0.1031612035000016	-0.086133772900001	1
0.0447384981481144	-0.0047160934856042	-1.0350735280041477e-06	0.0035439117860858	-0.0066488400000018	-0.0172331400000026	0.0002969811142624	4.420707334479295e-05	-0.0447346000000009	-0.0741105000000015	0.0054923662102517	0.0020011844371603	0.3456290000000014	-0.0456219999999999	0.0020813668839996	0.1194594056410003	0.0042136700000015	0.0011457900000003	1.3128347251124066e-06	1.7755014871022266e-05	-0.0007946390000013	-0.0003247730000025	1.0547750095644217e-07	6.314511410289094e-07	0.000702363999999	-0.0005479860000016	3.002886569161936e-07	4.933151860755911e-07	-0.114418039900001	0.1054959609000016	-0.0911375704000012	1
-0.0135076957675452	-0.0010714972280256	4.775639417235731e-07	-0.0087160093659734	0.0200701000000017	0.0267189400000048	0.000713901754733	0.0004028089140116	0.0145649999999996	0.0592996000000013	0.0035164425601604	0.0002121392249991	0.3969640000000013	0.0513350000000001	0.0026352822249998	0.1575804172960019	0.0038058900000013	-0.00040778	1.6628452751089058e-07	1.4484798690382373e-05	-0.0011069400000023	-0.0003123010000015	9.753191273873261e-08	1.2253161657562624e-06	0.0010901899999999	0.0003878260000012	1.5040900787973938e-07	1.1885142364394503e-06	-0.1149650346000005	0.1076326606000016	-0.0957564653000008	1
-0.0349143139770957	0.0096939092968997	-2.13908227209571e-07	0.0024236298206116	0.0054396400000008	-0.0146304600000033	0.0002140503598139	2.9589683327725717e-05	-0.0040008599999992	-0.0185658600000009	0.0003446911575388	1.600688073762746e-05	0.3889190000000015	-0.0080449999999998	6.472202499906524e-05	0.1512579885610019	0.0033573100000009	-0.0004485800000008	2.0122401547233032e-07	1.1271530433801316e-05	-0.0005620230000013	0.0005449170000034	2.969345417666633e-07	3.158698490943641e-07	0.0010061099999999	-8.408000000035731e-05	7.069445617711524e-09	1.0122573310266626e-06	-0.1154580643000003	0.1095672912000017	-0.099970950700001	1
-0.0355228820679632	0.2043335190325221	9.10348527079925e-08	0.0893860179869033	0.00713503	0.0016953900000004	2.8743472512573063e-06	5.090865310073327e-05	-0.0305680000000011	-0.0265671399999997	0.0007058129277785	0.0009344026240005	0.3561470000000014	-0.0327720000000007	0.0010740039839991	0.1268406856089999	0.0040026500000013	0.00064534	4.1646371510470533e-07	1.602120702509486e-05	-0.0003913799999974	0.0001706430000015	2.9119033204219784e-08	1.5317830178217296e-07	0.0010486199999999	4.2510000000414224e-05	1.807099814815064e-09	1.0996039046319844e-06	-0.1158968974000013	0.1112962206000018	-0.1037632273000015	1
-0.026738610662988	0.4055680771656116	-3.759134166716519e-08	0.1257923668594034	0.0108127	0.0036776699999998	1.3525256628394123e-05	0.0001169144812894	0.0583694000000021	0.0889374000000023	0.0079098611187633	0.0034069868563638	0.4095170000000012	0.0533699999999999	0.0028483568999989	0.1677041732890019	0.0030063200000002	-0.0009963300000008	9.92673470490879e-07	9.037959941867605e-06	-0.0005314309999988	-0.0001400510000013	1.961428231481108e-08	2.824189069650724e-07	0.001178069999999	0.0001294499999992	1.6757302462673387e-08	1.387848924419161e-06	-0.1162813282000011	0.1128162031000015	-0.1071172793000016	1
-0.0166218086277501	0.3212864524363643	1.5164418229771753e-08	0.0788968599157156	0.0030312799999995	-0.007781420000001	6.055049721722807e-05	9.188658436933468e-06	-0.0100766999999987	-0.0684461000000021	0.0046848686052114	0.0001015398828877	0.3560580000000013	-0.0534590000000014	0.0028578646810002	0.1267772993640003	0.0033067499999991	0.0003004299999994	9.025818418960555e-08	1.0934595561005322e-05	-0.0004746219999988	5.680900000009396e-05	3.22726186362599e-09	2.2526604108735535e-07	0.0011151699999992	-6.289999999947133e-05	3.956409575638139e-09	1.2436041310898796e-06	-0.1166111760000017	0.1141243849000019	-0.1100189415000017	1
-0.0089203172489928	0.1535516098061916	-5.994463405860414e-09	0.0314786083236685	0.0044034199999991	0.0013721400000005	1.882768178999235e-06	1.939010769623271e-05	-0.020698900000001	-0.0106221999999999	0.0001128311328385	0.0004284444612095	0.3641660000000012	0.0081080000000005	6.573966399901268e-05	0.1326168755560003	0.0040300000000007	0.0007232500000008	5.230905624478747e-07	1.6240900002313903e-05	-0.0005266149999986	-5.199300000042867e-05	2.7032720940314764e-09	2.773233564933765e-07	0.0009367419999992	-0.0001784280000007	3.1836550455860464e-08	8.774855730829717e-07	-0.1168862860000017	0.1152183101000018	-0.1124559591000017	1
-0.0042470049710968	0.0410132691850553	2.3273379697010563e-09	0.0037513662709899	0.0094185700000001	0.0050151500000002	2.515172952158149e-05	8.870946084479503e-05	0.0479451000000021	0.0686440000000009	0.004711998736001	0.0022987326140121	0.4240490000000015	0.0598830000000007	0.0035859736890001	0.1798175544010032	0.0035498200000008	-0.0004801799999987	2.3057283138644598e-07	1.260122203371209e-05	-0.0005145289999989	1.2085999999335929e-05	1.4607159882772223e-10	2.6474009015806925e-07	0.0013286300000008	0.0003918880000012	1.5357620615928905e-07	1.7652576790246255e-06	-0.1171065292000003	0.1160959250000013	-0.1144180399000014	1
-0.0018348145842796	-0.0152110133711164	-8.905522849547326e-10	-0.0087474321759988	0.0057700900000004	-0.0036484800000001	1.3311406310212628e-05	3.3293938608113705e-05	-0.0240171999999992	-0.0719623000000021	0.0051785726212916	0.0005768258958382	0.3762650000000011	-0.0477840000000005	0.0022833106559999	0.1415753502250015	0.0043145000000019	0.0007646800000004	5.847355018562484e-07	1.8614910254003464e-05	-0.0005721719999993	-5.7643000000493736e-05	3.322715556346731e-09	3.273807972149204e-07	0.0011423500000008	-0.0001862800000002	3.4700236576702914e-08	1.304963523597237e-06	-0.1172718021000005	0.1167555819000017	-0.1158968974000014	1
-0.0007124304463623	-0.0350769009619138	3.409045940025197e-10	-0.0120034152970482	0.0034538499999993	-0.0023162400000006	5.364967736815117e-06	1.1929079822165706e-05	0.0093640000000002	0.0333812000000006	0.0011143045134393	8.768449599892217e-05	0.4095840000000014	0.0333190000000007	0.0011101557609992	0.1677590530560025	0.0044848000000026	0.0001703000000005	2.9002088317290173e-08	2.011343104538223e-05	-0.0006820950000003	-0.000109923000001	1.2083066230541614e-08	4.652535895108089e-07	0.0012342800000021	9.192999999966494e-05	8.451122718667961e-09	1.5234471197877714e-06	-0.1173820271000003	0.1171960424000016	-0.1168862860000013	1
-0.000315982100792	-0.0364151225196971	-1.4483735832413708e-10	-0.0111033107646066	0.0141518000000011	0.0106979500000017	0.0001144461342025	0.0002002734432409	0.045922800000003	0.0365587999999995	0.0013365458574389	0.0021089035598423	0.4458400000000018	0.0362560000000002	0.0013144975359998	0.1987733056000048	0.0032658900000011	-0.0012189100000003	1.4857415904837567e-06	1.066603749129264e-05	-0.0005383569999991	0.0001437380000001	2.0660612928012835e-08	2.898282571158165e-07	0.0013663700000023	0.0001320899999988	1.7447768975223533e-08	1.8669669784304636e-06	-0.1174371525999993	0.1174164796000013	-0.117382027100001	1
