trial_type.distractorcorrectrejection	trial_type.distractorfalsealarm	trial_type.lurecorrectrejection	trial_type.lurefalsealarm	trial_type.targethit	trial_type.targetmiss	drift_1	drift_2	drift_3	drift_4	drift_5	drift_6	drift_7	drift_8	drift_9	intercept
-3.0625134946431906e-06	-1.1553378831172344e-08	4.68884596242802e-15	-4.020533211005128e-13	-3.984902855748839e-16	-7.257935831354996e-16	0.0872025886680443	0.0871979226094875	0.087190146030169	0.0871792592074937	0.0871652625298167	0.0871481564964256	0.0871279417175278	0.0871046189142219	0.0870781889184804	1
-1.0313728892673138e-05	2.591100436763945e-08	-1.4929576924101234e-14	1.4715687215450308e-12	-3.400832308384059e-16	-6.902723515853457e-16	0.0871901460301694	0.0871481564964256	0.0870781889184802	0.0869802657587239	0.0868544184544087	0.0867006874075517	0.08651912197197	0.0863097804374293	0.086072730010938	1
7.786217987351957e-05	-5.4989729921855776e-08	4.0393545511136975e-14	-4.898421642321361e-12	-5.543880289989715e-16	-6.713211156216817e-16	0.0871652625298168	0.0870486526731112	0.0868544184544083	0.086582733079229	0.0862338388190311	0.0858080467951633	0.0853057367014329	0.0847273564655123	0.084073421849514	1
-0.0003212879500469	1.0700886616238313e-07	-1.118384876928762e-13	1.5344602269491168e-11	-2.4473621164316976e-16	-6.610186415183469e-16	0.0871279417175277	0.0868994679289541	0.0865191219719696	0.0859875685683104	0.0853057367014328	0.0844748179929486	0.083496264620059	0.082371786777614	0.081103349689251	1
0.0008868964189737	-1.7642686409982885e-07	2.959959730128564e-13	-4.609336640740028e-11	-4.854110608920513e-16	-7.070486099834485e-16	0.0870781889184806	0.0867006874075516	0.0860727300109378	0.0851961307353161	0.0840734218495141	0.082707846569435	0.081103349689251	0.0792645661859045	0.0771968078298657	1
0.0042768626094387	1.7703301733057759e-07	-7.754308805224914e-13	1.3404138080240315e-10	-4.1256265522479997e-16	-6.750893109667029e-16	0.0870160112317317	0.0864524245580965	0.085515815764006	0.0842102260987384	0.0825412888782813	0.0805162051788793	0.0781437127660682	0.0754340483932411	0.072398903632444	1
0.1300750609673011	3.031862238466245e-07	1.985239991325245e-12	-3.7959142915875715e-10	-1.337330818405382e-16	-1.684752366647163e-16	0.0869414175292013	0.0861548210706274	0.0848490943407757	0.0830321050626936	0.0807148015980073	0.0779111469770058	0.074638034763694	0.0709151872627552	0.0667650366818038	1
0.3013766855825564	-2.8166147467622434e-06	-4.978692827964031e-12	1.050487647730303e-09	2.88480090311343e-16	2.298719925174863e-16	0.0868544184544086	0.0858080467951639	0.0840734218495138	0.0816644567802005	0.0786004735294848	0.0749060478407917	0.0706108121404097	0.0657492178603087	0.0603602591084478	1
0.4099996119691058	1.2607992480620252e-05	1.2200102317530611e-11	-2.8469289014502282e-09	7.018654622759094e-16	5.453125758102204e-16	0.0867550264209532	0.0854122996447662	0.0831897942978622	0.0801104030149772	0.0762058446758583	0.0715163376889693	0.0660901857268657	0.0599832801803376	0.053258524456219	1
0.472449182135917	-4.640516950689585e-05	-2.9078592318486662e-11	7.56375361068041e-09	5.480208136576462e-16	7.114325203505202e-16	0.0866432556107427	0.084967805482584	0.0821993463139068	0.0783734910157748	0.0735394546338701	0.0677594212558919	0.0611077440877476	0.0536699889886255	0.0455418337687056	1
0.5002168579045608	0.0001565099121975	6.702305441498077e-11	-1.9704941615256564e-08	1.454554897623536e-15	7.995360414753997e-16	0.08651912197197	0.0844748179929493	0.0811033496892506	0.0764576854195043	0.0706108121404094	0.0636545887255504	0.0556983027918752	0.0468669537072318	0.03729928875421	1
0.4922575465554452	-0.0004796925185082	-1.477375347242451e-10	5.030903200426575e-08	-7.847389371687407e-16	7.836045210767465e-16	0.0863826432168379	0.0839336185365919	0.0799032117459601	0.0743673592016445	0.0674303611629662	0.059222916684601	0.0498996611331194	0.0396362527226765	0.0286260629620282	1
0.472482976691685	0.0012189015064235	3.0529035718872447e-10	-1.2569551931165044e-07	4.637719777611656e-15	7.297454191176979e-16	0.0862338388190311	0.08334451599006	0.0786004735294845	0.0721072836945849	0.0640094436549142	0.0544871599029676	0.0437523380020872	0.0320438669143707	0.0196223028494785	1
0.4417555105520199	0.0008342139062766	-5.663347416879219e-10	3.0652581440892897e-07	-8.869276667962945e-15	6.167606189653995e-16	0.0860727300109381	0.0827078465694358	0.0771968078298656	0.0696826176966878	0.0603602591084478	0.0494716344976788	0.0372992887542101	0.0241590775724032	0.0103919714286419	1
0.2881774396437503	0.1070892215700151	8.327186588416987e-10	-7.264800704588392e-07	2.2623020538033563e-14	2.8208399531306967e-16	0.0858993397806211	0.0820239736384488	0.0756940170337794	0.0670988956969293	0.0564958210494076	0.044202093079846	0.0305856050526645	0.0160538341987468	0.0010416478447892	1
0.1098288440453068	0.2854910821778837	-4.048404574924581e-10	1.6615546335489336e-06	-5.061112558389798e-14	-1.8331647921155745e-18	0.0857136928685368	0.0812932875010948	0.0740940308101697	0.0643620152419974	0.0524299106291441	0.0387055925258487	0.0236581997835158	0.0078020979607592	-0.0083207032526929	1
0.0708407107380989	0.2903651703203231	-3.6658750268824975e-09	-3.6231623397723032e-06	1.0908025843780449e-13	-1.6256882490839531e-16	0.0855158157640057	0.0805162051788792	0.0723989036324435	0.0614782234746824	0.0481770274789166	0.0330103550516668	0.0165654792447922	-0.0005208332119654	-0.0175869783372684	1
0.2026039638530844	0.179236715008683	2.1924153574731807e-08	7.369604728725608e-06	-2.1799466943165042e-13	9.930818659478412e-17	0.0853057367014323	0.0796931701728116	0.0706108121404093	0.0584541028742865	0.0437523380020868	0.0271456233036851	0.0093570049001134	-0.0088390117288374	-0.026650183235778	1
0.2962667073475255	0.07767231468107	-8.903165538994384e-08	-1.3305873743396844e-05	3.799863754099884e-13	2.1974119633887527e-16	0.0850834856562763	0.078824652210288	0.0687320523453479	0.0552965562316021	0.039171621288506	0.0211415102100164	0.0020831470604251	-0.0170765333677335	-0.0354056685496836	1
0.3843153663675957	0.0154871246823642	3.1260499711757045e-07	1.810878759992816e-05	-4.6644895283822e-13	4.03500390597673e-16	0.0848490943407758	0.0779111469770064	0.0667650366818038	0.0520127908927548	0.0344512128439734	0.0150288443632957	-0.0052052670862099	-0.0251582299087175	-0.0437523380020869	1
0.4492736768898582	-0.0156158251605998	-1.0137726612039568e-06	1.6424769653831792e-06	-2.042851298967305e-13	6.738172674914983e-16	0.0846025961994226	0.0769531758340652	0.0647122909098813	0.0486103023078741	0.0296079463354326	0.0088390117288375	-0.0124573086373204	-0.0330103550516666	-0.0515938157581956	1
0.4954113162512011	-0.0271478954756953	3.1214820037114176e-06	-0.0001239765746992	4.319654426535155e-12	-8.431861752844505e-17	0.08434402640419	0.0759512855204093	0.062576450872025	0.0450968569221452	0.0246590935596535	0.0026037944909195	-0.0196223028494786	-0.040561257358735	-0.0588395592406302	1
0.5257929260615856	-0.0268820158679297	-9.254266360542407e-06	0.0003496575430155	-2.1147966344092564e-11	3.64203564277529e-15	0.0840734218495139	0.0749060478407922	0.060360259108448	0.0414804744482923	0.0196223028494785	-0.0036447921353517	-0.0266501832357781	-0.0477420340809873	-0.0654059045903162	1
0.4952058709827362	-0.021025551072395	2.6631339227588043e-05	0.0088843404930464	8.045930449482647e-11	-9.537106819463961e-15	0.0837908211470289	0.0738180593394315	0.0580665613355539	0.0377694095609605	0.0145155361372861	-0.0098746642886897	-0.0334918414130271	-0.0544871599029668	-0.0712170327014148	1
0.316822974132869	-0.0140316506414874	-7.481934165978872e-05	0.1477187605257065	-2.7326223736010984e-10	3.2825299199785605e-14	0.0834962646200584	0.0726879409595461	0.0556983027918752	0.0339721330547771	0.0093570049001134	-0.0160538341987465	-0.0400994702540449	-0.0607350848678405	-0.0762058446758578	1
0.1638265956167393	-0.008279339072481	0.0002061051306644	0.3037742524296535	8.679571473351788e-10	-1.0045404297466609e-13	0.0831897942978616	0.0715163376889686	0.0532585244562191	0.0300973125091044	0.0041651052148646	-0.0221505744298446	-0.0464268979472356	-0.0664287960269944	-0.0803147365889422	1
0.2164255620520488	-0.0044131055448497	-0.0005435042072053	0.2710604304608398	-2.633540160143701e-09	2.959423996873591e-13	0.0828714539096369	0.0703039181920333	0.0507503591428781	0.026153792503614	-0.0010416478447894	-0.0281335807879998	-0.0524299106291444	-0.0715163376889686	-0.0834962646200581	1
0.2980812418406623	-0.002159285648148	0.001317188082819	0.15535072507829	7.720005290196843e-09	-8.496238435609367e-13	0.0825412888782807	0.0690513744279511	0.0481770274789172	0.0221505744298445	-0.0062446862358723	-0.0339721330547771	-0.0580665613355538	-0.0759512855204084	-0.0857136928685368	1
0.3801875153940108	-0.0009792294589516	-0.0023204268576275	0.0615577526155734	-2.2008616423225245e-08	2.3789781692986485e-12	0.0821993463139069	0.0677594212558918	0.045541833768706	0.0180967959448246	-0.0114254551624591	-0.039636252722676	-0.0632974631122761	-0.0796931701728113	-0.0869414175292008	1
0.3732782554458774	-0.0004208341147437	0.0642958370070546	0.0069282954396596	6.126327983050121e-08	-6.515116613775537e-12	0.0818456750071257	0.0664287960269953	0.0428481617510035	0.0140017101136598	-0.0165654792447925	-0.0450968569221448	-0.0680860642374876	-0.082707846569435	-0.0871652625298164	1
0.2249025796115223	-0.0001510222726644	0.2510165554422219	-0.0193332884536101	-1.6690908688330565e-07	1.7484860607214697e-11	0.0814803254220812	0.0650602581635458	0.0400994702540453	0.00987466428869	-0.0216464284051893	-0.0503259077498695	-0.0723989036324441	-0.0849678054825833	-0.0863826432168375	1
0.1337970039325358	-3.4250262815329093e-06	0.3068982385501811	-0.027839516541653	4.455197613471749e-07	-4.598986340194109e-11	0.0811033496892509	0.0636545887255505	0.0372992887542106	0.00572507877343	-0.0266501832357784	-0.0552965562316019	-0.0762058446758585	-0.0864524245580968	-0.0846025961994223	1
0.2262594885121558	-3.0297770820571045e-07	0.2090937489030058	-0.0259509392350262	-1.164608399006716e-06	1.1845593430404664e-10	0.0807148015980072	0.0622125899649678	0.0344512128439739	0.0015624253199935	-0.0315588996149597	-0.0599832801803372	-0.0794802857881259	-0.0871481564964257	-0.0818456750071257	1
0.3047079711467053	4.8706388472990726e-08	0.0995398049215324	-0.0195578202391438	2.9846560321571506e-06	-2.9888629386667527e-10	0.0803147365889429	0.0607350848678413	0.0315588996149598	-0.0026037944909194	-0.0363550723421517	-0.0643620152419977	-0.0821993463139075	-0.0870486526731114	-0.0781437127660679	1
0.3782389137682438	5.405029365747498e-08	0.0276070199006992	-0.0126936064668563	-7.48996675630209e-06	7.373225662004284e-10	0.0799032117459601	0.0592229166846011	0.0286260629620287	-0.0067640709381201	-0.041021597563897	-0.0684102784557584	-0.0843440264041903	-0.0861548210706276	-0.0735394546338698	1
0.4246544847095588	-5.1120702128393495e-08	-0.0100212134503918	-0.0073225925414844	1.836554167300378e-05	-1.7724311944219801e-09	0.0794802857881253	0.0576769484487977	0.0256564688144245	-0.0109089078666103	-0.0455418337687059	-0.0721072836945846	-0.0858993397806216	-0.0844748179929484	-0.0680860642374873	1
0.4630947546940887	3.0234470152681225e-08	-0.0256391061942501	-0.0038297637029333	-4.385974394558068e-05	4.129382182630215e-09	0.0790460190612909	0.0560980624845477	0.022653930300107	-0.0150288443632957	-0.0498996611331194	-0.0754340483932416	-0.0868544184544089	-0.0820239736384484	-0.061846509812921	1
0.4519198037355958	-1.5317585839156525e-08	-0.027690433990515	-0.0018439562206598	0.0001012787417654	-9.239677165058766e-09	0.0786004735294845	0.0544871599029677	0.0196223028494789	-0.0191144763522569	-0.0540795390073585	-0.0783734910157745	-0.0872025886680444	-0.0788246522102876	-0.0548928371348158	1
0.4551408777501928	7.153444955064062e-09	-0.0227398176297976	-0.0008237847582961	-0.0002175102070158	1.953421821950479e-08	0.0781437127660679	0.0528451600878869	0.0165654792447927	-0.0231564780602849	-0.0580665613355539	-0.0809105187620026	-0.0869414175292014	-0.0749060478407912	-0.0473053376311531	1
0.4180171582210637	-3.16900533432522e-09	-0.0157249993119591	-0.0003519579655336	0.000425497031121	-3.774613558663186e-08	0.0776758019446655	0.0511730001711315	0.0134873846215979	-0.0271456233036853	-0.0618465098129214	-0.083032105062694	-0.0860727300109383	-0.0703039181920333	-0.039171621288506	1
0.417028882861353	1.351089141785792e-09	-0.0095480044071149	-0.0001080418186133	-0.0009771217989467	6.122129020041036e-08	0.0771968078298655	0.0494716344976788	0.0103919714286423	-0.0310728065477601	-0.0654059045903164	-0.0847273564655128	-0.0846025961994229	-0.0650602581635451	-0.0305856050526644	1
0.3713384904624193	-5.589435685684072e-10	-0.0052079465223722	4.6105594443120726e-06	0.0228390869488021	-5.7023659232202094e-08	0.076706798767693	0.0477420340809881	0.0072832143527037	-0.0349290636909011	-0.0687320523453482	-0.0859875685683108	-0.0825412888782815	-0.0592229166846005	-0.0216464284051889	1
0.2096356579842561	2.2548802764816435e-10	-0.0026115132738396	-2.054592638338941e-06	0.1876234994164916	-1.2859079553886064e-07	0.0762058446758581	0.0459851860488176	0.0041651052148652	-0.0387055925258487	-0.0718130915486229	-0.086806270712567	-0.0799032117459606	-0.0528451600878862	-0.0124573086373203	1
0.0871994941988621	-8.897475380630489e-11	-0.0011757672949032	7.322325035180746e-07	0.3121173831427712	1.0699832189547017e-06	0.0756940170337797	0.0442020930798459	0.0010416478447899	-0.0423937728314167	-0.0746380347636938	-0.0871792592074944	-0.0767067987676934	-0.045985186048817	-0.0031243490389618	1
0.1655440079704915	3.4399687344580326e-11	-0.0005910182850965	-2.3104905806779333e-07	0.2496958391623178	-4.698149809072818e-06	0.0751713888723857	0.0423937728314168	-0.0020831470604247	-0.0459851860488174	-0.0771968078298658	-0.0871046189142226	-0.0729743853653638	-0.0387055925258483	0.0062446862358722	1
0.2797250610627111	-1.3042402191544552e-11	-2.4819685800588302e-05	6.520461226513823e-08	0.1337628047276494	1.7107371209786296e-05	0.0746380347636938	0.0405612573587356	-0.0052052670862095	-0.0494716344976786	-0.0794802857881256	-0.0865827330792296	-0.0687320523453482	-0.0310728065477597	0.0155416164809779	1
0.3766790769909683	4.849094606702236e-12	-0.0004805212014917	-1.5876849138344093e-08	0.0478586036299135	-5.681788611649512e-05	0.07409403081017	0.0387055925258489	-0.0083207032526927	-0.0528451600878866	-0.0814803254220814	-0.0856162813665319	-0.0640094436549144	-0.0231564780602846	0.0246590935596536	1
0.4079291860889946	-1.763977707423579e-12	0.0010668895914641	2.5426581456513806e-09	-9.607013718560997e-05	0.0001788971953638	0.0735394546338699	0.0368278374087429	-0.0114254551624588	-0.0560980624845474	-0.0831897942978627	-0.0842102260987388	-0.0588395592406305	-0.0150288443632953	0.0334918414130272	1
0.4243098310012748	6.271013525108239e-13	-0.0022456136401428	3.7239451428396046e-10	-0.0221632161410448	-0.0005238878328859	0.0729743853653634	0.0349290636909012	-0.014515536137286	-0.0592229166846008	-0.0846025961994228	-0.0823717867776145	-0.0532585244562193	-0.0067640709381198	0.0419378716428835	1
0.4173003256777846	-2.1734086793858859e-13	0.046392244217212	-6.438574600887598e-10	-0.028080658846511	0.0013182290101059	0.0723989036324437	0.0330103550516672	-0.0175869783372684	-0.0622125899649673	-0.0857136928685375	-0.0801104030149769	-0.0473053376311535	0.0015624253199938	0.0498996611331194	1
0.2729122428548804	7.317801960336264e-14	0.2291732097131118	4.294425600456654e-10	-0.0248851324918056	-0.0002549089829316	0.0718130915486229	0.0310728065477604	-0.0206358378557479	-0.0650602581635453	-0.0865191219719702	-0.0774376860642654	-0.041021597563897	0.0098746642886901	0.0572852781122731	1
0.110689310090851	-2.352998936682161e-14	0.3114647658835532	-2.2973784755847588e-10	-0.0181554634688406	0.0979333577745123	0.0712170327014147	0.0291175239882989	-0.0236581997835157	-0.0677594212558914	-0.0870160112317316	-0.0743673592016438	-0.0344512128439737	0.0180967959448247	0.0640094436549142	1
0.0106611912506033	7.319910868784467e-15	0.2243532921886109	1.1071921669883159e-10	-0.0114686369743208	0.2795887955046215	0.0706108121404092	0.0271456233036858	-0.0266501832357776	-0.0703039181920334	-0.0872025886680439	-0.0709151872627553	-0.0276400950340177	0.0261537925036143	0.0699945163651362	1
0.0959255142287359	-1.968785588323776e-15	0.1116689403355283	-5.0095884143713496e-11	-0.0065284843048935	0.2942830153565091	0.0699945163651361	0.0251582299087184	-0.0296079463354322	-0.0726879409595459	-0.0870781889184801	-0.0670988956969291	-0.0206358378557483	0.0339721330547772	0.0751713888723852	1
0.2421344008045844	5.713759839882673e-16	0.0345982220260547	2.1695643463542547e-11	-0.0032484357259463	0.1851107776694218	0.0693682333127232	0.0231564780602853	-0.0325276911462587	-0.0749060478407915	-0.0866432556107424	-0.0629380795544623	-0.0134873846215976	0.0414804744482922	0.0794802857881252	1
0.3203378245103453	-7.014844885169306e-17	-0.0066647597951304	-9.088651629531824e-12	-0.0017603613335925	0.0818133890805479	0.0687320523453479	0.0211415102100166	-0.0354056685496836	-0.0769531758340647	-0.0858993397806213	-0.0584541028742868	-0.0062446862358723	0.0486103023078741	0.0828714539096376	1
0.4009938127642351	3.3423174640807537e-17	-0.0245537283057524	3.705575433806159e-12	-0.000372464723889	0.0177350692565182	0.0680860642374873	0.019114476352257	-0.0382381830588629	-0.0788246522102879	-0.0848490943407759	-0.0536699889886252	0.0010416478447892	0.0552965562316024	0.0853057367014327	1
0.4494939314193236	1.138303888434769e-16	-0.0279423259274181	-1.4759501859060725e-12	-0.0010364582357	-0.0146034059427067	0.0674303611629661	0.0170765333677338	-0.041021597563897	-0.0805162051788795	-0.0834962646200589	-0.048610302307874	0.008320703252693	0.0614782234746831	0.0867550264209531	1
0.4707466179259595	1.4277060682839616e-16	-0.0235699783418029	5.758155387122417e-13	0.0199376398643164	-0.0269164762726335	0.0667650366818038	0.0150288443632958	-0.0437523380020872	-0.0820239736384486	-0.081845675007126	-0.0433010221926998	0.0155416164809779	0.0670988956969297	0.0872025886680442	1
0.3434489351898405	1.989216863789581e-16	-0.0166124935997855	-2.198883767279153e-13	0.1810049335393422	-0.0270547198501883	0.0660901857268658	0.0129725780080977	-0.0464268979472356	-0.0833445159900592	-0.0799032117459603	-0.0377694095609604	0.0226539303001067	0.0721072836945851	0.0866432556107424	1
0.1725815383955803	1.0568151819198835e-16	-0.010237717621036	8.276334733966796e-14	0.3113606759949605	-0.0214332872996898	0.0654059045903167	0.0109089078666103	-0.0490418431120964	-0.0844748179929485	-0.0776758019446656	-0.0320438669143705	0.0296079463354327	0.0764576854195045	0.0850834856562763	1
0.1918199697606772	7.752438730739691e-17	-0.0056585802186499	-3.014426359548302e-14	0.2534258823839254	-0.014175019100474	0.0647122909098815	0.0088390117288374	-0.0515938157581955	-0.0854122996447655	-0.0751713888723856	-0.0261537925036145	0.0363550723421514	0.0801104030149774	0.0825412888782811	1
0.2748329002110609	6.62155201046449e-17	-0.0028557014453934	1.1077272944550647e-14	0.1372798516135761	-0.0090590909885468	0.0640094436549144	0.00676407093812	-0.0540795390073584	-0.0861548210706277	-0.0723989036324439	-0.0201294293807081	0.0428481617510032	0.0830321050626942	0.0790460190612911	1
0.3226411738665494	3.457682196046263e-17	-0.0013293546086492	-3.702910496582779e-15	0.0500439850343023	-0.0032132485125333	0.0632974631122761	0.0046852697169131	-0.0564958210494079	-0.0867006874075519	-0.0693682333127235	-0.0140017101136598	0.0490418431120965	0.0851961307353167	0.0746380347636939	1
0.3816220684056076	7.817692928772039e-17	-0.0005886044430642	1.455389122193539e-15	0.0010105315975693	-0.0029001402489299	0.062576450872025	0.0026037944909194	-0.0588395592406306	-0.0870486526731115	-0.0660901857268656	-0.0078020979607593	0.0548928371348159	0.0865827330792296	0.0693682333127234	1
0.300770379117919	3.614153603578553e-17	-0.0002135605446551	-3.2417175698611646e-16	-0.0217332204994276	0.0930006978283252	0.0618465098129211	0.0005208332119654	-0.0611077440877476	-0.0871979226094879	-0.0625764508720248	-0.0015624253199935	0.0603602591084479	0.0871792592074941	0.0632974631122758	1
0.149720161258176	2.1125599693162888e-17	-0.0001118448564959	1.999656342726413e-16	-0.028064042197246	0.2764546265066043	0.0611077440877472	-0.0015624253199932	-0.0632974631122759	-0.0871481564964257	-0.0588395592406299	0.0046852697169132	0.0654059045903163	0.0869802657587242	0.0564958210494072	1
0.1503849149403547	5.2248308283259686e-17	0.0002120579950836	5.2068986628385606e-17	-0.0250756212616717	0.295752239069195	0.0603602591084475	-0.0036447921353515	-0.0654059045903162	-0.0868994679289542	-0.0548928371348154	0.0109089078666103	0.0699945163651365	0.0859875685683106	0.049041843112096	1
0.2675714324993122	1.2059844932064047e-16	-0.0005626931981669	1.636570573748118e-16	-0.0183841870969301	0.1876728891582474	0.0596041615310864	-0.0057250787734297	-0.0674303611629662	-0.0864524245580967	-0.0507503591428777	0.0170765333677337	0.0740940308101702	0.0842102260987388	0.0410215975638965	1
0.3552349600251704	1.3513189086149063e-16	0.0013782632945864	1.7927213906676607e-16	-0.0116828091361817	0.0836470175310213	0.0588395592406303	-0.0078020979607591	-0.0693682333127236	-0.0858080467951635	-0.0464268979472355	0.023156478060285	0.0776758019446658	0.0816644567802005	0.0325276911462588	1
0.4158588707752584	1.43766484837872e-16	-0.0020157977700028	1.9239496880497766e-16	-0.0066238249401224	0.018738275654626	0.0580665613355537	-0.0098746642886897	-0.0712170327014151	-0.0849678054825834	-0.0419378716428834	0.0291175239882985	0.0807148015980074	0.0783734910157747	0.0236581997835159	1
0.3244326149637712	5.928233948110095e-17	0.0741030341549318	1.5566550560568922e-16	-0.0034143107969132	-0.0141483759499611	0.057285278112273	-0.0119415948899341	-0.0729743853653638	-0.0839336185365914	-0.0372992887542102	0.0349290636909011	0.0831897942978626	0.0743673592016442	0.0145155361372862	1
0.1592197440104451	4.558539935787319e-17	0.2606704367634831	2.0596659258218646e-16	-0.0016228954192765	-0.0267976050002744	0.0564958210494079	-0.0140017101136596	-0.0746380347636941	-0.0827078465694353	-0.0325276911462592	0.0405612573587357	0.0850834856562766	0.0696826176966876	0.00520526708621	1
0.115184744653225	3.0339054269660415e-17	0.3035933178207707	2.043804478875428e-16	-0.0007182422671566	-0.027151581662963	0.0556983027918753	-0.0160538341987465	-0.0762058446758584	-0.0812932875010951	-0.0276400950340179	0.0459851860488177	0.0863826432168379	0.0643620152419976	-0.0041651052148645	1
0.2425422968042719	9.64499816417896e-17	0.2016215802827235	2.0134008860370623e-16	-0.0003012902575786	-0.0215231090404419	0.054892837134816	-0.0180967959448245	-0.077675801944666	-0.0796931701728116	-0.0226539303001069	0.0511730001711314	0.0870781889184805	0.0584541028742868	-0.0134873846215974	1
0.3884620662696254	1.8898739018252702e-16	0.0938579161495536	2.1494331956242526e-16	-8.388207243619952e-05	-0.014506458771591	0.0540795390073584	-0.0201294293807077	-0.0790460190612914	-0.0779111469770059	-0.0175869783372686	0.0560980624845476	0.0871652625298167	0.052012790892755	-0.0226539303001067	1
0.4682187484198565	2.2024301681109076e-16	0.0243950769454646	1.9665609149379536e-16	2.1883232716054737e-05	-0.0086277249117833	0.0532585244562191	-0.0221505744298444	-0.0803147365889434	-0.0759512855204086	-0.0124573086373204	0.0607350848678412	0.0866432556107426	0.0450968569221453	-0.0315588996149594	1
0.5088711969314651	2.3343246383394405e-16	-0.0115395557992267	1.7849199953157326e-16	-3.7281419045466097e-05	-0.0046294402367432	0.0524299106291445	-0.0241590775724026	-0.0814803254220817	-0.0738180593394308	-0.0072832143527033	0.0650602581635456	0.0855158157640065	0.0377694095609606	-0.0400994702540449	1
0.4741071592682553	1.390409972561464e-16	-0.0260895288639613	8.835011348304957e-17	7.660194139586679e-05	-0.0022780257277168	0.0515938157581956	-0.0261537925036141	-0.0825412888782816	-0.071516337688969	-0.0020831470604252	0.0690513744279513	0.0837908211470291	0.0300973125091051	-0.0481770274789171	1
0.4256087685051157	3.985752471716703e-17	-0.0275339493788999	-5.1318092951305194e-18	-0.0001481250296016	-0.0010386512087458	0.050750359142878	-0.0281335807879998	-0.0834962646200591	-0.0690513744279511	0.0031243490389618	0.0726879409595462	0.0814803254220814	0.0221505744298449	-0.0556983027918752	1
0.4120539125557663	1.6919615574681796e-17	-0.0223074059378301	-3.4794870684796956e-17	0.0002465420505442	-0.0004472705858976	0.0498996611331192	-0.0300973125091046	-0.0843440264041903	-0.0664287960269948	0.008320703252693	0.0759512855204088	0.0786004735294849	0.01400171011366	-0.0625764508720249	1
0.3897846903851391	-2.4255959042759202e-17	-0.0153320428883641	-7.925215832896913e-17	-0.0005541528591111	-0.0001667293053265	0.0490418431120965	-0.0320438669143702	-0.0850834856562768	-0.0636545887255501	0.0134873846215975	0.078824652210288	0.0751713888723858	0.0057250787734302	-0.068732052345348	1
0.4012673585051942	2.602300755585265e-17	-0.0091448790108668	-4.844955806839654e-17	0.0180356757242798	-8.06386663878319e-06	0.048177027478917	-0.033972133054777	-0.0857136928685376	-0.0607350848678409	0.0186059680042091	0.0812932875010952	0.071217032701415	-0.002603794490919	-0.0740940308101701	1
0.2914147406759836	6.646814267267289e-17	-0.0051502230115745	1.405511315741471e-17	0.1766432451961949	6.015334176810195e-07	0.0473053376311534	-0.0358810104188924	-0.0862338388190311	-0.0576769484487972	0.023658199783516	0.0833445159900595	0.0667650366818039	-0.0109089078666098	-0.0786004735294849	1
0.147215535062134	1.9534036750882986e-18	-0.002239830885815	-8.23503961496489e-18	0.312451982477581	-2.850085932548872e-07	0.0464268979472359	-0.0377694095609602	-0.0866432556107424	-0.0544871599029671	0.0286260629620285	0.0849678054825833	0.0618465098129213	-0.0191144763522563	-0.0821993463139075	1
0.1894537534206554	-1.1437248808046034e-17	-0.0016946545583691	-4.7968302437781527e-17	0.2581230467520769	1.8418343684586856e-07	0.045541833768706	-0.0396362527226761	-0.0869414175292011	-0.051173000171131	0.0334918414130272	0.0861548210706277	0.0564958210494079	-0.0271456233036847	-0.0848490943407761	1
0.2697862079553619	-1.9328165232724933e-17	0.0173984150598291	-9.255714741707556e-17	0.1411684462791385	-1.0083032898478125e-07	0.0446502713823314	-0.041480474448292	-0.0871279417175276	-0.0477420340809878	0.038238183058863	0.0868994679289543	0.0507503591428782	-0.0349290636909007	-0.08651912197197	1
0.195166510983191	-3.8806039113424275e-17	0.175405958546933	-8.064098297564907e-17	0.0522452002709244	4.874858027343306e-08	0.0437523380020871	-0.0433010221926996	-0.0872025886680443	-0.0442020930798459	0.0428481617510031	0.0871979226094881	0.0446502713823314	-0.0423937728314166	-0.0871901460301692	1
0.1231587640125607	-2.6972399490153585e-17	0.3104996490172005	-4.8322867725746806e-17	0.0019695391087778	-2.2077700790573623e-08	0.0428481617510033	-0.0450968569221447	-0.0871652625298167	-0.0405612573587354	0.047305337631153	0.0870486526731119	0.038238183058863	-0.0494716344976786	-0.0868544184544084	1
0.2261968515407745	2.409640300142724e-17	0.2563933144967097	-4.510904744512087e-17	-0.021502590845881	9.571403426531738e-09	0.0419378716428835	-0.0468669537072311	-0.0870160112317316	-0.0368278374087426	0.0515938157581954	0.0864524245580973	0.0315588996149594	-0.0560980624845474	-0.0855158157640062	1
0.302919011363095	-4.2332896867235216e-17	0.1401623645393623	-1.5033975180990395e-16	-0.0282251700010882	-4.0141640952410204e-09	0.0410215975638968	-0.0486103023078738	-0.0867550264209533	-0.0330103550516669	0.0556983027918749	0.0854122996447659	0.0246590935596536	-0.0622125899649673	-0.0831897942978624	1
0.3680981686356382	-7.362502071987239e-17	0.0518422358005052	-2.1065601455788644e-16	-0.0253939815806625	1.638192852342416e-09	0.0400994702540448	-0.0503259077498696	-0.086382643216838	-0.0291175239882985	0.0596041615310866	0.0839336185365916	0.0175869783372686	-0.0677594212558916	-0.0799032117459603	1
0.3945246157212727	-1.0237969394661538e-16	0.0019201443402733	-2.5376549513372637e-16	-0.0187185262766329	-6.495415159513981e-10	0.0391716212885061	-0.0520127908927546	-0.0858993397806215	-0.0251582299087178	0.063297463112276	0.0820239736384488	0.010391971428642	-0.0726879409595461	-0.0756940170337796	1
0.3964481238329404	-1.278477781192153e-16	-0.0213767117179788	-2.843563723546334e-16	-0.0118382813767394	2.3526366498185906e-10	0.0382381830588628	-0.053669988988625	-0.085305736701433	-0.0211415102100165	0.0667650366818038	0.0796931701728118	0.0031243490389618	-0.0769531758340646	-0.0706108121404095	1
0.4146823242646518	-1.0920874767429338e-16	-0.0280459888577976	-2.738955703908415e-16	-0.0071081364329675	-2.0586186941971512e-11	0.03729928875421	-0.0552965562316021	-0.0846025961994229	-0.0170765333677337	0.0699945163651366	0.0769531758340648	-0.0041651052148647	-0.0805162051788796	-0.0647122909098812	1
0.4048690383962799	-1.1972526309546519e-16	-0.025226632399926	-2.776623646278013e-16	-0.002654654487611	-2.2852243895461787e-10	0.0363550723421513	-0.0568915642976286	-0.0837908211470293	-0.0129725780080975	0.0729743853653636	0.0738180593394311	-0.011425455162459	-0.0833445159900594	-0.0580665613355537	1
0.4197901772953282	-7.52202265766222e-17	-0.0185715422051557	-2.4115252060253395e-16	0.002671007504142	8.367854411798112e-10	0.0354056685496837	-0.0584541028742866	-0.082871453909638	-0.0088390117288374	0.0756940170337796	0.0703039181920338	-0.018605968004209	-0.0854122996447656	-0.0507503591428781	1
0.3097230297958941	-7.446590615391798e-17	-0.0118537656612785	-1.9678903360902475e-16	0.1275036703454619	-2.593102470771004e-09	0.0344512128439735	-0.0599832801803373	-0.081845675007126	-0.004685269716913	0.0781437127660682	0.0664287960269949	-0.025656468814424	-0.0867006874075517	-0.0428481617510034	1
0.15860349361578	-8.558973586567573e-17	-0.0067072033920294	-1.482794882202023e-16	0.2960496841734285	7.655759644633551e-09	0.0334918414130273	-0.0614782234746828	-0.0807148015980072	-0.0005208332119651	0.0803147365889433	0.0622125899649673	-0.0325276911462588	-0.0871979226094876	-0.0344512128439737	1
0.1943893418798482	-3.8207250674869634e-17	-0.0035506680313781	-1.1070934715341063e-16	0.280542577634897	-2.19297082270168e-08	0.0325276911462592	-0.0629380795544623	-0.0794802857881255	0.0036447921353521	0.0821993463139074	0.0576769484487973	-0.0391716212885061	-0.086899467928954	-0.0256564688144244	1
0.2769694124089186	-5.803904187047951e-17	-0.0014695246850517	-1.5173186243407054e-16	0.1664640064094247	6.129319093033545e-08	0.0315588996149595	-0.0643620152419976	-0.0781437127660682	0.0078020979607594	0.0837908211470292	0.0528451600878866	-0.0455418337687056	-0.0858080467951634	-0.0165654792447925	1
0.327226045111871	-1.1407950328071166e-16	-0.001207188353184	-2.148023557294294e-16	0.0689175054293417	-1.6762804159212438e-07	0.0305856050526645	-0.0657492178603087	-0.0767067987676933	0.0119415948899342	0.0850834856562765	0.0477420340809879	-0.0515938157581956	-0.0839336185365913	-0.0072832143527034	1
0.4080300764470934	-4.8920328319859655e-17	0.0008004778035386	-1.7314553123541927e-16	0.0108016469022928	4.492516991384761e-07	0.0296079463354325	-0.0670988956969292	-0.0751713888723859	0.0160538341987467	0.0860727300109381	0.0423937728314168	-0.0572852781122729	-0.081293287501095	0.0020831470604252	1
0.4832790237274127	4.053416827637962e-17	-0.0023818606130913	-1.0550970156466671e-16	-0.0176809061642458	-1.1805847983550462e-06	0.0286260629620282	-0.0684102784557582	-0.0735394546338703	0.0201294293807081	0.0867550264209531	0.0368278374087429	-0.0625764508720249	-0.0779111469770059	0.011425455162459	1
0.4551088932121966	6.255987984769741e-17	0.0490824225048167	-5.795280729320298e-17	-0.0275718436381684	3.041409455417589e-06	0.0276400950340176	-0.0696826176966873	-0.0718130915486232	0.0241590775724031	0.0871279417175275	0.0310728065477603	-0.0674303611629661	-0.0738180593394309	0.0206358378557482	1
0.2756911143741217	4.6958174535558825e-17	0.2328309612999822	9.56254191951649e-18	-0.0264151397630777	-7.673007234762666e-06	0.0266501832357781	-0.0709151872627553	-0.0699945163651367	0.0281335807880001	0.0871901460301691	0.0251582299087181	-0.0718130915486229	-0.0690513744279512	0.0296079463354328	1
0.1547223350214542	-2.99972777771966e-17	0.3109522449139789	-3.1963197825479088e-18	-0.0202515224219345	1.8920217304073287e-05	0.0256564688144241	-0.0721072836945844	-0.0680860642374875	0.0320438669143704	0.0869414175292009	0.0191144763522571	-0.0756940170337796	-0.0636545887255502	0.0382381830588631	1
0.2300220315259391	-2.350058725410751e-17	0.2219205744206266	-2.08688681069082e-17	-0.0133144920688135	-4.546597801894486e-05	0.0246590935596535	-0.0732582266318628	-0.0660901857268657	0.0358810104188927	0.0863826432168377	0.0129725780080977	-0.0790460190612912	-0.0576769484487975	0.0464268979472358	1
0.2864133126125479	-9.373112766264843e-17	0.1096689088396332	-1.035130939846539e-16	-0.0077615276653056	0.0001057583584928	0.0236581997835159	-0.0743673592016442	-0.0640094436549144	0.0396362527226762	0.0855158157640063	0.0067640709381201	-0.081845675007126	-0.0511730001711312	0.0540795390073585	1
0.347583224482615	-9.809809192145494e-17	0.033429905919588	-1.2426060865564044e-16	-0.0040953424631657	-0.0002294440618302	0.0226539303001066	-0.0754340483932416	-0.0618465098129214	0.0433010221926997	0.08434402640419	0.0005208332119653	-0.084073421849514	-0.044202093079846	0.0611077440877474	1
0.4145409557608461	-3.2488998647747764e-17	-0.0072306410636053	-7.689684863127211e-17	-0.0019867352831565	0.0004556418939849	0.021646428405189	-0.0764576854195039	-0.0596041615310869	0.0468669537072314	0.0828714539096378	-0.00572507877343	-0.0857136928685372	-0.0368278374087427	0.0674303611629661	1
0.4707002282859072	4.6817177439432836e-17	-0.024745127991594	-1.1136706929704076e-17	-0.0008937918326241	-0.0010460122285376	0.0206358378557481	-0.0774376860642656	-0.0572852781122732	0.0503259077498699	0.081103349689251	-0.0119415948899341	-0.0867550264209531	-0.0291175239882983	0.0729743853653635	1
0.4098620710618926	-2.287588998872694e-17	-0.0279078156917606	-5.897765232079213e-17	-0.0003830390679373	0.0238367695789719	0.0196223028494784	-0.0783734910157745	-0.0548928371348161	0.0536699889886251	0.0790460190612913	-0.0180967959448246	-0.0871901460301692	-0.0211415102100164	0.0776758019446657	1
0.2257086456402324	-1.0059663804312167e-16	-0.023447147190596	-1.3283937065087392e-16	-0.0001277494871252	0.1905863266447695	0.0186059680042089	-0.079264566185905	-0.0524299106291445	0.0568915642976287	0.0767067987676936	-0.0241590775724028	-0.0870160112317314	-0.0129725780080976	0.0814803254220809	1
0.1218337273377498	-8.494200712069603e-17	-0.0164456175346164	-1.3085343405481326e-16	1.6699259202214547e-06	0.3142386302074423	0.0175869783372681	-0.0801104030149767	-0.0498996611331191	0.0599832801803376	0.0740940308101707	-0.0300973125091047	-0.0862338388190311	-0.0046852697169132	0.0843440264041894	1
0.211190777783762	8.117571918380105e-18	-0.0101962977666671	-3.677980305093442e-17	-1.3932487343067977e-06	0.2503345285800131	0.016565479244792	-0.0809105187620023	-0.0473053376311532	0.0629380795544626	0.0712170327014154	-0.0358810104188924	-0.0848490943407759	0.0036447921353518	0.0862338388190305	1
0.3212440057095371	4.36732797189005e-17	-0.0053808718551923	1.4421448585915696e-17	4.661500217198701e-07	0.1337480089747594	0.0155416164809776	-0.0816644567802002	-0.0446502713823314	0.0657492178603089	0.0680860642374878	-0.041480474448292	-0.0828714539096378	0.0119415948899343	0.0871279417175272	1
0.4094577559094629	8.805289980435514e-17	-0.0033755335865969	6.924513648845252e-17	-1.1608315489583293e-07	0.0476347603106667	0.0145155361372861	-0.0823717867776144	-0.0419378716428837	0.0684102784557586	0.0647122909098814	-0.0468669537072313	-0.0803147365889431	0.0201294293807081	0.0870160112317313	1
0.4283896261750728	6.381061060198684e-17	7.800079719441668e-05	6.450458769786137e-17	1.6794991197286642e-08	-0.0003669722876442	0.0134873846215975	-0.0830321050626939	-0.0391716212885065	0.0709151872627558	0.0611077440877476	-0.0520127908927547	-0.0771968078298658	0.0281335807880001	0.0858993397806213	1
0.4549939955454956	8.05036048298468e-17	-0.0023813825243756	8.295037231851078e-17	3.8500245910894054e-09	-0.0224122144040649	0.0124573086373203	-0.0836450347746897	-0.0363550723421517	0.0732582266318631	0.057285278112273	-0.0568915642976286	-0.07353945463387	0.0358810104188928	0.0837908211470291	1
0.3782702405241605	7.148786008850122e-17	0.0782037820559227	1.0955198214356554e-16	-5.279325792536226e-09	-0.0282639634103414	0.011425455162459	-0.0842102260987387	-0.0334918414130273	0.0754340483932418	0.053258524456219	-0.0614782234746827	-0.0693682333127235	0.0433010221926999	0.0807148015980074	1
0.2037986118451745	7.382855883070314e-17	0.2645826587089615	1.8697644822733127e-16	3.410275411453606e-09	-0.0250013933995846	0.010391971428642	-0.0847273564655127	-0.0305856050526647	0.0774376860642658	0.0490418431120963	-0.0657492178603085	-0.0647122909098812	0.0503259077498698	0.0767067987676934	1
0.1731393743385108	9.706185721483236e-17	0.3020443436644223	2.1410572133622994e-16	-1.8020552600687795e-09	-0.0182065121038195	0.0093570049001136	-0.0851961307353164	-0.0276400950340179	0.0792645661859053	0.0446502713823312	-0.0696826176966873	-0.0596041615310868	0.0568915642976286	0.0718130915486231	1
0.2898552546536478	1.52374295498753e-16	0.1984640531820259	2.1183424771914875e-16	8.630406065347553e-10	-0.0115095022987789	0.0083207032526931	-0.0856162813665317	-0.0246590935596538	0.0809105187620029	0.0400994702540448	-0.0732582266318626	-0.0540795390073584	0.0629380795544624	0.0660901857268657	1
0.4134596750441507	2.1436701311183661e-16	0.0914217709196175	2.1897876882686487e-16	-3.8897238560477886e-10	-0.0064976665087047	0.0072832143527033	-0.0859875685683105	-0.0216464284051894	0.0823717867776148	0.0354056685496838	-0.0764576854195037	-0.048177027478917	0.0684102784557586	0.0596041615310868	1
0.4474213361663484	1.6862555050236374e-16	0.0232216481994527	1.5072720180681774e-16	1.679293505217178e-10	-0.0033371165358557	0.0062446862358722	-0.0863097804374296	-0.0186059680042095	0.0836450347746899	0.0305856050526646	-0.079264566185905	-0.0419378716428835	0.0732582266318632	0.0524299106291445	1
0.4571334491752946	1.3320648201312002e-16	-0.0125139089498467	1.0713873823956661e-16	-7.015390899545265e-11	-0.001581781899851	0.0052052670862098	-0.0865827330792293	-0.0155416164809782	0.084727356465513	0.0256564688144242	-0.0816644567802004	-0.0354056685496839	0.0774376860642659	0.0446502713823312	1
0.4556640002643419	1.1633452964405566e-16	-0.0254627218140396	8.46789022104085e-17	2.8530085182428268e-11	-0.0006970879320707	0.0041651052148647	-0.0868062707125667	-0.0124573086373207	0.085616281366532	0.0206358378557482	-0.0836450347746897	-0.0286260629620283	0.0809105187620029	0.0363550723421514	1
0.4647167386279459	1.2652628766265541e-16	-0.0292495706359145	8.119379834045717e-17	-1.1335764601618774e-11	-0.0002944532129666	0.0031243490389617	-0.0869802657587242	-0.0093570049001138	0.08630978043743	0.015541616480978	-0.0851961307353165	-0.021646428405189	0.08364503477469	0.0276400950340177	1
0.4115052009971524	1.004163869026406e-16	0.0129293693410965	7.098215640099021e-17	4.4104631616191984e-12	-7.08235499748344e-05	0.0020831470604251	-0.0871046189142223	-0.0062446862358725	0.0868062707125669	0.010391971428642	-0.0863097804374298	-0.0145155361372862	0.0856162813665321	0.0186059680042091	1
0.2335500599524346	8.163055898166109e-17	0.1963887289104392	1.1908636268614378e-16	-1.6818485766429404e-12	6.679678343135049e-06	0.0010416478447893	-0.087179259207494	-0.003124349038962	0.0871046189142225	0.0052052670862098	-0.0869802657587242	-0.0072832143527034	0.0868062707125668	0.0093570049001135	1
0.1179213325893944	4.732362290314929e-17	0.30403272298695	1.2564213942399434e-16	6.292025641492596e-13	-2.4761943033748475e-06	4.314695838051226e-17	-0.0872041440393906	-1.3686365715741267e-16	0.0872041440393908	-1.492938349251288e-16	-0.0872041440393905	8.916771310427652e-18	0.0872041440393906	1.4084078934720778e-16	1
0.202382919337473	8.064629040034881e-17	0.2301284273550168	1.1240852080346475e-16	-2.3024368743277153e-13	9.42879666063912e-07	-0.0010416478447892	-0.087179259207494	0.0031243490389616	0.0871046189142225	-0.00520526708621	-0.0869802657587241	0.0072832143527034	0.0868062707125669	-0.0093570049001133	1
0.2983352773491312	7.213744572582456e-17	0.1198608547482261	5.4564698402985256e-17	8.266516524996808e-14	-3.438633093623636e-07	-0.0020831470604252	-0.0871046189142223	0.006244686235872	0.0868062707125669	-0.010391971428642	-0.0863097804374298	0.0145155361372862	0.085616281366532	-0.0186059680042091	1
0.3874482610661764	9.422252062150911e-17	0.03667261248702	2.8588466671033e-17	-2.8119413241916187e-14	1.205358064245003e-07	-0.0031243490389618	-0.0869802657587242	0.0093570049001132	0.08630978043743	-0.0155416164809778	-0.0851961307353165	0.021646428405189	0.0836450347746899	-0.0276400950340175	1
0.3749881316648755	9.321432689089216e-17	0.0508023313459416	1.955431798359437e-17	8.452518771100717e-15	-4.1102178259766665e-08	-0.0041651052148648	-0.0868062707125666	0.0124573086373201	0.085616281366532	-0.020635837855748	-0.0836450347746897	0.0286260629620282	0.0809105187620029	-0.0363550723421513	1
0.2231714663175334	9.05780458338282e-17	0.216880566916063	6.943390653197133e-17	1.1047705479972844e-15	1.35480192825354e-08	-0.0052052670862098	-0.0865827330792293	0.0155416164809776	0.084727356465513	-0.0256564688144241	-0.0816644567802003	0.0354056685496838	0.0774376860642659	-0.044650271382331	1
0.1395887188910603	3.802846864177514e-17	0.2814221464372625	4.8254211511993786e-17	-8.890432085559284e-15	-4.258240343181933e-09	-0.0062446862358722	-0.0863097804374297	0.018605968004209	0.0836450347746898	-0.0305856050526646	-0.079264566185905	0.0419378716428834	0.073258226631863	-0.0524299106291443	1
0.2351376447438096	5.909786119106092e-17	0.1923855485355154	1.9484928165192178e-17	2.411153809648885e-14	1.2233295899083236e-09	-0.0072832143527033	-0.0859875685683106	0.0216464284051889	0.0823717867776147	-0.0354056685496838	-0.0764576854195039	0.0481770274789171	0.0684102784557586	-0.0596041615310865	1
0.3085588392682139	1.7364853695057925e-17	0.0880768551035434	-6.06341605299475e-17	-5.5928047618361153e-14	-2.2059756726818872e-10	-0.0083207032526931	-0.0856162813665318	0.0246590935596533	0.0809105187620027	-0.0400994702540449	-0.073258226631863	0.0540795390073583	0.0629380795544626	-0.0660901857268655	1
0.3847368273382549	3.9636859902514215e-17	0.020175278389806	-8.099955137714599e-17	1.2472471016698158e-13	-2.6942674777598504e-10	-0.0093570049001136	-0.0851961307353164	0.0276400950340174	0.0792645661859052	-0.0446502713823313	-0.0696826176966876	0.0596041615310867	0.0568915642976289	-0.0718130915486228	1
0.3899225832345464	-1.4648373724276572e-17	-0.0144859148557283	-1.4211818372821591e-16	-2.604107904280786e-13	9.925310178929351e-10	-0.0103919714286421	-0.0847273564655128	0.0305856050526643	0.0774376860642657	-0.0490418431120965	-0.0657492178603088	0.0647122909098812	0.05032590774987	-0.0767067987676932	1
0.4042720504853008	-1.6682079536821348e-17	-0.0280501733319241	-1.5529449102618324e-16	4.936850191123658e-13	-2.8685501332014755e-09	-0.0114254551624592	-0.0842102260987387	0.0334918414130268	0.0754340483932417	-0.0532585244562191	-0.0614782234746829	0.0693682333127235	0.0433010221927	-0.0807148015980073	1
0.4085023933646441	-2.082862052135837e-17	-0.0297221759472225	-1.6442032181696418e-16	-7.668129581094055e-13	8.028648396931437e-09	-0.0124573086373205	-0.0836450347746897	0.0363550723421512	0.0732582266318629	-0.0572852781122729	-0.0568915642976288	0.07353945463387	0.0358810104188928	-0.0837908211470292	1
0.4102189608379945	-1.0331694507170837e-17	-0.0226123628034825	-1.6341891240237395e-16	5.705083730408813e-13	-2.2010417215692345e-08	-0.0134873846215976	-0.0830321050626939	0.039171621288506	0.0709151872627556	-0.0611077440877475	-0.0520127908927548	0.0771968078298658	0.0281335807880002	-0.0858993397806214	1
0.406038184147631	-1.286209604060072e-17	-0.0150356985530334	-1.6611031464090255e-16	2.3578072614936125e-12	5.9153688057167426e-08	-0.0145155361372863	-0.0823717867776144	0.0419378716428833	0.0684102784557584	-0.0647122909098812	-0.0468669537072314	0.0803147365889431	0.0201294293807081	-0.0870160112317315	1
0.2681917297125905	-7.9147013668767e-17	0.1009838765421326	-1.7562480065732198e-16	-1.6297346214648074e-11	-1.5590457331081425e-07	-0.0155416164809779	-0.0816644567802003	0.0446502713823311	0.0657492178603087	-0.0680860642374876	-0.0414804744482921	0.0828714539096378	0.0119415948899343	-0.0871279417175275	1
0.1250563760008732	-4.76604804784228e-17	0.2822091289122008	-8.342119110076107e-17	6.87661481312142e-11	4.0289254093929604e-07	-0.0165654792447924	-0.0809105187620025	0.0473053376311531	0.0629380795544625	-0.0712170327014151	-0.0358810104188925	0.0848490943407759	0.003644792135352	-0.0862338388190309	1
0.179124798902105	5.300185030614629e-17	0.2859168094839402	-8.669433422829461e-18	-2.459431109185564e-10	-1.0199505555738592e-06	-0.0175869783372685	-0.0801104030149767	0.0498996611331192	0.0599832801803376	-0.0740940308101703	-0.0300973125091044	0.086233838819031	-0.0046852697169129	-0.08434402640419	1
0.2700001376822122	2.8874879567957896e-17	0.1756081697697056	-7.099940095440161e-17	8.066250501346261e-10	2.5247597117894064e-06	-0.0186059680042092	-0.0792645661859049	0.0524299106291443	0.0568915642976288	-0.0767067987676934	-0.0241590775724028	0.0870160112317315	-0.0129725780080973	-0.0814803254220813	1
0.3294816757949776	-3.321247137143011e-17	0.0754788041420528	-1.5369071399401458e-16	-2.503293108984198e-09	-6.091640460380585e-06	-0.0196223028494786	-0.0783734910157744	0.0548928371348157	0.0536699889886251	-0.0790460190612913	-0.0180967959448246	0.0871901460301693	-0.0211415102100162	-0.0776758019446658	1
0.3899149598714205	-3.032444450637844e-17	0.0143746739699603	-1.763879153718814e-16	7.46652193316614e-09	1.4253691484757978e-05	-0.0206358378557482	-0.0774376860642656	0.0572852781122727	0.0503259077498698	-0.0811033496892511	-0.0119415948899343	0.0867550264209531	-0.0291175239882982	-0.0729743853653637	1
0.4200634848648579	-3.107702119382768e-17	-0.0160458656174933	-1.8276770708888502e-16	-2.1591139556931693e-08	-3.2083352037396986e-05	-0.0216464284051892	-0.0764576854195038	0.0596041615310865	0.0468669537072314	-0.0828714539096378	-0.00572507877343	0.0857136928685374	-0.0368278374087425	-0.0674303611629663	1
0.4661791246148647	2.7560448063196678e-17	-0.0272347638580188	-1.4272624851552583e-16	6.084726767058823e-08	6.828065479254979e-05	-0.0226539303001068	-0.0754340483932414	0.061846509812921	0.0433010221926999	-0.0843440264041902	0.0005208332119652	0.0840734218495141	-0.0442020930798456	-0.0611077440877475	1
0.5053909302858474	9.587896758982596e-17	-0.0268042881611255	-8.556508534535192e-17	-1.676434031269187e-07	-0.0001281100872877	-0.0236581997835161	-0.0743673592016439	0.064009443654914	0.0396362527226763	-0.0855158157640064	0.0067640709381202	0.081845675007126	-0.0511730001711309	-0.0540795390073584	1
0.4901300884922008	6.988588939208774e-17	-0.0208836329791332	-9.28782269550789e-17	4.51711994658849e-07	0.0001969048023364	-0.0246590935596536	-0.0732582266318627	0.0660901857268653	0.0358810104188927	-0.0863826432168379	0.0129725780080975	0.0790460190612913	-0.0576769484487972	-0.0464268979472358	1
0.4824205731923073	6.495101052906928e-17	-0.0138985945974011	-8.668951284233425e-17	-1.1932861295604451e-06	-0.0004362364673373	-0.0256564688144242	-0.0721072836945844	0.0680860642374872	0.0320438669143704	-0.0869414175292013	0.0191144763522571	0.0756940170337796	-0.0636545887255498	-0.038238183058863	1
0.4037122960664782	-4.784058782924813e-17	-0.008182173899195	-1.681313584633708e-16	3.091341811394095e-06	0.0166356317398049	-0.0266501832357782	-0.0709151872627554	0.0699945163651363	0.028133580788	-0.0871901460301694	0.0251582299087178	0.071813091548623	-0.0690513744279511	-0.0296079463354326	1
0.2214146873889966	-1.469482416762069e-16	-0.0043532903779655	-2.5689249367165696e-16	-7.847636151104299e-06	0.1723172541022523	-0.027640095034018	-0.0696826176966873	0.0718130915486229	0.0241590775724029	-0.0871279417175274	0.0310728065477602	0.0674303611629662	-0.0738180593394312	-0.0206358378557483	1
0.065698949118653	-2.2960648063993377e-16	-0.0021266826541543	-3.239444004081591e-16	1.9491457177165578e-05	0.309945334010186	-0.0286260629620288	-0.0684102784557581	0.0735394546338703	0.020129429380708	-0.0867550264209527	0.0368278374087428	0.0625764508720249	-0.0779111469770065	-0.0114254551624597	1
0.1019302686516375	-2.3321133322333314e-16	-0.0009630724258685	-3.124148449941131e-16	-4.725471198004947e-05	0.2581744063646882	-0.029607946335433	-0.0670988956969291	0.0751713888723858	0.0160538341987467	-0.0860727300109377	0.0423937728314167	0.057285278112273	-0.0812932875010954	-0.0020831470604257	1
0.2343539598241065	-1.7041120758658426e-16	-0.0004136966531455	-2.392245143590322e-16	0.0001111951822321	0.1419264345270134	-0.0305856050526648	-0.0657492178603085	0.0767067987676932	0.0119415948899343	-0.0850834856562765	0.0477420340809879	0.0515938157581958	-0.0839336185365915	0.0072832143527028	1
0.3222308743620123	-1.3753403155350812e-16	-0.0001467185386149	-1.913572799529344e-16	-0.000245281282728	0.0529562881711942	-0.0315588996149595	-0.0643620152419976	0.078143712766068	0.0078020979607593	-0.0837908211470292	0.0528451600878866	0.0455418337687058	-0.0858080467951637	0.0165654792447922	1
0.4017902085333613	-7.055744685746045e-17	-2.376883591319154e-06	-1.205006003818953e-16	0.0004982277722079	0.002492250806099	-0.032527691146259	-0.0629380795544622	0.0794802857881254	0.003644792135352	-0.0821993463139075	0.0576769484487976	0.0391716212885064	-0.0868994679289544	0.025656468814424	1
0.4471291119980731	-2.2174153615924842e-17	-5.263370278286481e-07	-7.08487519015738e-17	-0.0011453970084803	-0.0211475280679375	-0.0334918414130271	-0.0614782234746826	0.080714801598007	-0.0005208332119651	-0.0803147365889433	0.0622125899649675	0.0325276911462591	-0.0871979226094879	0.0344512128439735	1
0.4628533095618901	3.2644016654104466e-17	1.339076038718812e-07	-8.199319336540666e-18	0.0250595323770068	-0.0280296889122878	-0.0344512128439734	-0.0599832801803372	0.0818456750071257	-0.0046852697169129	-0.0781437127660684	0.0664287960269951	0.0256564688144243	-0.0867006874075519	0.0428481617510031	1
0.3246398364239883	4.3721697820462677e-17	1.9715398136474576e-08	5.533173525429864e-17	0.192552270789362	-0.025314457587949	-0.0354056685496836	-0.0584541028742866	0.0828714539096377	-0.0088390117288371	-0.0756940170337797	0.0703039181920337	0.0186059680042093	-0.0854122996447655	0.0507503591428779	1
0.2134297618249036	3.420275121215589e-17	-3.7624473644027454e-08	8.998357170700746e-17	0.3125725504908979	-0.0186908748208659	-0.0363550723421511	-0.0568915642976285	0.083790821147029	-0.0129725780080971	-0.0729743853653637	0.0738180593394309	0.0114254551624592	-0.0833445159900592	0.0580665613355533	1
0.2785357088110437	6.651134558795756e-17	2.5081556249461572e-08	1.0621009303012031e-16	0.2467163551937516	-0.0119420816813036	-0.0372992887542099	-0.055296556231602	0.0846025961994226	-0.0170765333677333	-0.0699945163651367	0.0769531758340647	0.004165105214865	-0.0805162051788794	0.064712290909881	1
0.3908533400928217	1.0817537626940299e-16	-1.3356127040974004e-08	1.1007041762654906e-16	0.1316250326335861	-0.0068008681824126	-0.0382381830588628	-0.0536699889886248	0.0853057367014326	-0.0211415102100161	-0.066765036681804	0.0796931701728119	-0.0031243490389614	-0.0769531758340646	0.0706108121404093	1
0.4444893295415613	9.360516413018104e-17	6.260408294402388e-09	8.192536092952855e-17	0.0540420897919288	-0.0035184752810421	-0.0391716212885061	-0.0520127908927545	0.0858993397806211	-0.0251582299087175	-0.0632974631122762	0.082023973638449	-0.0103919714286417	-0.0726879409595461	0.0756940170337795	1
0.3245432442653858	1.9641951536298038e-17	-2.2187913885183447e-09	6.140857481762758e-17	0.1427766331314367	-0.001678418521801	-0.0400994702540448	-0.0503259077498696	0.0863826432168377	-0.0291175239882982	-0.0596041615310869	0.0839336185365915	-0.0175869783372684	-0.0677594212558916	0.0799032117459602	1
0.1757199685809077	-3.761308600405541e-17	-1.0203328882904027e-09	6.255419813764201e-17	0.2799972988455111	-0.0007436453703567	-0.0410215975638966	-0.048610302307874	0.0867550264209532	-0.0330103550516667	-0.0556983027918751	0.0854122996447657	-0.0246590935596533	-0.0622125899649672	0.0831897942978623	1
0.2150370076608861	-1.377992429116087e-17	6.510358508385219e-09	7.29372383575259e-17	0.2450043429766239	-0.0003159984866236	-0.0419378716428832	-0.0468669537072313	0.0870160112317314	-0.0368278374087425	-0.0515938157581957	0.0864524245580969	-0.0315588996149591	-0.0560980624845473	0.0855158157640062	1
0.3129331246481296	-8.537706481432329e-19	-2.065948298669942e-08	5.586936802741349e-17	0.1328818378164842	-8.510171489028477e-05	-0.0428481617510031	-0.0450968569221449	0.0871652625298165	-0.0405612573587353	-0.0473053376311534	0.0870486526731117	-0.0382381830588627	-0.0494716344976786	0.0868544184544085	1
0.4013125814517927	3.3104804268155985e-17	5.99913194982233e-08	6.004085688313019e-17	0.0450084207411457	6.395250372059319e-06	-0.043752338002087	-0.0433010221926996	0.087202588668044	-0.0442020930798457	-0.0428481617510035	0.0871979226094881	-0.0446502713823312	-0.0423937728314168	0.0871901460301693	1
0.4151023269402241	-1.016830165252892e-17	-1.685879570898873e-07	1.3927210012414987e-17	-0.0034508348547348	-2.4458590088868085e-06	-0.0446502713823313	-0.041480474448292	0.0871279417175273	-0.0477420340809878	-0.0382381830588631	0.0868994679289546	-0.0507503591428779	-0.0349290636909011	0.08651912197197	1
0.4261034545872076	-1.9940268245373402e-17	4.629173972415148e-07	-6.300584785561373e-19	-0.0259252812790694	9.086050674826216e-07	-0.0455418337687057	-0.039636252722676	0.0869414175292008	-0.0511730001711312	-0.0334918414130272	0.086154821070628	-0.0564958210494076	-0.0271456233036853	0.0848490943407759	1
0.4509862956754049	2.2924021589875888e-17	-1.2452187891714812e-06	3.3441847893221056e-17	-0.0297330920275314	-3.172831431257395e-07	-0.0464268979472357	-0.0377694095609601	0.0866432556107423	-0.0544871599029672	-0.0286260629620285	0.0849678054825837	-0.0618465098129211	-0.0191144763522569	0.0821993463139073	1
0.479362494826263	8.299575884958545e-17	3.2841969183626477e-06	7.639804681278618e-17	-0.0280856529480529	1.0514223352530105e-07	-0.0473053376311532	-0.0358810104188923	0.0862338388190307	-0.0576769484487973	-0.0236581997835162	0.0833445159900598	-0.0667650366818038	-0.0109089078666102	0.0786004735294849	1
0.4063666485350485	1.137540878015121e-16	-8.492402586588997e-06	1.2547207578302715e-16	0.075254445672606	-3.3400130141980274e-08	-0.0481770274789169	-0.033972133054777	0.0857136928685371	-0.0607350848678408	-0.0186059680042093	0.0812932875010954	-0.0712170327014148	-0.0026037944909192	0.07409403081017	1
0.2268394693018904	8.412020536247138e-17	2.1513864283146935e-05	1.538729153048867e-16	0.2649203837078463	9.982932586595544e-09	-0.0490418431120962	-0.0320438669143702	0.0850834856562765	-0.0636545887255498	-0.0134873846215974	0.078824652210288	-0.0751713888723856	0.0057250787734303	0.0687320523453478	1
0.2032181550625633	7.826999935728592e-17	-5.33261522760404e-05	1.5148207801389515e-16	0.2877834012643015	-2.69636737689486e-09	-0.0498996611331189	-0.0300973125091047	0.08434402640419	-0.0664287960269946	-0.0083207032526929	0.0759512855204088	-0.0786004735294847	0.0140017101136601	0.0625764508720248	1
0.277395082842573	5.947399307643116e-17	0.0001288395559918	9.965429672743955e-17	0.1827375373831936	5.898572802908408e-10	-0.0507503591428778	-0.0281335807879999	0.0834962646200588	-0.069051374427951	-0.0031243490389618	0.0726879409595462	-0.0814803254220813	0.0221505744298449	0.055698302791875	1
0.3136346152570657	-2.6048396463809093e-17	-0.0002944332799272	-1.7658345856546176e-18	0.0809996552443422	-5.536644194682592e-11	-0.0515938157581955	-0.0261537925036143	0.0825412888782811	-0.0715163376889691	0.0020831470604252	0.0690513744279512	-0.083790821147029	0.0300973125091048	0.048177027478917	1
0.3878388207723013	1.847016199112624e-17	0.0006260199074125	7.325097043285762e-18	0.0174738610878535	-4.3248444562321794e-11	-0.0524299106291444	-0.0241590775724028	0.0814803254220811	-0.073818059339431	0.0072832143527033	0.0650602581635455	-0.0855158157640063	0.0377694095609603	0.0400994702540448	1
0.4653170800198314	1.135188871891071e-16	-0.0014311187507973	6.112594087708883e-17	-0.014701610900175	4.0560768285574695e-11	-0.0532585244562191	-0.0221505744298445	0.0803147365889428	-0.0759512855204087	0.0124573086373203	0.0607350848678412	-0.0866432556107425	0.0450968569221451	0.0315588996149592	1
0.4658408866185791	1.489960618858045e-16	0.0289379320032184	8.589881943768252e-17	-0.0269586668229702	-2.4211704887837858e-11	-0.0540795390073584	-0.0201294293807077	0.0790460190612909	-0.077911146977006	0.0175869783372684	0.0560980624845476	-0.0871652625298166	0.0520127908927549	0.0226539303001068	1
0.3028006154499128	1.379220915015567e-16	0.2004790234278114	1.3557444493014172e-16	-0.0271157135485242	1.2340240697301224e-11	-0.0548928371348158	-0.0180967959448244	0.0776758019446655	-0.0796931701728116	0.0226539303001065	0.0511730001711315	-0.0870781889184805	0.0584541028742867	0.0134873846215976	1
0.1829379353407957	1.1837081572891247e-16	0.3129644352029718	1.5375249826771912e-16	-0.0214629248387151	-5.7822771310067306e-12	-0.0556983027918749	-0.0160538341987464	0.0762058446758581	-0.081293287501095	0.0276400950340175	0.0459851860488179	-0.0863826432168378	0.0643620152419977	0.0041651052148648	1
0.2477693821652649	1.3453276120823394e-16	0.242181699528286	1.3248316403959467e-16	-0.014446067490488	2.5671286631630004e-12	-0.0564958210494076	-0.0140017101136595	0.0746380347636938	-0.0827078465694353	0.0325276911462588	0.0405612573587357	-0.0850834856562766	0.0696826176966876	-0.0052052670862096	1
0.3367650496737647	1.1288647265332014e-16	0.1271626290696102	6.274817776990869e-17	-0.0085841643454685	-1.0958192702499485e-12	-0.0572852781122729	-0.011941594889934	0.0729743853653634	-0.0839336185365914	0.03729928875421	0.0349290636909012	-0.0831897942978625	0.0743673592016442	-0.0145155361372862	1
0.4124900750327858	1.1866496490221439e-16	0.0431592378978269	2.67349531380725e-17	-0.0046023573611782	4.5409707576636853e-13	-0.0580665613355537	-0.0098746642886898	0.0712170327014147	-0.0849678054825834	0.0419378716428833	0.0291175239882988	-0.0807148015980075	0.0783734910157745	-0.0236581997835158	1
0.4427268151086641	1.0581016386958697e-16	-0.0008021601357433	-9.537399466247005e-18	-0.0022631437232123	-1.830070740166971e-13	-0.0588395592406303	-0.0078020979607592	0.0693682333127233	-0.0858080467951636	0.0464268979472355	0.0231564780602851	-0.0776758019446659	0.0816644567802005	-0.0325276911462589	1
0.4639055156983708	1.0532386071237141e-16	-0.0240810652230095	-2.925658324489564e-17	-0.0010311502289689	7.261597239928195e-14	-0.0596041615310866	-0.00572507877343	0.067430361162966	-0.0864524245580969	0.050750359142878	0.0170765333677339	-0.0740940308101701	0.0842102260987389	-0.0410215975638967	1
0.3577511389455429	5.4097056764044076e-17	0.0604288786658327	-4.4479735005953166e-17	-0.0004439087165369	-2.7800419417171075e-14	-0.0603602591084478	-0.0036447921353519	0.0654059045903161	-0.0868994679289544	0.0548928371348157	0.0109089078666104	-0.0699945163651366	0.0859875685683108	-0.0490418431120963	1
0.1712878682394693	1.9928660589679454e-17	0.2483144482491005	-3.9576775001538036e-18	-0.0001647452550088	1.0703761241903142e-14	-0.0611077440877474	-0.0015624253199935	0.063297463112276	-0.0871481564964259	0.0588395592406301	0.0046852697169134	-0.0654059045903165	0.0869802657587242	-0.0564958210494075	1
0.0921761506802162	-6.574651823633725e-17	0.2804794552188105	-7.209558320037031e-17	-7.408554372434226e-06	-3.983072139394937e-15	-0.0618465098129211	0.0005208332119652	0.0611077440877475	-0.087197922609488	0.0625764508720247	-0.0015624253199934	-0.0603602591084481	0.0871792592074939	-0.0632974631122758	1
0.2013586606075691	-4.020407831139292e-17	0.1802731792479236	-9.4800633303063e-17	4.774166952565243e-07	1.4759615388358272e-15	-0.0625764508720249	0.0026037944909192	0.0588395592406303	-0.0870486526731117	0.0660901857268654	-0.0078020979607591	-0.054892837134816	0.0865827330792294	-0.0693682333127233	1
0.3049316162247311	-1.6102910249332008e-17	0.080175708172092	-1.2180047709667427e-16	-2.3924045769897e-07	-3.886336345638449e-16	-0.0632974631122759	0.004685269716913	0.0564958210494076	-0.0867006874075521	0.0693682333127234	-0.0140017101136598	-0.0490418431120966	0.0851961307353166	-0.0746380347636938	1
0.3975615945390281	4.332383148339048e-17	0.0166758792147851	-1.0853033321861108e-16	1.6667862964602084e-07	4.258499205062402e-16	-0.0640094436549142	0.00676407093812	0.0540795390073583	-0.0861548210706278	0.0723989036324439	-0.0201294293807078	-0.0428481617510034	0.0830321050626941	-0.0790460190612912	1
0.4756184489170039	1.3016463447798555e-16	-0.0141042198138394	-5.824607621336969e-17	-9.468150129054641e-08	3.537653898602076e-16	-0.0647122909098812	0.0088390117288375	0.0515938157581954	-0.0854122996447657	0.0751713888723857	-0.0261537925036143	-0.0363550723421517	0.0801104030149773	-0.0825412888782814	1
0.5016799415274111	1.56078455088796e-16	-0.0232248716674745	-4.445174335351046e-17	4.7436955399756695e-08	4.715880744445422e-16	-0.0654059045903163	0.0109089078666103	0.0490418431120964	-0.0844748179929487	0.0776758019446659	-0.0320438669143701	-0.0296079463354326	0.0764576854195043	-0.0850834856562766	1
0.3678345391394189	1.1468515111831627e-16	0.0993673563013434	-3.351969081050127e-17	-2.414658618447844e-08	3.679201604788743e-16	-0.0660901857268655	0.0129725780080976	0.0464268979472355	-0.0833445159900594	0.0799032117459603	-0.0377694095609602	-0.0226539303001068	0.0721072836945849	-0.0866432556107426	1
0.1833210773279853	5.872746855504414e-17	0.2739875045710043	-7.056064000243602e-18	1.7291912350544577e-08	2.529747462923197e-16	-0.0667650366818037	0.0150288443632957	0.0437523380020871	-0.0820239736384488	0.0818456750071258	-0.0433010221926995	-0.015541616480978	0.0670988956969294	-0.0872025886680442	1
0.1825869841130504	3.974171265981823e-17	0.2665549191517153	-2.5964105422074207e-17	-2.559919122429433e-08	2.11540716241651e-16	-0.0674303611629661	0.0170765333677337	0.0410215975638968	-0.0805162051788797	0.0834962646200587	-0.0486103023078739	-0.0083207032526932	0.0614782234746829	-0.0867550264209531	1
0.2924423136825754	5.706050139993442e-17	0.1584266052559817	-5.594178963425963e-17	5.9152430079967e-08	2.718673563198989e-16	-0.0680860642374874	0.0191144763522569	0.0382381830588629	-0.0788246522102879	0.0848490943407759	-0.0536699889886249	-0.0010416478447892	0.0552965562316024	-0.0853057367014328	1
0.4011210675171959	9.386031012151316e-17	0.064818251864745	-6.059368723050266e-17	-1.5039894779063936e-07	3.5340961632587933e-16	-0.068732052345348	0.0211415102100165	0.0354056685496836	-0.0769531758340647	0.0858993397806214	-0.0584541028742867	0.0062446862358722	0.0486103023078742	-0.0828714539096379	1
0.4153035905226477	2.2013246033939876e-17	0.0083887780848401	-1.3275043873664696e-16	3.8218893470167633e-07	2.672264848417676e-16	-0.0693682333127235	0.0231564780602849	0.0325276911462589	-0.0749060478407917	0.0866432556107426	-0.0629380795544624	0.0134873846215974	0.0414804744482924	-0.0794802857881258	1
0.406892236870042	-4.286800765651692e-17	-0.0176992323997784	-1.88245864372211e-16	-9.533487361139148e-07	1.5086384558329475e-16	-0.0699945163651365	0.0251582299087177	0.0296079463354325	-0.0726879409595463	0.0870781889184806	-0.0670988956969295	0.020635837855748	0.0339721330547774	-0.0751713888723858	1
0.4086845142357697	-5.898033686463814e-17	-0.0243168685103411	-1.96555791536489e-16	2.32217708240292e-06	1.0910566009371154e-16	-0.0706108121404095	0.0271456233036851	0.026650183235778	-0.0703039181920338	0.0872025886680443	-0.0709151872627557	0.0276400950340177	0.0261537925036145	-0.0699945163651367	1
0.2779097852005057	-9.735472251621052e-17	0.0986491486366321	-1.7641238738536614e-16	-5.497318199110453e-06	1.0160649901227509e-17	-0.0712170327014149	0.0291175239882984	0.0236581997835159	-0.0677594212558918	0.0870160112317315	-0.0743673592016443	0.0344512128439735	0.0180967959448247	-0.0640094436549143	1
0.1308031950960514	-7.551896066753339e-17	0.2761833329734272	-8.545777476578161e-17	1.2558835509957116e-05	-2.5651964593715694e-17	-0.0718130915486228	0.0310728065477601	0.0206358378557482	-0.0650602581635454	0.0865191219719698	-0.0774376860642656	0.0410215975638969	0.0098746642886899	-0.0572852781122729	1
0.1752593498992561	-8.040983301302532e-18	0.2709291515743755	-2.545421569066788e-17	-2.7363130777982385e-05	1.144454393285576e-16	-0.0723989036324438	0.033010355051667	0.0175869783372685	-0.0622125899649673	0.0857136928685373	-0.0801104030149769	0.0473053376311532	0.0015624253199936	-0.0498996611331191	1
0.2748560889738733	-1.1973929524274528e-17	0.1620419034407578	-6.294925410232396e-17	5.5407965824415934e-05	1.068640145818025e-16	-0.0729743853653636	0.034929063690901	0.0145155361372862	-0.0592229166846007	0.0846025961994227	-0.0823717867776145	0.0532585244562192	-0.0067640709381199	-0.0419378716428835	1
0.3464518412473653	-4.5637757154171777e-17	0.0667869799392991	-1.14691060012691e-16	-9.413519993819087e-05	5.5264173675771705e-17	-0.0735394546338701	0.0368278374087427	0.0114254551624589	-0.0560980624845475	0.0831897942978626	-0.0842102260987389	0.0588395592406304	-0.0150288443632955	-0.0334918414130271	1
0.4287854848810445	7.736412695719437e-18	0.009716393134676	-8.63876347957127e-17	0.0001111551905509	1.284688001106225e-16	-0.0740940308101702	0.0387055925258487	0.0083207032526929	-0.0528451600878865	0.0814803254220814	-0.0856162813665319	0.0640094436549142	-0.0231564780602847	-0.0246590935596536	1
0.4969895643041215	7.897563415527479e-17	-0.0184152673982382	-3.2894030098831667e-17	-0.0002284958736612	2.4592800072637336e-16	-0.0746380347636939	0.0405612573587356	0.0052052670862096	-0.0494716344976785	0.0794802857881257	-0.0865827330792294	0.068732052345348	-0.0310728065477598	-0.0155416164809778	1
0.4478832664251503	-5.502451728512584e-18	-0.0278664714714204	-8.358677692846211e-17	0.0144732350365832	1.010457716601514e-16	-0.0751713888723857	0.0423937728314167	0.0020831470604251	-0.0459851860488176	0.077196807829866	-0.0871046189142225	0.0729743853653636	-0.0387055925258483	-0.0062446862358727	1
0.2607261903873858	-1.144220052644006e-16	-0.027339148528129	-1.1136224428878186e-16	0.1662383513318562	3.263795572596966e-17	-0.0756940170337795	0.0442020930798457	-0.0010416478447892	-0.0423937728314168	0.0746380347636942	-0.0871792592074944	0.0767067987676932	-0.045985186048817	0.0031243490389613	1
0.1266812219246763	-1.3264304227154656e-16	-0.0192374170789945	-7.259595346612953e-17	0.3087432797948906	7.736478611864833e-17	-0.0762058446758579	0.0459851860488172	-0.0041651052148645	-0.0387055925258487	0.0718130915486232	-0.0868062707125671	0.0799032117459603	-0.052845160087886	0.0124573086373199	1
0.200474152938947	-6.538478969398843e-17	-0.0158881353169187	-2.156547003797863e-17	0.2614416683532917	1.424985331220101e-16	-0.076706798767693	0.0477420340809877	-0.0072832143527032	-0.0349290636909009	0.0687320523453483	-0.085987568568311	0.0825412888782813	-0.0592229166846002	0.0216464284051884	1
0.2618832867367943	-1.4976666734098698e-17	0.0532956564405745	1.923886426082207e-17	0.1452015714985773	1.0249060996569916e-16	-0.0771968078298656	0.0494716344976785	-0.0103919714286419	-0.03107280654776	0.0654059045903166	-0.0847273564655129	0.0846025961994227	-0.0650602581635449	0.0305856050526641	1
0.1712674640545237	-7.767901960084047e-19	0.2433862228722454	8.799045111233568e-17	0.0550166988322583	-1.1320141736932237e-17	-0.0776758019446656	0.0511730001711312	-0.0134873846215975	-0.0271456233036852	0.0618465098129212	-0.0830321050626939	0.0860727300109382	-0.0703039181920335	0.039171621288506	1
0.129771730042576	-5.424507391003805e-17	0.3057577525402516	7.094636919733092e-17	0.0035793371284853	-1.5784481214651462e-16	-0.078143712766068	0.0528451600878866	-0.0165654792447923	-0.0231564780602849	0.0580665613355536	-0.0809105187620027	0.0869414175292012	-0.0749060478407916	0.0473053376311533	1
0.2450639986820269	-3.394318505784583e-17	0.2106840423224013	4.8743348713929913e-17	-0.0207961057102566	-1.537636543324281e-16	-0.0786004735294847	0.0544871599029673	-0.0196223028494785	-0.0191144763522568	0.0540795390073584	-0.0783734910157745	0.0872025886680443	-0.0788246522102879	0.0548928371348159	1
0.3253147630752428	-7.686151361020398e-17	0.1010926852450905	-1.4820370952914238e-17	-0.0277915812377839	-2.103741901121093e-16	-0.0790460190612912	0.0560980624845474	-0.0226539303001068	-0.0150288443632957	0.0498996611331194	-0.0754340483932416	0.0868544184544087	-0.0820239736384487	0.061846509812921	1
0.4005301229056611	-5.227282146183648e-17	0.0285843964156276	-1.9447238716715957e-17	-0.0260080345044908	-1.710985844516164e-16	-0.0794802857881256	0.0576769484487974	-0.0256564688144242	-0.0109089078666102	0.0455418337687058	-0.0721072836945847	0.0858993397806214	-0.0844748179929487	0.0680860642374874	1
0.4562488321899448	3.77471367478935e-18	-0.0095050817001098	1.9926065262215088e-17	-0.0176258597246981	-7.080963831505161e-17	-0.0799032117459604	0.0592229166846007	-0.0286260629620284	-0.00676407093812	0.041021597563897	-0.0684102784557586	0.0843440264041902	-0.0861548210706276	0.0735394546338699	1
0.4901953109235857	4.689351393320984e-17	-0.0254580052334407	5.69821180862509e-17	-0.0144973157961132	2.3382417095905054e-18	-0.0803147365889431	0.060735084867841	-0.0315588996149596	-0.0026037944909192	0.0363550723421515	-0.0643620152419978	0.0821993463139074	-0.0870486526731114	0.0781437127660679	1
0.3873200832926788	-3.026320899708723e-17	-0.027796030989033	2.0122385214317992e-17	0.053566593149221	-8.149383864203056e-17	-0.0807148015980073	0.0622125899649673	-0.0344512128439736	0.0015624253199936	0.0315588996149596	-0.0599832801803375	0.0794802857881257	-0.0871481564964257	0.0818456750071258	1
0.1996266136448319	-6.793585096591367e-17	-0.0227449734352654	5.3357515867713306e-17	0.2432923858454865	9.331839328480785e-18	-0.0811033496892507	0.0636545887255499	-0.03729928875421	0.0057250787734302	0.0266501832357784	-0.0552965562316025	0.0762058446758584	-0.0864524245580966	0.0846025961994225	1
0.1677602883027475	-1.4056326313848984e-17	-0.0161777162870356	1.2125485272477774e-16	0.30631684192946	1.5255097014343264e-16	-0.0814803254220811	0.0650602581635453	-0.0400994702540447	0.0098746642886902	0.0216464284051893	-0.0503259077498702	0.0723989036324441	-0.0849678054825831	0.0863826432168375	1
0.285563344780887	7.67340278568325e-17	-0.0089951540643303	1.6832744971027822e-16	0.2113739700265446	1.983897266829251e-16	-0.0818456750071258	0.0664287960269949	-0.0428481617510032	0.01400171011366	0.0165654792447926	-0.0450968569221452	0.0680860642374877	-0.082707846569435	0.0871652625298165	1
0.4118665013123609	1.5068586089308035e-16	-0.0067907950916809	1.933748728632e-16	0.1015754761274163	2.536426732670798e-16	-0.0821993463139072	0.0677594212558918	-0.0455418337687059	0.018096795944825	0.0114254551624592	-0.039636252722676	0.0632974631122761	-0.0796931701728114	0.086941417529201	1
0.4262868814944361	1.3564951752693128e-16	0.0275207194691389	1.7514803339165703e-16	0.0288619835312262	1.5266619630775314e-16	-0.0825412888782812	0.0690513744279514	-0.0481770274789172	0.0221505744298449	0.0062446862358723	-0.0339721330547772	0.0580665613355539	-0.0759512855204086	0.0857136928685373	1
0.2761850483415846	1.0585305191462884e-16	0.2015765303243366	2.0873137494296002e-16	-0.0093767814888258	3.34525990220432e-17	-0.0828714539096378	0.0703039181920338	-0.0507503591428781	0.0261537925036145	0.0010416478447891	-0.0281335807879999	0.0524299106291447	-0.071516337688969	0.083496264620059	1
0.1362976791946019	1.7086934185375573e-17	0.3124550378715911	1.7715472434758574e-16	-0.0254398773016626	-1.509892960640673e-16	-0.0831897942978625	0.0715163376889693	-0.0532585244562192	0.0300973125091049	-0.0041651052148649	-0.0221505744298444	0.0464268979472357	-0.066428796026995	0.0803147365889434	1
0.1881278281759026	3.390250491810928e-18	0.2406553892412634	1.3584240383738224e-16	-0.0277585381053234	-1.5051839934271014e-16	-0.0834962646200589	0.0726879409595463	-0.0556983027918752	0.0339721330547773	-0.0093570049001136	-0.0160538341987463	0.040099470254045	-0.0607350848678411	0.0762058446758584	1
0.3300209858044492	9.11698953495892e-17	0.1257155948053216	1.5465446602352791e-16	-0.0228807506995973	3.747037969023394e-17	-0.0837908211470291	0.0738180593394312	-0.0580665613355539	0.0377694095609605	-0.0145155361372863	-0.0098746642886897	0.0334918414130272	-0.0544871599029672	0.071217032701415	1
0.4382185158503814	1.7484087547474824e-16	0.0429698020907813	1.8490519832513496e-16	-0.0159745972470563	2.1724789042921724e-16	-0.0840734218495141	0.0749060478407919	-0.060360259108448	0.0414804744482924	-0.0196223028494786	-0.0036447921353519	0.0266501832357782	-0.0477420340809876	0.0654059045903163	1
0.4689931684204249	1.8018990596983062e-16	-0.0025489784252552	1.6476253032403243e-16	-0.0094834331435405	2.510205109664969e-16	-0.0843440264041901	0.075951285520409	-0.0625764508720252	0.0450968569221452	-0.0246590935596535	0.0026037944909194	0.0196223028494788	-0.0405612573587351	0.0588395592406302	1
0.4827883325701188	1.8737375424011035e-16	-0.0230900763751011	1.5937611264795288e-16	-0.005808432652714	2.7713948871895955e-16	-0.0846025961994227	0.0769531758340649	-0.0647122909098815	0.0486103023078743	-0.0296079463354326	0.0088390117288377	0.0124573086373204	-0.0330103550516666	0.0515938157581957	1
0.4550554631689286	1.503068443780348e-16	-0.0280760583725202	1.255119741150163e-16	-0.0014331026690654	2.4605713759083376e-16	-0.084849094340776	0.0779111469770062	-0.0667650366818039	0.0520127908927549	-0.0344512128439733	0.0150288443632955	0.0052052670862102	-0.0251582299087178	0.0437523380020874	1
0.4536188753909851	1.6294106356978682e-16	-0.0244371269514822	1.260440526493644e-16	-0.0036142258396214	2.687679567406169e-16	-0.0850834856562766	0.0788246522102881	-0.0687320523453482	0.0552965562316023	-0.039171621288506	0.0211415102100164	-0.0020831470604248	-0.0170765333677336	0.0354056685496839	1
0.35477752435152	9.329229700220451e-17	-0.017601951761819	8.211641226969881e-17	0.0549791364963742	2.345505721156944e-16	-0.0853057367014328	0.0796931701728118	-0.0706108121404095	0.0584541028742868	-0.0437523380020869	0.027145623303685	-0.0093570049001133	-0.0088390117288373	0.0266501832357785	1
0.170835793973517	6.416271951086433e-17	-0.0110331212886764	1.095818604276318e-16	0.2407675158864173	3.546954360410557e-16	-0.0855158157640062	0.0805162051788796	-0.0723989036324438	0.061478223474683	-0.0481770274789167	0.0330103550516668	-0.0165654792447921	-0.000520833211965	0.0175869783372687	1
0.0778443344067495	2.2444120884481292e-17	-0.0061850601696197	8.738484551988222e-17	0.3096002337482203	3.5165820091635587e-16	-0.0857136928685371	0.0812932875010951	-0.07409403081017	0.0643620152419979	-0.0524299106291442	0.0387055925258483	-0.0236581997835156	0.0078020979607596	0.0083207032526931	1
0.1834301917124319	8.510547165391799e-17	-0.0031577867883696	1.016653439982838e-16	0.2157494111346673	4.017447275735444e-16	-0.0858993397806212	0.0820239736384488	-0.0756940170337796	0.0670988956969295	-0.0564958210494075	0.0442020930798457	-0.0305856050526642	0.0160538341987469	-0.0010416478447892	1
0.3071327472735919	1.6322420249546831e-16	-0.0014890203065903	1.193433566120795e-16	0.1065441221653141	4.386159278913191e-16	-0.086072730010938	0.0827078465694356	-0.0771968078298658	0.0696826176966878	-0.0603602591084477	0.0494716344976784	-0.03729928875421	0.0241590775724031	-0.0103919714286416	1
0.4086296012420136	2.4855232815212157e-16	-0.0006534970260344	1.5486868535582614e-16	0.0297149885301094	5.470815036072534e-16	-0.0862338388190311	0.0833445159900597	-0.0786004735294849	0.0721072836945849	-0.0640094436549141	0.0544871599029675	-0.0437523380020869	0.0320438669143706	-0.0196223028494782	1
0.3777681960389862	2.803365158513521e-16	-0.0002742668238541	1.7693853183804972e-16	0.0803429370297656	6.484696825741666e-16	-0.0863826432168378	0.0839336185365917	-0.0799032117459604	0.0743673592016445	-0.067430361162966	0.0592229166846007	-0.049899661133119	0.0396362527226765	-0.0286260629620281	1
0.22041231058253	2.5343323051843645e-16	-5.923328667320904e-05	2.0396445289822303e-16	0.2479037940050042	7.653486222467978e-16	-0.0865191219719698	0.0844748179929489	-0.0811033496892509	0.0764576854195043	-0.0706108121404093	0.0636545887255501	-0.0556983027918748	0.0468669537072319	-0.0372992887542102	1
0.1856907975075654	2.400385038830072e-16	6.411612250201573e-06	1.9170013030389759e-16	0.2701972938209845	7.536338777751497e-16	-0.0866432556107423	0.0849678054825836	-0.0821993463139072	0.0783734910157749	-0.0735394546338698	0.0677594212558915	-0.0611077440877474	0.0536699889886256	-0.0455418337687057	1
0.2800299372879131	2.599437354748246e-16	-2.3549997149624237e-06	1.645365565390451e-16	0.1680400579771338	7.31985260420474e-16	-0.086755026420953	0.085412299644766	-0.0831897942978626	0.0801104030149773	-0.0762058446758581	0.0715163376889692	-0.0660901857268655	0.0599832801803379	-0.053258524456219	1
0.2474188151062262	6.251165299370267e-17	9.148783751294608e-07	-1.9885353927152752e-17	0.0700241035513241	3.3518087900657967e-16	-0.0868544184544086	0.0858080467951637	-0.0840734218495141	0.0816644567802005	-0.0786004735294847	0.0749060478407915	-0.0706108121404094	0.0657492178603089	-0.0603602591084477	1
0.1270513936761377	-2.512737517396844e-16	-3.436984530128881e-07	-2.746807109341655e-16	0.0102518273786428	-2.1175898795388212e-16	-0.0869414175292013	0.0861548210706276	-0.084849094340776	0.0830321050626938	-0.0807148015980073	0.0779111469770059	-0.0746380347636938	0.0709151872627555	-0.0667650366818037	1
0.0314278994466751	-4.60988968618653e-16	1.2474340607246598e-07	-4.442840906429069e-16	-0.0189311586812345	-5.616168303858403e-16	-0.0870160112317316	0.0864524245580964	-0.0855158157640064	0.0842102260987384	-0.0825412888782812	0.0805162051788793	-0.0781437127660682	0.0754340483932413	-0.0723989036324435	1
-0.0188118759581406	-5.477636399231484e-16	-4.426246912986321e-08	-5.289902133601775e-16	-0.0293644465146572	-7.098846706893061e-16	-0.0870781889184807	0.0867006874075515	-0.0860727300109381	0.0851961307353161	-0.084073421849514	0.082707846569435	-0.081103349689251	0.0792645661859047	-0.0771968078298655	1
-0.0378311826900178	-5.858284088743427e-16	1.5307578971401278e-08	-5.581415064343156e-16	-0.0284920153678043	-7.501595544259275e-16	-0.0871279417175277	0.0868994679289538	-0.0865191219719699	0.0859875685683101	-0.0853057367014328	0.0844748179929483	-0.0834962646200589	0.0823717867776141	-0.0811033496892506	1
-0.0401558700968423	-5.838231743817679e-16	-5.107325092045157e-09	-5.523372049202854e-16	-0.022331721489634	-7.69227109795457e-16	-0.0871652625298168	0.087048652673111	-0.0868544184544086	0.0865827330792289	-0.086233838819031	0.0858080467951633	-0.0853057367014328	0.0847273564655124	-0.0840734218495138	1
-0.0334427255159427	-5.5252673987900355e-16	1.5548733435065936e-09	-5.350953530259159e-16	-0.0147772799432365	-7.344584342477948e-16	-0.0871901460301694	0.0871481564964253	-0.0870781889184805	0.0869802657587238	-0.0868544184544086	0.0867006874075516	-0.08651912197197	0.0863097804374295	-0.0860727300109378	1
-0.0254907661289732	-5.30825383648903e-16	-8.484968283539729e-11	-5.134781488891349e-16	-0.0093856434355906	-6.522560269672796e-16	-0.0872025886680444	0.0871979226094874	-0.0871901460301693	0.0871792592074936	-0.0871652625298166	0.0871481564964255	-0.0871279417175276	0.0871046189142221	-0.0870781889184803	1
