trial_type.2	trial_type.2_derivative	trial_type.3	trial_type.3_derivative	trial_type.4	trial_type.4_derivative	trial_type.5	trial_type.5_derivative	trial_type.6	trial_type.6_derivative	trans_x	trans_x_derivative1	trans_x_derivative1_power2	trans_x_power2	trans_y	trans_y_derivative1	trans_y_derivative1_power2	trans_y_power2	trans_z	trans_z_derivative1	trans_z_derivative1_power2	trans_z_power2	rot_x	rot_x_derivative1	rot_x_derivative1_power2	rot_x_power2	rot_y	rot_y_derivative1	rot_y_derivative1_power2	rot_y_power2	rot_z	rot_z_derivative1	rot_z_derivative1_power2	rot_z_power2	cosine00	intercept
-2.0730362217368745e-08	2.258749613531262e-08	-0.0004139135725327	-0.0006531426257957	1.5188090741125926e-17	-1.7871295871144172e-16	2.4786068238766963e-16	-2.6454077367567305e-16	1.3678305092465649e-12	2.813203975039651e-12	0.0157573292596854	0.0135968099507144	0.0001848732408351	0.000248293425397	-0.0139494717534211	-0.0322941684055997	0.0010429133130077	0.0001945877621986	-0.2228973450234005	0.0385252085549247	0.0014841916941999	0.0496832264184832	0.0021722815309624	0.0004230233557012	1.78948760850727e-07	4.718807052488219e-06	-0.0010139794044789	-0.0004167632707593	1.736916266333101e-07	1.0281542327948197e-06	-0.0004398996758694	0.0003780791930759	1.4294387796061026e-07	1.935117260175312e-07	0.1512762890000019	1
6.211295726806402e-08	-4.642846619652769e-08	0.0009362781078876	0.0016943522428748	-6.431042979844629e-17	-1.574203792118784e-16	9.866744628589644e-17	5.322272906957321e-17	-3.1764060187874733e-12	-7.766582912764233e-12	0.019257121472948	0.0034997922132616	1.2248545536051964e-05	0.0003708367274221	0.026095327564321	0.0400447993177417	0.0016035859523968	0.0006809661206896	-0.2285092796077798	-0.0056119345843799	3.149380977811431e-05	0.0522164908668703	0.0020028579682065	-0.0001694235627546	2.8704343255748953e-08	4.011440039732388e-06	-0.000991797960446	2.218144403285564e-05	4.92013626029669e-10	9.836631977660403e-07	-0.0002960069435234	0.0001438927323456	2.0705117387942903e-08	8.762010884400056e-08	0.1502346003000017	1
-1.8187453031905504e-07	8.549610069730385e-08	-0.0020953948575415	-0.0029392702730643	-1.034425146575358e-16	-1.8659915680322916e-16	1.2840447144532116e-16	-1.0028867817268904e-16	7.111054147644206e-12	2.116594648199792e-11	0.0145063486358627	-0.0047507728370853	2.256984254957969e-05	0.0002104341507432	-0.0294440963363776	-0.0555394239006986	0.0030846276072215	0.000866954809065	-0.2066464454431078	0.021862834164673	0.0004779835177119	0.0427027534142731	0.0021828211709816	0.0001799632027716	3.238675373374616e-08	4.7647082669245945e-06	-0.0009019372316579	8.986072878943728e-05	8.074948867371086e-09	8.134907704986231e-07	-0.0003990160164474	-0.0001030090729239	1.0610868708236066e-08	1.592137804825571e-07	0.1489877092000019	1
5.224977838613601e-07	-1.226831438547462e-07	0.0559139402654875	0.0805698827172859	-3.5878260896875015e-17	-9.177175448363767e-17	3.3915088700172955e-16	-3.4687522212091813e-19	-1.5094395794402033e-11	-5.6969731297535365e-11	0.0090161112007788	-0.0054902374350839	3.014270709400105e-05	8.129026118432363e-05	0.0199278774112768	0.0493719737476552	0.0024375917917394	0.0003971202981188	-0.2067813030682279	-0.0001348576251203	1.8186578593424672e-08	0.0427585072985958	0.0016218821958641	-0.0005609389751185	3.146525353723874e-07	2.6305018562335846e-06	-0.0005968255423801	0.0003051116892777	9.309314471381072e-08	3.562007260059878e-07	-0.000401516593885	-2.5005774366017675e-06	6.252381347770799e-12	1.6121557493364714e-07	0.1475373187000016	1
-1.4764024608729191e-06	4.0545388159397394e-08	0.3676596846135596	0.2022037986208466	-8.894538767280585e-17	-1.7157614625831863e-16	4.0427409793100797e-16	-9.38581146115571e-17	2.936786794905355e-11	1.514207656567487e-10	0.0022002416299485	-0.0068158695708296	4.645607800601324e-05	4.841063231419142e-06	-0.0215607585764279	-0.0414886359877056	0.0017213069161206	0.0004648663103907	-0.2066835584139587	9.774465426886172e-05	9.55401778262114e-09	0.042718093318657	0.0016218089780463	-7.321781677639414e-08	5.5634799393365446e-15	2.63026436178149e-06	-0.0006519838380995	-5.51582957196208e-05	3.0424365822038633e-09	4.250829242400181e-07	-0.0005959715633231	-0.0001944549694397	3.7812735226113984e-08	3.5518210576316625e-07	0.1458854101000012	1
4.091395536110391e-06	6.434367803470536e-07	0.7730517580483828	0.1743292661380856	2.618229469215705e-16	-7.37277039754967e-17	3.889033193831181e-16	-7.800694662871446e-17	-4.858631157939709e-11	-3.9602739487975074e-10	0.0080463390033847	0.0058460973734368	3.4176854499010496e-05	6.474357135752568e-05	0.0399483115825495	0.0615090701589776	0.0037833657118236	0.0015958675982976	-0.2155166479368817	-0.008833089522924	7.802347051928328e-05	0.0464474255379515	0.0014748694617475	-0.0001469395162971	2.159121964364153e-08	2.175239927520638e-06	-0.0005428560580886	0.0001091277800115	1.1908871969115566e-08	2.946926980891441e-07	-0.0004820998154956	0.0001138717478292	1.2966774624825916e-08	2.3242023189880387e-07	0.1440342395000007	1
-1.117745326965769e-05	-3.6861203393652215e-06	1.000738331112878	0.031338305919611	3.170152166869598e-16	-5.730704061014686e-17	3.7294689002196864e-16	2.508254994245612e-17	4.9031422626688897e-11	1.0217508699014558e-09	-0.0103286536647446	-0.0183749926681309	0.0003376403555571	0.0001066810865281	0.0309015728896196	-0.0090467386929312	8.184348097724078e-05	0.000954907207052	-0.1798411538973011	0.0356754940395814	0.001272740874969	0.0323428406351123	0.0013563766335243	-0.0001184928282231	1.4040549817255112e-08	1.839757573991045e-06	-0.0004149083853679	0.0001279476727216	1.6370607431808015e-08	1.721489661318904e-07	-0.0006012192792131	-0.0001191194637202	1.41894473404891e-08	3.614646224316281e-07	0.1419863355000003	1
3.0159718452723817e-05	1.4977120208890137e-05	0.8472340352999372	-0.1672916619841443	4.0596667367501993e-16	1.1596963831895788e-16	3.9299578907601964e-16	-3.028055958947053e-17	8.618586027004282e-11	-2.599625164146364e-09	-0.006506307998934	0.0038223456658108	1.4610326389040927e-05	4.233204377755899e-05	0.0668113744650061	0.0359098015753864	0.0012895138491825	0.0044637597579044	-0.1550941880018903	0.024746965895411	0.000612412321028	0.0240542071519653	0.0003548715208283	-0.0010015051126976	1.0030124957356105e-06	1.2593379387549409e-07	-0.0004141099208273	7.984645419175325e-07	6.373080779088014e-13	1.7148702650769526e-07	-0.0006214262909491	-2.020701173391596e-05	4.08322505407316e-10	3.861706359919938e-07	0.1397444952000005	1
-8.044630766847541e-05	-5.3347527346830126e-05	0.4473558575123831	-0.1973473676534448	3.052111952431125e-16	-4.83809249562473e-17	1.3987726430828884e-16	-1.8899514301614543e-16	-8.085945932161398e-10	6.510355077324515e-09	-0.0026238007037182	0.003882507295217	1.5073862896104132e-05	6.884330132879206e-06	-0.0218516019158559	-0.0886629763808619	0.007861123380717	0.0004774925062876	-0.1551340451858833	-3.985718399278998e-05	1.5885959956697627e-09	0.0240665719757353	0.0011483495654119	0.0007934780445823	6.296074084867395e-07	1.3187067249505503e-06	-0.0004668733274916	-5.276340666469909e-05	2.7839775565085286e-09	2.1797070230408665e-07	-0.0006497324619667	-2.8306171017511645e-05	8.012397963486646e-10	4.221522727544752e-07	0.1373117808000012	1
0.0002116227814708	0.0001767136654705	0.1280936095757703	-0.1199577201144969	7.892833836085596e-17	1.5554282065717147e-16	1.8486216348398786e-16	1.8877463034001784e-17	3.648411854717216e-09	-1.598652022939307e-08	-0.0113099590177535	-0.008686158314036	7.544934625713046e-05	0.0001279151729852	0.057577456650805	0.0794290585666624	0.006308975344789	0.0033151635143762	-0.1551291693644655	4.875821417475721e-06	2.3773774031579924e-11	0.0240650591877086	0.0007037802253682	-0.000444569340042	1.976418957561924e-07	4.953066034417163e-07	-0.000584264014284	-0.0001173906867946	1.378057409155309e-08	3.413644405619454e-07	-0.0007507942503762	-0.0001010617884097	1.0213484785996657e-08	5.636920082353484e-07	0.1346915149000013	1
-0.0005330689931858	-0.0005410357399736	-0.0386271634003697	-0.0526629364248162	-1.866228258814535e-16	2.525406309113385e-17	6.17068142681063e-17	-1.276335025973031e-16	-1.3527766367313133e-08	3.84084172868e-08	-0.0111637590148793	0.0001462000028736	2.1374439960271635e-08	0.0001246295153437	0.0279191812418715	-0.0296582754089353	0.0008796133002306	0.000779480681215	-0.1332071384780788	0.0219220308863876	0.0004805754381844	0.0177441417415162	0.000845711454001	0.0001419312286329	2.0144472024860513e-08	7.152278630678229e-07	-0.0008138005946864	-0.0002295365804003	5.2687042360712594e-08	6.622714135848714e-07	-0.0007101561341159	4.0638116259799855e-05	1.651454743610553e-09	5.043217362832542e-07	0.1318872767000013	1
0.0012507240295509	0.0014286165257911	-0.0982758662600546	-0.0119857315146828	-1.7731545731165975e-16	6.203516965313774e-17	1.274203470168134e-16	-2.535419543328848e-17	4.578710537197645e-08	-8.989438833380127e-08	-0.011267698788233	-0.0001039397733536	1.0803476232330111e-08	0.0001269610359846	0.0488337671289133	0.0209145858870414	0.0004374199028247	0.0023847368120008	-0.1352672571271269	-0.0020601186490483	4.244088848600122e-06	0.0182972308506947	0.0008458926892717	1.8123527042283524e-07	3.1406012442282364e-14	7.155344432609826e-07	-0.0004142187426273	0.0003995818520583	1.5966566015691876e-07	1.7157716662759085e-07	-0.0005168243428557	0.0001933317912602	3.737718218445411e-08	2.671074007678282e-07	0.1289028963000016	1
-0.0024390301461772	-0.0010574473888265	-0.0992775222475733	0.0078816823232747	-2.439681407524224e-16	5.75392334853035e-17	7.389328903993169e-17	-1.998794525776131e-16	-1.4660763328828746e-07	2.031637409375278e-07	-0.0053571526733135	0.0059105461149194	3.4934555375547486e-05	2.869908476577931e-05	0.048928054937834	9.428780892002696e-05	8.890188593161863e-09	0.0023939545599986	-0.0988426485210077	0.0364246086061202	0.0013267521121099	0.0097698691666447	0.0005369473037209	-0.0003089453855539	9.544725126927525e-08	2.883124079946202e-07	-0.0004140679536417	1.507889864501457e-07	2.0634923564449772e-14	1.714522703227791e-07	-0.0002548887664089	0.0002619355764461	6.861024699116587e-08	6.496828041798167e-08	0.1257424501000013	1
0.0750201840911062	0.0961239243454105	-0.0753395734563254	0.0142121351953617	-1.8516242323507395e-16	1.3527225437185586e-16	-8.935738310438858e-18	-1.6757884690799358e-16	4.5039887009447444e-07	-4.370857853244015e-07	0.0075304104400553	0.0128875631133673	0.0001660892830007	5.670708139420537e-05	0.1456788947058294	0.0967508397679937	0.009360724995813	0.0212223403627179	-0.032183439433601	0.0666592090874073	0.0044434501561597	0.0010357737737751	-4.998967615858693e-05	-0.0005869369798756	3.444950176827173e-07	2.4989695098218114e-09	-0.0002490018227928	0.0001650661308465	2.724682728508717e-08	6.200190728173833e-08	8.299373301019688e-05	0.0003378824994205	1.141645843755285e-07	6.8879590537099195e-09	0.1224102548000012	1
0.4105297554746433	0.2061430771580308	-0.0476282504062366	0.0127944031952535	-1.891375747342088e-16	-1.378819648240903e-16	-2.3669608451150123e-16	1.0087491547808675e-16	-1.338891843247389e-06	8.734885051904009e-07	0.0130910743666439	0.0055606639265866	3.092098330433397e-05	0.0001713762280705	0.0655382002706849	-0.0801406944351479	0.0064225309045462	0.0042952556947182	-0.0207596703163928	0.0114237691172074	0.0001305025008418	0.0004309639116457	-9.200007267849904e-05	-4.201039651956215e-05	1.7648724577317842e-09	8.464011315390358e-09	-2.0999649716196988e-05	0.0002280021730794	5.1984992020924105e-08	4.40984781591165e-10	-7.000946173288891e-06	-8.999467918528473e-05	8.099041170831415e-09	4.9014656404725534e-11	0.1189108618000008	1
0.8083158872779892	0.1651133483929652	-0.0261324789346884	0.0087345658564289	-1.4038984658915551e-16	-4.968577843629806e-17	-2.722339720898899e-16	1.8617736424067004e-18	3.895267940272052e-06	-1.5211082171877715e-06	0.0130777925443656	-1.328182227689442e-05	1.764045087510685e-10	0.0001710286578323	-0.0245260563455643	-0.0900642566162468	0.0081115703198398	0.0006015274398636	-0.0322920858946099	-0.0115324155782175	0.0001329966090692	0.0010427788114245	0.0003609997443995	0.0004529998170752	2.0520883467157338e-07	1.3032081589318858e-07	-9.100125475857736e-05	-7.000160504195914e-05	4.900224714407958e-09	8.281227427323636e-09	-6.983577053031689e-06	1.736912272291904e-08	-1.6452242536705552e-16	4.876880190443804e-11	0.1152490509000011	1
1.0046321951880812	0.0098903087344995	-0.0127437274227894	0.0049659931574056	-1.0305854216578575e-16	2.527940507202595e-16	-7.206429323522801e-17	2.701684042608367e-17	-1.1128350802224032e-05	1.8425093587856707e-06	-0.0064162705889008	-0.0194940631332676	0.0003800184974469	4.116852827186648e-05	0.0072661547955012	0.0317922111410681	0.001010744689238	5.279700551152742e-05	0.0087856746136778	0.0410777605082884	0.0016873824083761	7.718807841757969e-05	0.0004589997218691	9.79999774723275e-05	9.603996501360845e-09	2.106807463753721e-07	-1.1001593420889574e-05	7.99996613364095e-05	6.399944741192404e-09	1.2103506799834592e-10	-6.997472836290818e-06	-1.3895787550216882e-08	-1.7629393220255833e-15	4.896218150038466e-11	0.1114298236000013	1
0.8110762662573793	-0.1801566990722769	-0.0056274993860881	0.0024632716082174	-3.3346475775734286e-17	2.297010122213822e-16	1.8032321180731702e-16	-1.0205010557867421e-16	3.126118267671453e-05	1.0607537570406238e-06	-0.0062955030372507	0.0001207675516501	1.4584801186002558e-08	3.9633358492556114e-05	0.0090834743024856	0.0018173195069834	3.302650190072503e-06	8.250950540418147e-05	0.0301311693488501	0.0213454947351723	0.000455630145488	0.0009078873663297	0.0002809969020696	-0.0001780028198002	3.168500315925984e-08	7.895925860239053e-08	-1.1075565534697571e-05	-7.39721152822643e-08	4.966050872717668e-15	1.2266713757911243e-10	-0.000537998081691	-0.0005310006088566	2.8196165176251857e-07	2.8944193806614085e-07	0.107458396600001	1
0.4076028002372878	-0.1912149908457649	-0.0022282974023023	0.0010643784376522	-8.468465763957437e-17	2.0647474991794886e-16	2.2160143131857383e-16	-5.792317835035298e-17	-8.626306962173084e-05	-1.8487164639698072e-05	-0.0100536523313661	-0.0037581492941148	1.4123686116860143e-05	0.0001010759252008	0.009128089369881	4.461506739509333e-05	1.9905040881292813e-09	8.33220155446455e-05	0.0360200739154898	0.0058889045666386	3.4679196993452134e-05	0.0012974457248782	0.000167997317819	-0.0001129995842497	1.2768905617055458e-08	2.8223098684104362e-08	-1.1034863763735777e-05	4.0701769377724614e-08	3.1306095242547427e-16	1.2176770716980995e-10	-0.0004149991768026	0.0001229989048902	1.5128729125330693e-08	1.7222431581759755e-07	0.1033401944000013	1
0.1045319127097457	-0.1118967742897835	-0.0007461120813633	0.0003797807136044	-1.1082879391271235e-16	2.7276417766810903e-16	2.0258952417940087e-16	4.3129494564382376e-17	0.0002356636833229	9.2452203141531e-05	-0.0063586034533373	0.0036950488780291	1.365338620943526e-05	4.043183787736999e-05	0.0443567846098333	0.0352286952399515	0.0012410609683093	0.0019675243409236	0.0058167166801031	-0.0302033572353884	0.0009122427882894	3.38341929363572e-05	-0.0005509712701192	-0.0007189685879395	5.169158334278392e-07	3.035693406870692e-07	0.0001481063936038	0.0001591412573678	2.5325938863738553e-08	2.1935503231741305e-08	-0.0003869586608007	2.804051600430484e-05	7.862682583656173e-10	1.497370043079275e-07	0.0990808418000011	1
-0.0487638110492315	-0.0472950317248001	-0.0001719412747492	9.175201100642593e-05	-1.3029225921999904e-16	-2.814452460885655e-17	1.1726224306084354e-16	-3.919296079665231e-17	-0.0006170091558323	-0.000344686903786	-0.0063246408582687	3.396259506803532e-05	1.1534577172513866e-09	4.000108198656197e-05	0.0260259203517151	-0.0183308642581191	0.0003360205844482	0.0006773485301526	0.0056580887690477	-0.000158627911056	2.516281314739805e-08	3.201396851834181e-05	-0.0007269454908915	-0.0001759742207691	3.0966925300827816e-08	5.284497463575101e-07	0.000203695493782	5.5589100179299886e-05	3.0901469143898974e-09	4.149185253925762e-08	-0.0005379256724274	-0.0001509670116275	2.279103670322904e-08	2.893640326714521e-07	0.0946861568000011	1
-0.1004006237201445	-0.0091341387909339	7.147129090642137e-07	-4.475080076596903e-07	-3.824985745986993e-16	6.018119429149615e-16	1.5191781198881027e-17	-1.4787479414068923e-16	0.0014777988302346	0.0009325283562789	-0.006421491045205	-9.685018693535548e-05	9.379957835821904e-09	4.123554724500359e-05	-0.0133780166922012	-0.0394039370439151	0.001552670254561	0.0001789713306151	0.0134461977625003	0.0077881089934523	6.0654641692420926e-05	0.0001808002342684	-0.0008959963700691	-0.0001690508791769	2.857819898391468e-08	8.028094931577526e-07	2.910704630248865e-05	-0.0001745884474795	3.048112628774795e-08	8.472209590239908e-10	-0.0002389870004009	0.0002989386720272	8.936433257927116e-08	5.7114782681178254e-08	0.0901621419000014	1
-0.0975196121794872	0.0090556527043146	-1.5327627872951016e-06	1.0934444701298696e-06	4.277655633212921e-16	-8.690527203113255e-16	3.296440908867865e-17	-1.9968706289962762e-16	-0.0021838683595154	0.0021295277232538	0.0183870256375363	0.0248085166827426	0.0006154625000001	0.0003380827117931	0.0069344299515845	0.0203124466437864	0.0004125954886555	4.808631875216496e-05	0.0058149342602527	-0.0076312635022479	5.823618263833352e-05	3.381346045118679e-05	-0.0005320409385757	0.0003639554314918	1.3246355558554706e-07	2.8306755987251857e-07	0.0004369493887401	0.0004078423424406	1.663353766439497e-07	1.9092476728773386e-07	0.0001891164934255	0.0004281034938285	1.8327260253695842e-07	3.5765048203924345e-08	0.0855149763000015	1
-0.0724171397355724	0.0143224418247919	8.615734877056657e-07	-1.065008546403324e-06	-1.7258817507908376e-15	2.1131110165212752e-15	-8.528038103962896e-17	-2.072056607317233e-16	0.097528619934843	0.1119188073256645	0.0672714228444299	0.0488843972068963	0.0023896842902873	0.0045254443315151	-0.0580457375276361	-0.0649801674792215	0.0042224221656282	0.0033693076451272	-0.0475061303986226	-0.0533210646588766	0.0028431359363594	0.0022568324254509	-0.000707942348539	-0.0001759014099646	3.0941306225190185e-08	5.011823684737609e-07	-0.000139793871726	-0.0005767432604671	3.326327884558059e-07	1.9542327469473026e-08	0.0008309507925827	0.0006418342991565	4.119512674302256e-07	6.904792200612248e-07	0.0807510076000017	1
-0.0450567785270551	0.0124314690870951	-1.192647309767664e-06	1.8766458396947732e-06	4.988426968041176e-15	-5.0588525666933066e-15	1.166714178566301e-16	-1.0503220530860494e-16	0.4539382392118872	0.2080269462641549	0.0675823878278567	0.0003109649834258	9.66992183547363e-08	0.0045673791445153	-0.0697654821319721	-0.0117197446043344	0.0001373524135898	0.0048672224971076	-0.0603678249236798	-0.0128616945250577	0.0001654231860558	0.0036442742860166	-0.0010570099317512	-0.0003490675832094	1.2184817853254198e-07	1.1172699952609516e-06	1.4894212054680578e-05	0.0001546880837833	2.3928403392608907e-08	2.2183774312986048e-10	0.0011470102566689	0.0003160594640865	9.989358660113153e-08	1.3156325296090248e-06	0.0758767427000022	1
-0.0243992881027513	0.0083047411971815	3.265108915358298e-06	-4.002240330155798e-06	-1.5049720656369614e-14	1.0043773616879318e-14	3.249159330872579e-16	-1.4256756212157722e-16	0.8415985198584621	0.1545612872878471	0.0676176838867097	3.529605885394397e-05	1.2458105643597287e-09	0.0045721511742033	-0.0509087863397623	0.0188566957922102	0.0003555749761994	0.0025917045265882	-0.0782785288652835	-0.0179107039416036	0.0003207933156833	0.0061275280813122	-0.0011141871656795	-5.717723392913556e-05	3.269235211907464e-09	1.2414130401623385e-06	0.0003308821304599	0.0003159879184036	9.984836645815084e-08	1.0948298393809087e-07	0.0011106882145458	-3.632204212609841e-05	1.319288878775938e-09	1.2336283112447966e-06	0.0708988393000022	1
-0.011769659781316	0.0046479810075219	-9.768790458687224e-06	8.394537210354087e-06	4.4093873038021065e-14	-1.774614253557118e-14	3.1422772433757717e-16	-5.2425261106612327e-17	1.0039227897163132	-0.012659182788139	0.0675238844099233	-9.379947678673916e-05	8.7983423914943e-09	0.0045594749658039	0.008724897893374	0.0596336842331351	0.003556176295218	7.612384324915371e-05	-0.0900365409636037	-0.0117580120983204	0.0001382508485026	0.0081065787086884	-0.001831697107448	-0.0007175099417701	5.148205185011726e-07	3.3551142916316656e-06	0.0005037883648861	0.0001729062344261	2.989656434016442e-08	2.538027172665302e-07	0.0007779617737098	-0.0003327264408355	1.1070688699815377e-07	6.052245199535766e-07	0.0658240966000017	1
-0.0051483076024326	0.0022767068211628	2.8795615395500832e-05	-1.6206705349827242e-05	-1.2544779699047121e-13	2.2072117710656225e-14	1.2428690611351955e-16	-6.234959364293914e-17	0.7724941670033932	-0.1908228414936047	0.0677252001309378	0.0002013157210147	4.0528020129113626e-08	0.0045867027327765	-0.0572147393148869	-0.0659396372082616	0.0043480357551574	0.0032735263948703	-0.0898750209184503	0.0001615200451531	2.6088723394834784e-08	0.0080775193850888	-0.0016773126818774	0.000154384425569	2.3834549237360052e-08	2.8133778338132634e-06	0.0007868370892185	0.0002830487243331	8.011657837520016e-08	6.191126058577556e-07	0.0007911606682987	1.3198894591226182e-05	1.7421154053267784e-10	6.259352033430619e-07	0.0606594461000015	1
-0.0020090480827782	0.0009667827456906	-8.33919608476093e-05	2.6074427352248876e-05	3.522557403077375e-13	7.580429711676037e-15	-3.572334669371942e-17	3.119665785150347e-17	0.3692190921839454	-0.1843746670022891	0.0674026761487337	-0.0003225239822056	1.0402171897823517e-07	0.0045431207520122	-0.0085060660153997	0.0487086732994881	0.0023725348545952	7.235315905724713e-05	-0.0899553839669888	-8.036304853937322e-05	6.4582184353163e-09	0.0080919711046461	-0.0019451359375697	-0.0002678232556894	7.172929614368906e-08	3.78355381645481e-06	0.000376806515163	-0.0004100305740544	1.681250737625565e-07	1.4198314790817492e-07	0.0007138664914119	-7.72941768873723e-05	5.97438855955291e-09	5.096053669846881e-07	0.0554119421000014	1
-0.00065854908553	0.0003370948478446	0.0002385063015718	-1.98787568755714e-05	-9.756485935118505e-13	-2.003186459143298e-13	-2.0169746850712996e-16	-2.395725684602023e-17	0.0825415485655316	-0.104092433650651	0.0513694887383467	-0.0160331874103884	0.000257063098538	0.0026388243732381	-0.0988764768410304	-0.0903704108256293	0.0081668111527965	0.009776557672496	-0.0424000439432953	0.0475553400236943	0.0022615103647703	0.001797763726392	-0.0012671325258765	0.000678003411694	4.596886276597727e-07	1.6056248373045682e-06	0.0003770485937059	2.420785438944571e-07	5.85066373309335e-14	1.4216564113858414e-07	0.0007137390482247	-1.2744318476873432e-07	1.6698820388355872e-14	5.09423428925383e-07	0.0500887521000015	1
-0.0001394466201099	7.472253748768355e-05	-0.0006477177121925	-6.669098623333351e-05	2.656770446150488e-12	1.000472796860004e-12	-1.824961285505595e-16	-2.0158170552542374e-16	-0.0578402452234139	-0.0421929038439157	0.040956706573397	-0.0104127821649499	0.000108426032415	0.0016774518133381	-0.0638350951348232	0.0350413817062099	0.0012278984318804	0.0040749193708724	-0.0493781953936211	-0.0069781514503261	4.869459766353545e-05	0.0024382061803298	-0.0013516383721157	-8.450584624001017e-05	7.141236703289615e-09	1.826926288447543e-06	0.0003770182001649	-3.0393541027402525e-08	-5.322166334846449e-16	1.4214272255765224e-07	0.0007137552988501	1.6250623839039438e-08	-1.1813714204853722e-15	5.094466257766138e-07	0.0446971468000015	1
3.764594090600755e-06	-2.18955759417624e-06	0.0015584499204329	0.000199123354875	-7.1314189948122986e-12	-3.857670543203831e-12	-2.2715311064193264e-16	7.338584586674496e-16	-0.1019390281113324	-0.0064626448689774	0.0412832495388652	0.000326542965467	1.066303061806951e-07	0.0017043066924875	-0.0263020719838217	0.0375330231510006	0.0014087278268532	0.0006917989906413	-0.0844776750955841	-0.0350994797019639	0.0012319734753514	0.0071364775895544	-0.001728761623657	-0.000377123251542	1.42221947085751e-07	2.988616750803508e-06	0.0007298836900589	0.0003528654898928	1.2451405794193705e-07	5.327302005310126e-07	0.000714131729684	3.764308322621676e-07	1.4147212987245233e-13	5.099841264603242e-07	0.0392444906000009	1
-1.9557482841192936e-06	1.4951110483768764e-06	-0.0010389264038752	0.0067997770149669	1.890799253571152e-11	1.3342276167570772e-11	1.2199374179505938e-18	-1.568860219718771e-15	-0.0955372652418327	0.0101298877367974	0.0426415664127555	0.0013583168738902	1.8450247285730257e-06	0.001818303186133	-0.0659611365489797	-0.0396590645651576	0.0015728414021829	0.0043508715348333	-0.0809578543390611	0.0035198207565234	1.2389138158222707e-05	0.006554174179184	-0.0015572763901232	0.0001714852335337	2.9407185175484292e-08	2.425109754993101e-06	0.0007769443199545	4.706062989316814e-05	2.214702471652169e-09	6.036424748501678e-07	0.0007141051854397	-2.6544247272887323e-08	-1.723383733333505e-16	5.099462165675436e-07	0.0337382312000008	1
8.362192036525305e-07	-1.507220736002019e-06	0.1232138704342346	0.1276384652204727	-4.9505769455076e-11	-4.3323017664286463e-11	-1.0562051579313373e-15	3.602730056278863e-15	-0.0694817219512791	0.0143867631155088	0.0516671156711242	0.0090255492583689	8.146053941388053e-05	0.0026694908417734	-0.0192962692007376	0.0466648673482424	0.0021776098446292	0.0003723460050662	-0.0809296457522915	2.820858676996606e-05	7.957243275803974e-10	0.0065496075615901	-0.0017288523212227	-0.0001715759311007	2.943830001958015e-08	2.9889303476838304e-06	0.0009773830650103	0.0002004387450553	4.017569067886856e-08	9.55277656788146e-07	0.0007148463666559	7.411812166757529e-07	5.481448589380346e-13	5.11005328192542e-07	0.0281858894000005	1
-7.408928182660515e-07	2.8743840670887206e-06	0.4975219102629328	0.2084704959469462	1.2772843380095718e-10	1.3448421354892538e-10	3.4632827612603655e-15	-8.748358363641203e-15	-0.0425612094428783	0.0120634894130071	0.0427469605936194	-0.0089201550775059	7.956916660681028e-05	0.0018273026399912	-0.0326359668801216	-0.0133396976793853	0.0001779475341764	0.0010651063341994	-0.0738690893919901	0.0070605563603013	4.985145611725621e-05	0.0054566423676002	-0.0020138497619701	-0.000284997440747	8.12235427628866e-08	4.0555908634514e-06	0.0009772813978022	-1.0166720752321269e-07	1.0943988256058043e-14	9.550789322468923e-07	0.0007149855661863	1.3919953145979174e-07	1.9564062622278983e-14	5.112043610814829e-07	0.0225950489999998	1
2.003370610294876e-06	-6.687005944052033e-06	0.8725063287676355	0.143456732725182	-3.241733099258822e-10	-4.0278245317635617e-10	-1.1369422128787203e-14	2.033813515445204e-14	-0.0227566258943316	0.0078903572875226	0.0417571251121278	-0.0009898354814906	9.79774279573977e-07	0.0017436574976287	-0.0431952489490052	-0.0105592820688827	0.0001114984378099	0.0018658295317661	-0.0656281356116098	0.00824095378038	6.791331921003603e-05	0.0043070521838542	-0.0021308537601451	-0.0001170039981747	1.3689935261119806e-08	4.540537747473762e-06	0.0009772394968728	-4.190092859030038e-08	2.2918657905048267e-15	9.5499703671341e-07	0.0007150422535572	5.668737116219717e-08	3.666917565412052e-15	5.11285423551906e-07	0.0169733465999993	1
-6.77751814738783e-06	1.577353699331937e-05	0.9984810078805167	-0.0348348782394231	8.101319765074304e-10	1.179028689216608e-09	3.593697336444959e-14	-4.55342530929802e-14	-0.0108599122504114	0.0043486836591567	0.0516748829498978	0.0099177578377706	9.836192052724524e-05	0.002670293527885	-0.0334085624605654	0.0097866864884399	9.577923242233837e-05	0.0011161320456813	-0.0875429591543612	-0.0219148235427522	0.0004802594909106	0.0076637696975015	-0.0020713520957768	5.950166436935309e-05	3.540446607014487e-09	4.290499505975947e-06	0.0009772606918333	2.1194959657959268e-08	-3.427903652744521e-16	9.550384612566593e-07	0.0007150130175778	-2.9235980072438537e-08	2.914111495302089e-16	5.11243613508814e-07	0.0113284605999993	1
2.2155969752075527e-05	-3.629181613769521e-05	0.7321596189207761	-0.1985632408050943	-1.988148995879001e-09	-3.3862177105856383e-09	-1.0996264150843483e-13	9.655542862803621e-14	-0.0047035947163256	0.0021027234658553	0.0516596532472864	-1.5229702612354932e-05	2.3194384562716807e-10	0.0026687197736282	-0.0434175100928236	-0.010008947632258	0.0001001790327038	0.00188508018266	-0.0858368272731972	0.0017061318811641	2.910885995279017e-06	0.007367960916329	-0.0019573485147761	0.000114003581001	1.2996814453555997e-08	3.831213208480338e-06	0.0009773014855902	4.0793755666762875e-08	2.0324084154780482e-15	9.551181939168344e-07	0.0007149572192543	-5.579832418238863e-08	3.823498379475747e-15	5.111638246617048e-07	0.0056681012999996	1
-6.95347320067233e-05	8.002154553846806e-05	0.3323193801401764	-0.1766252436535578	4.771601614804675e-09	9.559330426763526e-09	3.253405576887917e-13	-1.86699642982383e-13	-0.0018075852194384	0.0008767979299503	0.0516734268058643	1.3773558577607023e-05	1.8971077637018343e-10	0.0026701430378597	-0.0498041049877723	-0.0063865948949479	4.078859435063546e-05	0.0024804488736327	-0.0807712347043571	0.0050655925688407	2.5660228072768586e-05	0.0065239923556665	-0.0021943539238498	-0.0002370054090749	5.617156264713685e-08	4.815189143372323e-06	0.0009772172064818	-8.427910968406048e-08	6.600701006054687e-15	9.54953468103237e-07	0.0007150738005811	1.1658132751489327e-07	1.3603931411540752e-14	5.113305402378239e-07	8.172635028478028e-17	1
0.0002116703476467	-0.0001622680824057	0.0621693842589455	-0.0964870710947619	-1.1135601429116711e-08	-2.6454266078049677e-08	-9.400148687596161e-13	3.0655577222303043e-13	-0.0005794785903133	0.000298475660517	0.0517564920874934	8.306528162822004e-05	6.899840357974693e-09	0.002678734473202	-0.0250576982525813	0.0247464067351905	0.000612384646302	0.0006278882417165	-0.0968061089798198	-0.0160348742754627	0.0002571171930303	0.0093714227358129	-0.0026808551394532	-0.000486501215603	2.3668343390361442e-07	7.186984279323741e-06	0.0009770426700012	-1.745364813704994e-07	2.959177458915403e-14	9.546123781863783e-07	0.0007158116065093	7.378059290761312e-07	5.438327642391306e-13	5.12386256489823e-07	-0.0056681012999998	1
-0.0006044018951226	0.0002981139283588	-0.0658864141459715	-0.0374263422914628	2.50984122243322e-08	7.226587518282297e-08	2.6663457657152282e-12	-2.958340601836767e-13	-0.0001108167331029	5.958023166840097e-05	0.0517672993700002	1.0807282506767628e-05	1.1679685709621958e-10	0.0026798532840628	-0.0672103167245137	-0.0421526184719318	0.0017768432440394	0.0045172266742093	-0.0764593502464876	0.0203467587333332	0.0004139905909521	0.0058460322401146	-0.0024568555415915	0.0002239995978618	5.0175819200540997e-08	6.036139152729311e-06	0.0009771235026081	8.083260627838894e-08	6.07803809603629e-15	9.547703387154251e-07	0.0007157016369928	-1.099695164368672e-07	1.159002690262192e-14	5.122288343217887e-07	-0.0113284605999997	1
0.0014539854144364	-0.0007581431651228	-0.1029771417717243	-0.0040596494362006	-5.3803949284622006e-08	-1.9494453201683266e-07	-7.453738071975541e-12	-6.158584759819221e-13	5.378064161217327e-06	-2.916474297253674e-06	0.0420107737454036	-0.0097565256245977	9.518979226416256e-05	0.0017649051106862	-0.0337917655071327	0.0334185512173814	0.0011167995654682	0.0011418834160884	-0.0947594248285386	-0.0183000745820514	0.0003348927297096	0.008979348593835	-0.0028927622352379	-0.0004359066936462	1.9001464586409966e-07	8.368073350274998e-06	0.0010427891326861	6.566563007809242e-05	4.311975018430072e-09	1.0874091756621082e-06	0.0004930092118293	-0.0002226924251617	4.9591917190192336e-08	2.4305808338756605e-07	-0.0169733465999999	1
0.0014288260118243	0.0133946657083388	-0.0933639444257369	0.0110067215156542	1.0644995904846128e-07	5.192969874273323e-07	2.0544083009948765e-11	5.3914629592546476e-12	-2.181946297507397e-06	1.1889973729320477e-06	0.0450406459504086	0.0030298722050049	9.180125578466417e-06	0.0020286597876289	-0.0395912036789386	-0.0057994381718061	3.363348310685626e-05	0.0015674634087461	-0.0821919607306044	0.0125674640979348	0.0001579411538522	0.0067555184087403	-0.0023898549702245	0.0005029072650139	2.529157188395388e-07	5.711406778478172e-06	0.0009771468060362	-6.5642326651489e-05	4.308914475767869e-09	9.548158799216306e-07	0.0007151687946145	0.0002221595827837	4.9354880823197045e-08	5.114664065659513e-07	-0.0225950490000001	1
0.1536139022151512	0.1434511005974383	-0.066547233210751	0.0143295200355249	-1.82669367801566e-07	-1.3605970679713433e-06	-5.562777623934622e-11	-2.391419543228809e-11	8.367418949763738e-07	-4.5540515747856973e-07	0.0250852644616353	-0.0199553814887738	0.0003982172503649	0.0006292704931104	-0.0608173744601584	-0.0212261707812189	0.0004505503260324	0.0036987530362272	-0.1151755438232419	-0.0329835830926387	0.0010879167536309	0.0132654058949794	-0.0025633324521467	-0.0001734774819208	3.0094437494113535e-08	6.570673259517901e-06	0.0009200849532545	-5.7061852784776966e-05	3.256054458485897e-09	8.465563217181389e-07	0.0007151803665361	1.157191962579614e-08	-4.757553715101598e-16	5.114829573235257e-07	-0.0281858894000004	1
0.5430018093496471	0.2069207595734106	-0.040149624822737	0.0116455151084494	2.1184246910948738e-07	3.5185462283373858e-06	1.4872628574370135e-10	8.834334864427655e-11	-3.029749477483855e-07	1.6435017631202697e-07	0.0317343544252801	0.0066490899636473	4.421039734414935e-05	0.0010070692507904	-0.0756595072499126	-0.0148421327897512	0.0002202889057473	0.0057243610373	-0.0915194808627864	0.0236560629604568	0.0005596093147877	0.0083758153773933	-0.0029402516476366	-0.0003769191954908	1.4206807965557065e-07	8.645079752102908e-06	0.0011023412526229	0.0001822562993714	3.321735790426481e-08	1.2151562383291734e-06	0.0004476225433249	-0.0002675578232097	7.158718938048336e-08	2.003659411573363e-07	-0.0337382312000005	1
0.9022203451310152	0.1301756645562812	-0.0211978752506274	0.0074669433227151	1.7826766098342844e-07	-8.974428821035748e-06	-3.9278519664455525e-10	-2.984215981342857e-10	1.0495903490656607e-07	-5.674847774471304e-08	0.0317119789655033	-2.2375459777167356e-05	5.006607727042667e-10	0.0010056496099089	-0.0329911465881748	0.0426683606617378	0.0018205890015599	0.001088415753202	-0.0949263060246119	-0.0034068251618252	1.1606457682529166e-05	0.0090110035754779	-0.0031448534746634	-0.0002046018270265	4.1861906821908743e-08	9.89010337658071e-06	0.0009763770552532	-0.0001259641973695	1.5866979472508445e-08	9.533121542961072e-07	0.000716037722742	0.000268415179419	7.204671026667158e-08	5.127100214466171e-07	-0.0392444906000009	1
0.9878969722871528	-0.0584680664787256	-0.0100087211363935	0.0040551862266254	-2.461073138100368e-06	2.2538287801324124e-05	1.0240454879881615e-09	9.543375157059695e-10	-3.5687204050388414e-08	1.9221486596365213e-08	0.0317943597681003	8.238080259629133e-05	6.786596153340681e-09	0.001010881313063	-0.0284647713477422	0.0045263752404305	2.0488072815990343e-05	0.0008102432078798	-0.1147537255574581	-0.0198274195328465	0.0003931265653327	0.013168417529316	-0.0036673096518276	-0.0005224561771637	2.729604585677962e-07	1.344916008251031e-05	0.0009763873330134	1.0277761433962464e-08	3.0199624086430723e-16	9.533322241282534e-07	0.0006087931949617	-0.0001072445277799	1.1501387281130532e-08	3.706291547968775e-07	-0.0446971468000014	1
0.6884625414461899	-0.2043990997861571	-0.004292295930864	0.0019359004649971	1.166860245018665e-05	-5.552881175473326e-05	-2.626890547245219e-09	-2.9215322891645823e-09	1.1788295124050431e-08	-6.318268152822947e-09	0.0317053686789571	-8.899108914232391e-05	7.919414284064593e-09	0.0010052304030669	-0.0501198116471219	-0.0216550402993798	0.0004689407703675	0.0025119955195439	-0.0887730218470766	0.0259807037103822	0.0006749969652872	0.0078806494078599	-0.003418855848124	0.0002484538037026	6.172929107542646e-08	1.1688575309003323e-05	0.0009762785494414	-1.0878357087812762e-07	1.3398139484614895e-14	9.531198069319563e-07	0.0007161714975588	0.0001073783025983	1.1530099188890623e-08	5.129016145513259e-07	-0.0500887521000012	1
0.2954760403218993	-0.1681380041353331	-0.0016240109442172	0.0007925926105934	-4.438066431912604e-05	0.000133881547013	6.63561840951848e-09	8.681554924404118e-09	-3.758865936800355e-09	2.001227893116843e-09	0.035267611993391	0.0035622433144344	1.2689577431387002e-05	0.0012438044557144	0.0044382358760528	0.0545580475231737	0.0029765805495421	1.9697937691256606e-05	-0.1013500230173048	-0.0125770011702293	0.0001581809584365	0.0102718271656071	-0.003882933576413	-0.0004640777282895	2.153681378055179e-07	1.5077173158901509e-05	0.0010489376766148	7.2659127172531e-05	5.279349294822563e-09	1.1002702507259705e-06	0.0008070401604219	9.086866286345752e-05	8.257113573804794e-09	6.513138200311905e-07	-0.0554119421000012	1
0.0424343811048588	-0.0888339521117411	-0.0005078203695558	0.0002627511571682	0.000155403487377	-0.0003093339398026	-1.6491912733890142e-08	-2.525007656053573e-08	1.144478104805011e-09	-6.031325826006001e-10	0.0315809557380641	-0.0036866562553262	1.3591434345656509e-05	0.0009973567653276	-0.0506985584381139	-0.0551367943141675	0.0030400660872435	0.0025703438277022	-0.0849868079848198	0.0163632150324851	0.0002677548061994	0.0072227575314475	-0.0036668980946439	0.0002160354817701	4.6671328365172255e-08	1.3446141636320009e-05	0.0009760431078579	-7.289456875708418e-05	5.313619514639853e-09	9.526601491766697e-07	0.0007962931171303	-1.0747043293001942e-05	1.1549931716113812e-10	6.340827277243345e-07	-0.0606594461000012	1
-0.0733363239040248	-0.0326980453552839	-8.567742955265309e-05	4.619751221439571e-05	-0.0004849729015629	0.000685059381934	4.020498548262952e-08	7.212039010449243e-08	-3.2293403150715503e-10	1.6706121882146294e-10	0.0318016089530164	0.0002206532149527	4.86878416783937e-08	0.001011342331999	-0.0159981389969057	0.0347004194412087	0.0012041191093956	0.0002559404513631	-0.094705957211254	-0.0097191492264347	9.4461861685678e-05	0.008969218331299	-0.0041993632151999	-0.0005324651205549	2.8351910596304377e-07	1.7634651416886325e-05	0.0009759983524757	-4.4755380931696803e-08	8.436675213226726e-16	9.525727833083834e-07	0.0007170520863172	-7.924103081211192e-05	6.279140355254911e-09	5.141636928352521e-07	-0.0658240966000012	1
-0.1035565281483687	-0.0017018328599139	5.764312152305024e-06	-3.1464164726753865e-06	0.0011447181677469	-0.0017692680983253	-9.566273251281035e-08	-2.0215049678230853e-07	7.369219064430864e-11	-3.712801344729548e-11	0.0365353836077404	0.0047337746547249	2.2408622481507823e-05	0.0013348342553641	-0.0616903736850252	-0.0456922346881199	0.0020877803107942	0.003805702205398	-0.103311562963143	-0.008605605751889	7.405645035688855e-05	0.0106732790418868	-0.0037724465723352	0.0004269166428664	1.8225782055071835e-07	1.4231353143083012e-05	0.0009753338557383	-6.644967385892829e-07	4.405338881174041e-13	9.512761300781164e-07	0.0008853438403975	0.0001682917540791	2.8322114990177863e-08	7.838337154880333e-07	-0.0708988393000011	1
-0.090894081592667	0.0118244136701995	-2.125417421043343e-06	1.16441767710806e-06	0.0054800678314088	0.0215298573007971	2.2101821487332507e-07	5.570839626367182e-07	5.894379809274083e-12	1.2548383554641142e-12	0.0455575658672698	0.0090221822595291	8.13997727243089e-05	0.00207549180775	0.0115638834374336	0.0732542571224586	0.005366186186565	0.0001337234001531	-0.1174568129367806	-0.014145249973638	0.0002000880968162	0.0137961029052656	-0.0040750759063805	-0.0003026293340452	9.158451337019397e-08	1.6606243643249452e-05	0.0009741488229892	-1.1850327503368744e-06	1.403137352538687e-12	9.489659290454516e-07	0.0011559891707173	0.0002706453303183	7.324889665696737e-08	1.3363109642232112e-06	-0.0758767427000013	1
-0.0634868740053263	0.0142303829488879	8.274032473750701e-07	-4.528273928841761e-07	0.1857081670885856	0.1575311632647565	-4.911844308534589e-07	-1.5156802512838016e-06	-5.734678903889333e-11	3.5908639832103284e-12	0.057575977240816	0.0120184113735477	0.000144442211943	0.0033149931552354	-0.0712322471829483	-0.0827961306203826	0.0068551992457092	0.0050740330387329	-0.1178434627500529	-0.0003866498132721	1.4949807747599829e-07	0.0138870817129229	-0.0037245806686901	0.0003504952376892	1.2284691190316848e-07	1.38725011562815e-05	0.0009096642209817	-6.44846020087343e-05	4.1582632699117696e-09	8.274889950493372e-07	0.0012567005324108	0.0001007113616933	1.0142777244493471e-08	1.5792962285212433e-06	-0.0807510076000012	1
-0.0377092922821722	0.01121009894923	-3.114844818525572e-07	1.7001076291725085e-07	0.5858863539933804	0.2039735177003093	1.0304894689749856e-06	4.072327683393649e-06	1.5997158398864762e-10	2.073727149744656e-11	0.0576504423379873	7.446509717141261e-05	5.5450505241014024e-09	0.0033235735017651	-0.0193122333629676	0.0519200138199826	0.002695687835067	0.0003729623574648	-0.095313100433067	0.0225303623169863	0.0005076172261336	0.0090845871141632	-0.0040051001727525	-0.0002805195040641	7.869119251011136e-08	1.6040827394063103e-05	0.0009114195560678	1.755335088734506e-06	3.081010833162792e-12	8.306856066660312e-07	0.0012908343824113	3.413385000349513e-05	1.1651174122077635e-09	1.6662534039068378e-06	-0.0855149763000006	1
-0.0196522443562374	0.0070422407074253	1.13090379103173e-07	-6.157678125950098e-08	0.9277351936906458	0.1161614698056159	-1.9665875899499688e-06	-1.0790887288473062e-05	-4.3321750196488623e-10	-1.3583255566552255e-10	0.0444950590071753	-0.0131553833308135	0.0001730641105817	0.001979810276051	-0.0336891568072553	-0.0143769234442891	0.0002066959277214	0.0011349592863842	-0.1175126415616535	-0.0221995411285879	0.0004928196263208	0.0138092209267979	-0.004086436608092	-8.133643533804497e-05	6.6156159791422044e-09	1.6698964152196498e-05	0.0009752492576224	6.38297015538957e-05	4.0742318053253045e-09	9.511111150338628e-07	0.0008589971001218	-0.0004318372822893	1.864834420284277e-07	7.37876016428556e-07	-0.0901621419000006	1
-0.0091804226317981	0.0037677548585135	-4.0309623298172264e-08	2.1891392773672168e-08	0.9728937862592753	-0.0805679927400939	3.120928511478065e-06	2.8150445087742168e-05	1.1639853708278563e-09	5.610271981926199e-10	0.0455653991419493	0.0010703401347754	1.1456280027637747e-06	0.0020762055989658	-0.0603753736846792	-0.0266862168774227	0.0007121541712286	0.0036451857475653	-0.0866074375329547	0.0309052040286995	0.0009551316360554	0.0075008482360243	-0.003869929972708	0.0002165066353827	4.687512261122095e-08	1.4976357993083232e-05	0.0009753386097154	8.93520926811085e-08	7.651995011275974e-15	9.51285403078966e-07	0.0008603918491992	1.3947490775321012e-06	1.943651679185522e-12	7.402741341589323e-07	-0.0946861568000001	1
-0.0038948349607063	0.0017739130170078	1.4156304492636614e-08	-7.665734733673337e-09	0.6459212912652149	-0.2075771110411872	-2.5642828537281943e-06	-7.252384610094028e-05	-3.0979350990445032e-09	-2.003989298571565e-09	0.0374743443545074	-0.0080910547874428	6.546516757416576e-05	0.0014043264848	-0.0158665809304062	0.0445087927542724	0.0019810326324437	0.00025174839042	-0.0716997217180547	0.0149077158149	0.0002222399908173	0.0051408500944465	-0.0041994341999515	-0.000329504227243	1.0857303564458668e-07	1.7635247599513503e-05	0.0009752005305353	-1.3807917976429486e-07	1.850883040411601e-14	9.510160749092788e-07	0.0008590521560038	-1.3396931966956956e-06	1.794622417643864e-12	7.379706077241445e-07	-0.0990808418000006	1
-0.0014481297743421	0.0007117672753372	-4.8856500030986525e-09	2.636706786833578e-09	0.2620191529481074	-0.1597579179030203	-8.85867194878763e-06	0.0001841558556004	8.147713775671036e-09	6.6351808292458235e-09	0.0371727177140424	-0.0003016266404639	9.097862972463617e-08	0.0013818109422476	-0.0580567865424085	-0.0421902056120033	0.0017800134495833	0.0033705904636306	-0.077088118873313	-0.0053883971552584	2.903482390279376e-05	0.0059425780714259	-0.0040218687293033	0.0001775654706493	3.1529495599500896e-08	1.6175428076359344e-05	0.0008187352594199	-0.0001564652711157	2.4481381037067252e-08	6.703274238937969e-07	0.0008791498455971	2.0097689592535067e-05	4.0391676147619125e-10	7.729044508915371e-07	-0.1033401944000013	1
-0.0004397221179004	0.0002287362702245	1.650840223803003e-09	-8.872991278479047e-10	0.025061236006758	-0.0818089663641063	6.97761664929703e-05	-0.0004529955049829	-2.1145937695138707e-08	-2.092452949862984e-08	0.0370061309714756	-0.0001665867425651	2.77511434541728e-08	0.0013694537294769	-0.0732474259977934	-0.0151906394553832	0.000230755527063	0.0053651854153029	-0.0689273068053779	0.0081608120679353	6.659885360718811e-05	0.0047509736234418	-0.0032264297082053	0.0007954390210982	6.32723239916987e-07	1.0409848660462265e-05	0.0009761152833872	0.0001573800239673	2.4768472047888012e-08	9.528010485948808e-07	0.0008600771879657	-1.9072657631564374e-05	3.63765840716601e-10	7.397327683465296e-07	-0.1074583966000014	1
-6.319627610379592e-05	3.42034925250054e-05	-5.388510330239718e-10	2.880736051559689e-10	-0.0795114022810586	-0.0284733628312885	-0.0002823967367904	0.0010724448916011	5.3942627290095575e-08	6.327660106363736e-08	0.0369860126511536	-2.0118320321287652e-05	4.047460037110444e-10	0.0013679651318299	-0.0600262045399244	0.013221221457869	0.0001748006968377	0.003603145231469	-0.0913285701686566	-0.0224012633632791	0.0005018166002714	0.0083409077290503	-0.0036433906963216	-0.0004169609881189	1.7385646596282999e-07	1.327429576527564e-05	0.0006699306886557	-0.0003061845947331	9.374900850777677e-08	4.488071257351001e-07	0.0011372254675366	0.0002771482795705	7.681117095347532e-08	1.2932817632659611e-06	-0.1114298236000017	1
5.201151706511128e-06	-2.856604300645516e-06	1.6964287373027492e-10	-9.002951199371282e-11	-0.1036482939472388	0.0003585969813664	0.0006226664322316	-0.0027457500097992	-1.3559255370865914e-07	-1.8666392319275126e-07	0.0369911533305591	5.140679406246741e-06	2.6427104051199486e-11	0.0013683454247232	-0.0730104453629551	-0.0129842408230302	0.0001685905097498	0.0053305251320974	-0.0782725799211195	0.0130559902475378	0.0001704588813424	0.0061265967675068	-0.0037663564864753	-0.0001229657901531	1.5120584231631813e-08	1.4185441181174396e-05	0.000537074716456	-0.0001328559721977	1.7650708901233126e-08	2.884492501213377e-07	0.0012890172472741	0.0001517917797352	2.3040743835729142e-08	1.6615654647224335e-06	-0.1152490509000018	1
-1.8451040099334315e-06	1.017097804807327e-06	-5.072257236465405e-11	2.6622753702811704e-11	-0.0883927468134749	0.0124870359297118	0.011434408972718	0.0313469836760981	3.350492363742716e-07	5.396237323364237e-07	0.0459503643821354	0.0089592110515763	8.02674626656731e-05	0.0021114359868503	-0.0360271744959986	0.0369832708669557	0.0013677623240183	0.0012979573021646	-0.1176911415254134	-0.039418561604295	0.0015538229989539	0.0138512047935543	-0.0039849068613788	-0.0002185503749023	4.7764265148998845e-08	1.58794826930762e-05	0.0006877027441492	0.0001506280276938	2.2688801811619706e-08	4.729350634417696e-07	0.0011548771115616	-0.0001341401357134	1.7993575031845255e-08	1.333741140726871e-06	-0.118910861800002	1
7.346433213349929e-07	-4.045312259227573e-07	1.3960008227117723e-11	-7.189065482015132e-12	-0.060593284655008	0.0140806558845324	0.2204631770133238	0.1703313239949504	-8.110344926579428e-07	-1.5331685589580714e-06	0.0576420428433406	0.0116916784612045	0.0001366953452401	0.0033226051031533	-0.0831980619550171	-0.0471708874590191	0.0022250926236706	0.0069219175130723	-0.1179148521026302	-0.0002237105772172	5.004642198627789e-08	0.0139039123463852	-0.0035168677731085	0.000468039088271	2.1906058809879522e-07	1.236835893179416e-05	0.0006119517615592	-7.575098259035538e-05	5.738209864932855e-09	3.7448495721118833e-07	0.0011660812701057	1.120415854497232e-05	1.2553318761878646e-10	1.359745527975016e-06	-0.1224102548000016	1
-2.860750908128035e-07	1.571017598012619e-07	-3.2100841634612347e-12	1.5801013951313402e-12	-0.0354708334694381	0.0107842378922509	0.6279684157928709	0.1996929497874486	1.9123955397784005e-06	4.268089045417646e-06	0.080870521406042	0.0232284785627015	0.0005395622163389	0.0065400412324863	-0.0403953856907716	0.0428026762642458	0.0018320690953812	0.0016317871851046	-0.0855339715374229	0.0323808805652074	0.0010485214261777	0.0073160602869643	-0.003847151181008	-0.0003302834079003	1.0908712834382207e-07	1.4800572210295598e-05	0.0002180240237721	-0.0003939277377859	1.551790635926925e-07	4.753447306585144e-08	0.0012879283833914	0.0001218471132861	1.4846718000263176e-08	1.6587595206273245e-06	-0.1257424501000006	1
1.0782299250306357e-07	-5.9080199536180734e-08	4.283096611869067e-13	-1.669704454646542e-13	-0.0182642666100542	0.006648588450677	0.950009881343264	0.1006819121844329	-4.369689259469302e-06	-1.1713419602268195e-05	0.0892954846459027	0.0084249632398602	7.098000559217776e-05	0.0079736835781476	-0.0827860264338937	-0.042390640743123	0.0017969664226123	0.0068535261727135	-0.0573203841325942	0.0282135874048288	0.0007960065142495	0.0032856264371084	-0.0030830109456945	0.0007641402353152	5.839103017427486e-07	9.50495649104586e-06	5.01573991885198e-06	-0.0002130082838557	4.537252913055253e-08	2.515948850703132e-11	0.0012870120523341	-9.163310588466564e-07	8.408728711024555e-13	1.6564000222112852e-06	-0.1289028963000001	1
-4.011112994566e-08	2.1930790606143357e-08	1.2981211772607598e-13	-9.724706737390393e-14	-0.0084451673592583	0.0035077914688334	0.9534835772556668	-0.1018385102157062	9.559961860848258e-06	3.174342684951249e-05	0.082264809409778	-0.0070306752361245	4.943039427585291e-05	0.006767498867225	-0.073426193739522	0.0093598326943723	8.760646806737272e-05	0.0053914059270741	-0.0835909042797878	-0.0262705201471943	0.000690140228805	0.0069874392783125	-0.0034915712071661	-0.0004085602614744	1.669214849909515e-07	1.2191069494118895e-05	0.0001017534548547	9.673771493541408e-05	9.358184900559149e-09	1.0353766315737273e-08	0.0012876837963863	6.717440537878725e-07	4.5136159427943413e-13	1.6581295610086673e-06	-0.1318872767000003	1
1.4747204937518293e-08	-8.045094804317692e-09	-1.579680296299745e-13	9.574208893908422e-14	-0.0035441963066046	0.0016289416779073	0.6030293945421455	-0.2086782488257221	-1.95821838965547e-05	-8.499353209806028e-05	0.082003680466954	-0.0002611289428232	6.818832504135886e-08	0.006724603610126	-0.0728894392724448	0.0005367544670776	2.881053581828529e-07	0.0053128703574514	-0.0800704509146612	0.0035204533651275	1.2393591894649794e-05	0.0064112771096768	-0.004098203989398	-0.0006066327822315	3.6800333255384713e-07	1.6795275939859088e-05	0.0003452135140689	0.0002434600592169	5.927280037534463e-08	1.1917236881678465e-07	0.0011162132684099	-0.0001714705279767	2.9402141230329407e-08	1.245932059358543e-06	-0.1346915149000008	1
-5.333951218259728e-09	2.902858305597644e-09	9.867902501684009e-14	-5.80397920975699e-14	-0.0012955640957498	0.0006409628121706	0.2303097598225051	-0.1512290339984963	3.5685371638770425e-05	0.0002241463728001	0.0845673352178567	0.0025636547509015	6.572325680876927e-06	0.0071516341858527	-0.0467426027318674	0.0261468365405762	0.0006836570610789	0.0021848709101485	-0.1046921841036767	-0.0246217331890157	0.0006062297452317	0.0109604534123983	-0.0035858958141553	0.0005123081752462	2.624596678312401e-07	1.285864878937217e-05	0.0005971910430361	0.000251977528966	6.349267537919092e-08	3.566371411387388e-07	0.001289073582122	0.0001728603137109	2.9880687892551834e-08	1.6617106995167418e-06	-0.1373117808000016	1
1.8975873251024366e-09	-1.0299777522268096e-09	-5.2768424126348215e-14	2.9761677016010644e-14	-0.000381256076281	0.0001992811200593	0.0091631335571741	-0.0750828457379179	-4.404764338331101e-05	-0.000574090396521	0.0699303191125882	-0.014637016105271	0.0002142422404683	0.004890249531189	-0.0661785311335161	-0.0194359284016495	0.0003777553128324	0.0043795979829901	-0.1145533056283562	-0.0098611215246792	9.7241717724452e-05	0.013122459830384	-0.003754914734043	-0.000169018919888	2.8567394652232254e-08	1.4099384657412986e-05	0.0007349423987939	0.0001377513557595	1.8975435893905963e-08	5.40140328753003e-07	0.0010978845664368	-0.0001911890156835	3.655324007159853e-08	1.2053505201096211e-06	-0.1397444952000021	1
-6.644745036793945e-10	3.5959030804021793e-10	2.4002139282669788e-14	-1.4023909102602952e-14	-4.516819514463308e-05	2.4538185067439788e-05	-0.084856901206672	-0.0245125677067911	-5.886031022222526e-06	0.0014126631047576	0.0700728393467094	0.0001425202341204	2.031201727799317e-08	0.0049102028141116	-0.0322620268429422	0.0339165042905736	0.001150329263291	0.0010408383760136	-0.1167751752717344	-0.0022218696433778	4.936704711476277e-06	0.0136364415597446	-0.0039110366889768	-0.000156121954934	2.437406467296634e-08	1.5296207980320595e-05	0.0008199800973337	8.503769853996373e-05	7.231409002978672e-09	6.723673587493498e-07	0.0012901067554053	0.0001922221889684	3.694937094909628e-08	1.6643754402349862e-06	-0.1419863355000023	1
2.2852345329016723e-10	-1.2323827062841847e-10	-1.1890710993637536e-14	6.360448170668988e-15	4.13499928504407e-06	-2.286086431575021e-06	-0.1033513112566638	0.0022530486212907	-6.958814413493005e-05	-0.0035276638328018	0.0700670618485205	-5.777498188458472e-06	3.337888291132854e-11	0.0049093931560871	-0.0937549201605359	-0.0614928933175933	0.003781375928569	0.0087899850543098	-0.0834795963835621	0.0332955788881739	0.0011085955734983	0.0069688430123621	-0.0037581475414459	0.0001528891475289	2.3375090773018694e-08	1.4123672942891796e-05	0.0009820791272579	0.0001620990299237	2.6276095339788816e-08	9.644794125953154e-07	0.0012908532510851	7.464956799974917e-07	5.578613573113817e-13	1.6663021151971264e-06	-0.144034239500002	1
-7.664977537379764e-11	4.115758883035704e-11	4.138120499948385e-15	-2.73532586760966e-15	-1.4376151768490794e-06	7.981538437943301e-07	-0.0857704874159313	0.0130390871192655	0.0196646027918055	0.0427915821411646	0.0674368241250834	-0.0026302377234383	6.918150481926735e-06	0.0045477252480782	-0.0165095646163413	0.0772453555441945	0.0059668449531512	0.0002725657238192	-0.0746847639139074	0.0087948324696547	7.734907816842762e-05	0.0055778139608762	-0.0041191075326953	-0.0003609599912505	1.3029211503987244e-07	1.6967046864615774e-05	0.0009153457180453	-6.673340921231235e-05	4.453348102807585e-09	8.378577836036485e-07	0.0012908878063486	3.455526367357062e-08	1.8405423970946124e-15	1.6663913273473092e-06	-0.1458854101000021	1
2.4869372604218576e-11	-1.3278421096354983e-11	-2.6032358683847817e-15	1.1012046326210917e-15	5.885894319479902e-07	-3.262747087987928e-07	-0.057738603118787	0.0138790972343336	0.2577522685477518	0.1813552488915983	0.0753486158134973	0.0079117916884143	6.259644771964544e-05	0.0056774139050124	-0.0837157060003191	-0.0672061413839792	0.0045166654397243	0.0070083194311328	-0.057910687479349	0.0167740764345588	0.0002813696402313	0.0033536477243318	-0.0041381471818394	-1.9039649143427558e-05	3.6250752397483527e-10	1.7124262100178262e-05	0.0009818335235181	6.64878054707105e-05	4.4206277920928994e-09	9.63997067765695e-07	0.001291034771785	1.4696543631267505e-07	2.12030364496028e-14	1.6667707808537812e-06	-0.147537318700002	1
-7.76464579532432e-12	4.1130939882901615e-12	2.0101254964892904e-16	-6.196204581943206e-16	-2.386028416950216e-07	1.3184254376207785e-07	-0.0333212460549637	0.0103515178413737	0.6690104365594262	0.1939686715105981	0.0680389267893694	-0.0073096890241277	5.3431553630390505e-05	0.0046292955586483	-0.0439663824432294	0.0397493235570899	0.0015800087232466	0.0019330427851442	-0.074561355604857	-0.0166506681255085	0.000277244749025	0.005559395749634	-0.0042621015278438	-0.0001239543460046	1.536467832107446e-08	1.8165509436380853e-05	0.0009819769132991	1.433897816668571e-07	2.047517710645505e-14	9.642786581318232e-07	0.0011866007147371	-0.0001044340570451	1.090647180159708e-08	1.4080212556891469e-06	-0.1489877092000019	1
2.2931996009317003e-12	-1.1998613804862757e-12	-8.755106563667917e-16	2.6206170321337446e-16	9.357990401302635e-08	-5.1580489885852834e-08	-0.0169526600851784	0.0062663466839012	0.9689411902385806	0.0834762388450207	0.0678231321076321	-0.0002157946817357	4.656734542249261e-08	0.0045999772488874	-0.0641574277179727	-0.0201910452747433	0.0004076783092862	0.0041161755313865	-0.0150643434130798	0.059497012191779	0.0035398944597478	0.000226934442466	-0.0035795335903525	0.0006825679374903	4.6589899101481053e-07	1.2813060724094789e-05	0.0008061946810436	-0.0001757822322561	3.0899393296634366e-08	6.499498629425602e-07	0.001289949639835	0.0001033489250971	1.0680999185171106e-08	1.6639700745923248e-06	-0.1502346003000018	1
-6.140448103466157e-13	3.148121264054571e-13	7.371951168656372e-18	1.154593286932103e-16	-3.6143877658864426e-08	1.9877343482955783e-08	-0.0077606541925581	0.0032615414929121	0.9300123636537158	-0.1223406815877631	0.0678112221698788	-1.190993775361399e-05	1.418458409671089e-10	0.0045983618521723	-0.0388566982629611	0.0253007294550124	0.0006401269109551	0.0015098429998966	0.0981136035803472	0.113177946993429	0.0128092476856521	0.0096262792075248	-0.0036857128024953	-0.0001061792121384	1.1274024209452424e-08	1.3584478861155465e-05	0.0010836254015827	0.0002774307205386	7.69678049720828e-08	1.174244011359112e-06	0.0012910016854367	1.0520455993611316e-06	1.1067633515195014e-12	1.666685351707256e-06	-0.1512762890000013	1
1.3163804455097232e-13	-6.330151477523239e-14	-4.257098331026267e-16	2.5360162846098835e-16	1.3745692800579972e-08	-7.542590460990338e-09	-0.0032204141498634	0.0014930110805221	0.559933490072952	-0.2077605732284476	0.0677132505109476	-9.797165893105932e-05	9.598446180777415e-09	0.0045850842947585	-0.0845708263929199	-0.0457141281299598	0.002089781510682	0.0071522246767836	0.0581719143692915	-0.039941689211058	0.0015953385370298	0.003383971621391	-0.0036958809634266	-1.0168160933970184e-05	1.0339147346370119e-10	1.3659536096138968e-05	0.0005741204667718	-0.0005095049348137	2.595952816169501e-07	3.2961431093365045e-07	0.001289066828099	-1.934857337687639e-06	3.741877244309532e-12	1.6616932853644796e-06	-0.1521113526000018	1
-8.877301068234915e-15	1.8428567727805548e-15	-4.1833491625872725e-16	7.550782851844809e-17	-5.174296002698062e-09	2.8324888648865172e-09	-0.0011592991802857	0.0005773041226933	0.2010745033885953	-0.1432704670275979	0.0677688220726368	5.557156168820842e-05	3.0881964967457493e-09	0.0045926132451135	-0.0641815907574003	0.0203892356355201	0.0004157209297997	0.004119276592151	0.0044065483583551	-0.0537653660109386	0.0028907145822922	1.941766843495539e-05	-0.0037718200858233	-7.593912239754817e-05	5.766750504838942e-09	1.422662676153592e-05	0.0003744021654911	-0.0001997183012771	3.988739598507005e-08	1.401769813200423e-07	0.0016432120201086	0.0003541451920117	1.254188188251956e-07	2.70014574647847e-06	-0.1527386503000019	1
-2.1935218310965784e-14	1.327837073281162e-14	-5.6809724617753e-16	6.109790702328881e-17	1.951586496874388e-09	-1.0642194940312255e-09	-0.000321684159124	0.000168797847524	-0.0073209987094536	-0.0671670878045317	0.0626385139694891	-0.0051303081031484	2.6320061233901994e-05	0.0039235834323064	-0.0974507504100203	-0.0332691596526194	0.0011068369839907	0.0094966487554785	-0.0134100707791859	-0.0178166191375417	0.0003174319174908	0.0001798299983036	-0.0041010897436835	-0.0003292696578599	1.0841850802029409e-07	1.681893708757227e-05	0.0007890011610435	0.0004145989955545	1.718923294146231e-07	6.22522833783177e-07	0.0014641244183405	-0.0001790876017693	3.207236906431361e-08	2.143660314289435e-06	-0.153157325400002	1
6.070144387138043e-14	-3.379588275898016e-14	-4.996003610813204e-16	-3.469446951953614e-18	-7.997856404928783e-10	4.2746290535022874e-10	-5.469204576957071e-05	2.986553572021169e-05	-0.0818897140766035	-0.0272299253908265	0.0647047004412839	0.0020661864717933	4.269126536724955e-06	0.0041866982591967	-0.0161458454458476	0.0813049049641727	0.006610487571236	0.0002606883251592	-0.0156116105751547	-0.0022015397959689	4.846777471287627e-06	0.0002437223847512	-0.0046448443773786	-0.0005437546336961	2.956691035436301e-07	2.1574579292843147e-05	0.0011120672312194	0.0003230660701763	1.0437168669891795e-07	1.2366935296597771e-06	0.0014810931106648	1.696869232316481e-05	2.879368098773012e-10	2.1936368046381823e-06	-0.1533668060000021	1
