trial_type.1	trial_type.1_derivative	trial_type.2	trial_type.2_derivative	trial_type.3	trial_type.3_derivative	trial_type.4	trial_type.4_derivative	trial_type.5	trial_type.5_derivative	trial_type.6	trial_type.6_derivative	trans_x	trans_x_derivative1	trans_x_derivative1_power2	trans_x_power2	trans_y	trans_y_derivative1	trans_y_derivative1_power2	trans_y_power2	trans_z	trans_z_derivative1	trans_z_derivative1_power2	trans_z_power2	rot_x	rot_x_derivative1	rot_x_derivative1_power2	rot_x_power2	rot_y	rot_y_derivative1	rot_y_derivative1_power2	rot_y_power2	rot_z	rot_z_derivative1	rot_z_derivative1_power2	rot_z_power2	cosine00	cosine01	intercept
-2.0730362373282603e-08	2.2587496184736812e-08	1.367169833708524e-12	2.8137849595374197e-12	-1.0625995047307527e-15	1.2000613045493326e-16	-1.0156667177279165e-15	4.6492781197575685e-17	3.4013506451249633e-16	-1.1531466612248852e-16	-0.0004139135724715	-0.0006529947627158	-0.0215270454781246	0.0014996119309674	2.2488359429572613e-06	0.0004634136870157	-0.01670033688768	0.0284341997930834	0.0008085037178735	0.0002789012521613	0.0060563205686902	0.0196802507739099	0.0003873122705233	3.667901883074791e-05	0.0012400318055984	-3.99656738427169e-05	1.5972547205185423e-09	1.5376788800645932e-06	0.00047891737676	0.0003619174302248	1.30984228539191e-07	2.2936185200048165e-07	-0.00013379694258	-0.0001337221233988	1.7881605648673727e-08	1.7901619919523782e-08	0.1256829940000022	0.1232689824000024	1
6.260378681656652e-08	-4.479546227296011e-08	-3.115012753680091e-12	-7.766628403378524e-12	-8.73041520009134e-16	1.1978076960602586e-16	-1.0095493967728764e-15	7.262862698367419e-17	-2.2784935578954264e-16	-2.0364688532068824e-17	0.0009233504419219	0.00170078540331	-0.0199838957903333	0.0015431496877913	2.381310958963575e-06	0.0003993560909575	-0.0393895212119303	-0.0226891843242505	0.0005147990852998	0.0015515343813039	0.0185820506084317	0.0125257300397408	0.0001568939130274	0.0003452926048149	0.0011470415909051	-9.29902146940831e-05	8.647180067739303e-09	1.31570441049704e-06	0.000328354068505	-0.0001505633082555	2.2669309738913826e-08	1.0781639373173544e-07	-0.000254188450176	-0.0001203915075953	1.4494114660711302e-08	6.461176683679557e-08	0.1252845616000023	0.1216879446000025	1
-1.8367246595475955e-07	7.688175410458463e-08	6.770548724734235e-12	2.1082482132268795e-11	-8.395000470404113e-16	6.26447246637801e-17	-9.469709620512804e-16	-7.994860072656625e-17	9.34592629053022e-16	-1.6923279713401122e-16	-0.0020541180934914	-0.0030410858977304	-0.0200682393988113	-8.434360847765245e-05	7.113843755823664e-09	0.0004027342325657	-0.01251239066984	0.0268771305420907	0.0007223801461769	0.0001565599202744	-0.0136191377305853	-0.032201188339018	0.0010369165304467	0.000185480912524	0.0010970024544306	-5.003913647493276e-05	2.503914168220326e-09	1.203414384069325e-06	0.0001569882683046	-0.0001713658002007	2.936623756935646e-08	2.4645316881587843e-08	-2.108608836638392e-05	0.0002331023618116	5.4336713664854686e-08	4.446216554150704e-10	0.1248069968000021	0.1197995125000024	1
5.263323806113394e-07	-8.937999411293326e-08	-1.372119671362113e-11	-5.6325056868446046e-11	-6.132988482615435e-16	-4.8966362025885973e-17	-1.429068506496403e-15	3.985717875258644e-17	-1.989443930956907e-15	-4.710181690343347e-16	0.0539455113026427	0.0788081985770358	-0.020145174934968	-7.693553615644691e-05	5.919076669817437e-09	0.000405828073159	-0.037829432607026	-0.0253170419371862	0.0006409526124495	0.001431065971368	-0.0221273756450125	-0.0085082379144276	7.23901124085403e-05	0.0004896207529351	0.0011780016901965	8.099923576565838e-05	6.560875644994639e-09	1.3876879825770906e-06	6.996695906498174e-05	-8.702130924013643e-05	7.572707670168054e-09	4.895375960196601e-09	-5.654119049654746e-05	-3.545510213090139e-05	1.2570645393673702e-09	3.196905596319703e-09	0.1242506012000022	0.1176084564000021	1
-1.4781020241082413e-06	-7.117436576792175e-08	2.4551857119790588e-11	1.481158865654521e-10	2.2914946984730274e-16	-1.188587630061583e-16	-1.5728875243211732e-15	-3.3898469539834826e-17	6.578891618882763e-15	2.0075943560941903e-15	0.3612149978168401	0.2012501584118372	-0.0201176924898196	2.748244514814929e-05	7.552846262966603e-10	0.0004047215511142	-0.0144592937915313	0.0233701388154949	0.0005461633882559	0.0002090711769488	-0.036392537878143	-0.0142651622331312	0.0002034948535381	0.0013244168132118	0.0010970038960523	-8.099779414323771e-05	6.5606410720016516e-09	1.20341754862537e-06	7.394512170296381e-05	3.978162636081482e-06	1.5824019221425842e-11	5.467881227571666e-09	-0.000100040571327	-4.349938083053561e-05	1.892196199865132e-09	1.0008116084751521e-08	0.1236157262000021	0.1151203112000014	1
4.07645532205447e-06	1.0061147874206998e-06	-3.2567856630689894e-11	-3.831984268529929e-10	1.8736731313911355e-16	-4.1557004146861285e-17	-1.5506269355162492e-15	9.241248603160243e-17	-1.5062993729483773e-14	-8.726335116481852e-15	0.7661039222506996	0.1756956282966396	-0.0200902802759525	2.741221386748187e-05	7.514287150462451e-10	0.0004036193615658	-0.0263232402400029	-0.0118639464484719	0.0001407532253321	0.0006929129767317	-0.0144771520118139	0.0219153858663297	0.0004802841376694	0.0002095879303732	0.0013110231603794	0.0002140192643285	4.580424369560772e-08	1.7187817293275735e-06	0.0001998778328677	0.0001259327111646	1.5859046088966433e-08	3.9951147823234864e-08	-0.0001861311007227	-8.609052939586362e-05	7.41157820911296e-09	3.4644786908972776e-08	0.1229027729000018	0.1123413621000005	1
-1.1053900864967694e-05	-4.802609115681167e-06	-1.727740660317069e-12	9.74330192678122e-10	-6.166909020172773e-16	1.1458159468343706e-16	-1.0025006174049834e-15	-1.789556175050578e-17	4.324076294695869e-14	3.055374497597441e-14	0.9993311558918042	0.0357849831001339	-0.0018545068581235	0.0182357734178304	0.0003325434321476	3.439195685913839e-06	-0.0263300159205495	-6.775680546488975e-06	4.5910042545354676e-11	0.0006932697383756	-0.0190107785653883	-0.0045336265535745	2.055376972695563e-05	0.0003614097016623	0.0014370002537034	0.0001259770933241	1.5870226960370093e-08	2.0649697304963065e-06	0.0004789934018699	0.0002791155690027	7.790550100754939e-08	2.2943467822240365e-07	-9.844164288634255e-06	0.0001762869364357	3.1077083026551754e-08	9.690680126502043e-11	0.1221121916000021	0.1092786288999999	1
2.94303238823837e-05	1.811828259207252e-05	2.3610795160157784e-10	-2.4272945740329022e-09	-1.4874870664819762e-15	3.9327951623522783e-16	-5.955939980188608e-16	1.1163825046780827e-16	-1.0921409149316053e-13	-9.980272408585989e-14	0.856493844848926	-0.1638184672814977	0.018886801214209	0.0207413080723331	0.000430201860553	0.0003567112601087	-0.0438957217172915	-0.0175657057967418	0.0003085540201377	0.0019268343850809	0.0190313425239742	0.038042121089363	0.0014472029769772	0.0003621919982657	0.0020729312281176	0.0006359309744139	4.044082044028269e-07	4.297043881225422e-06	0.0003029897947284	-0.0001760036071411	3.0977268741254566e-08	9.180281542745689e-08	0.0004721863086199	0.0004820304729099	2.3235338041562379e-07	2.229599102815976e-07	0.1212444816000021	0.1059398484000003	1
-7.713299418439686e-05	-6.155822952856676e-05	-1.2268092508969514e-09	5.917130922259072e-09	-1.6295832756115356e-15	1.8969718147127718e-16	-3.8295055585074693e-16	-1.9010049160996238e-18	2.7982755245289524e-13	3.094187334838921e-13	0.4597565044714985	-0.1991613607108106	0.0044447972697274	-0.0144420039444841	0.0002085714779327	1.9756222768243256e-05	-0.0093406444212143	0.0345550772960773	0.0011940533669383	8.724763820409203e-05	0.0002192545013249	-0.0188120880226503	0.000353894655772	4.8072536406591763e-08	0.0013679041447587	-0.000705027083362	4.970631897295521e-07	1.8711617493955e-06	0.0004228212269713	0.000119831432244	1.4359571747300141e-08	1.787777905751843e-07	0.0004692106701959	-2.9756384242946302e-06	8.852807560470372e-12	2.2015865263881866e-07	0.120300191000002	0.1023334547000011	1
0.000199121752397	0.0001976524967433	4.797161939125674e-09	-1.4066368750631098e-08	-1.4481658475857689e-15	2.1849998157260526e-16	-6.955192866716909e-16	5.06197365099432e-17	-7.003166779819753e-13	-9.273207552698778e-13	0.1366003340110707	-0.1228271534374082	0.0044581763809652	1.3379111237198286e-05	1.7899981818017727e-10	1.987533664332023e-05	-0.0321268147787206	-0.0227861703575068	0.000519209559561	0.0010321322278257	-0.007385237770321	-0.0076044922716467	5.782830270907093e-05	5.454173692411035e-05	0.0014839367035106	0.0001160325587518	1.3463553805381242e-08	2.2020681420461094e-06	0.0002813480812454	-0.0001414731457269	2.0014651177418448e-08	7.915674304994349e-08	0.0004692911308297	8.046063060952757e-08	4.961043666322867e-15	2.2023416563742281e-07	0.119279916200002	0.0984685578000019	1
-0.0004906897260453	-0.0005930148316151	-1.6624488485889687e-08	3.2395011500797047e-08	-1.0427611702681405e-15	7.795961366239968e-17	-8.181733345419775e-16	8.077469039401418e-17	1.71664604094208e-12	2.7025469421476418e-12	-0.0344679432224723	-0.0547748904320578	0.0043999285943398	-5.82477866262817e-05	3.3928043871887324e-09	1.9359371635366177e-05	-0.0231622983336589	0.0089645164450619	8.036255509357644e-05	0.000536492064097	-0.0074185193216098	-3.3281551289347874e-05	1.107661231359415e-09	5.503442892483445e-05	0.0014839696742856	3.297077432683183e-08	-4.589483010523794e-17	2.202165996699693e-06	0.0001218485628373	-0.0001594995184088	2.5440096402001323e-08	1.4847072747118973e-08	0.000469409501311	1.1837048038049783e-07	1.2120124104276582e-14	2.2034528027908678e-07	0.1181843017000021	0.0943549208000019	1
0.0011273471816826	0.0015692899841059	5.377175675860716e-08	-7.148484320295725e-08	-1.1607369709586083e-15	3.0714467228519904e-16	-9.591110830828429e-16	1.1949205465084183e-16	-4.107633350245847e-12	-7.701856615745645e-12	-0.0972170835867397	-0.013208646921897	0.0045141364833101	0.0001142078889698	1.3043441850624848e-08	2.0377428190298538e-05	-0.0413466865103092	-0.0181843881766501	0.000330671973359	0.0017095484853807	-0.0073850311590094	3.3488162599872486e-05	1.1214565658184903e-09	5.4538685219262616e-05	0.0014839993630961	2.9688809605830787e-08	2.9482977441709468e-18	2.202254112467612e-06	5.348757044965822e-06	-0.0001164998057918	1.3572204549876582e-08	2.8610459606154097e-11	0.0004699959034647	5.864021525876655e-07	3.426752749745143e-13	2.208961498998059e-07	0.1170140394000022	0.0900029351000019	1
-0.002342503458138	-0.0020765204051552	-1.6611319044310845e-07	1.4811273708064968e-07	-6.540379566726561e-17	-2.8070038221053936e-16	-9.82792489025738e-16	1.0030361476150896e-17	9.533626659281385e-12	2.1521211440922982e-11	-0.1000005171353207	0.0073334713861229	0.0068145027329526	0.0023003662496425	5.29168488210242e-06	4.643744749793261e-05	-0.0429391696271334	-0.0015924831168232	2.5360024777836265e-06	0.0018437722882663	-0.0353843257738259	-0.0279992946148173	0.0007839604989287	0.0012520505104674	0.0009230031146175	-0.0005609962484795	3.14716792518782e-07	8.519347487972817e-07	-1.178306686616955e-05	-1.713182391119744e-05	2.934993347096362e-10	1.388414102943035e-10	0.0004700057607789	9.857314692192265e-09	8.091581893847509e-16	2.2090541733394105e-07	0.1157698686000024	0.0854235941000017	1
0.0651029252358346	0.0883434200606826	4.951951189851275e-07	-2.763585166337708e-07	-2.9457532430604798e-15	3.3919923705515503e-16	-9.061065051534428e-16	-9.448463850466507e-17	-2.125253375864317e-11	-5.899784098673815e-11	-0.076779179694897	0.0141546757446586	0.0020138844805196	-0.0048006182524329	2.304593560521037e-05	4.055730700349446e-06	0.0099629048510235	0.0529020744781563	0.0027986294840925	9.925947307096124e-05	-0.0321563485870657	0.0032279771867609	1.0419836718375327e-05	0.0010340307544519	0.0004080246238687	-0.0005149784907474	2.6520284578047417e-07	1.6648409205829766e-07	-0.0001054039847785	-9.362091791365213e-05	8.764875801208448e-09	1.1110002303480811e-08	0.0004700212294393	1.5468658413124866e-08	-5.2067137054906316e-17	2.209199570401665e-07	0.1144525750000017	0.0806284657000017	1
0.3875419969130853	0.2042743951005086	-1.4337064082470326e-06	4.1419964801007115e-07	5.242304481870025e-15	5.884860219372558e-17	-5.806511746725661e-16	-1.5051641348528003e-16	4.478450699196118e-11	1.5875925052851288e-10	-0.0490313228929913	0.0129957371907642	0.0044336317089211	0.0024197472284019	5.855176649298727e-06	1.965709013058585e-05	-0.0159803636796722	-0.0259432685306971	0.0006730531820533	0.000255372023334	-0.0262688557827182	0.0058874928043484	3.466257152120679e-05	0.0006900527841322	0.0003360007251879	-7.202389868139217e-05	5.1874430796413615e-09	1.1289648662447524e-07	-1.1975474510658003e-05	9.342851026837566e-05	8.728886397393693e-09	1.4341287891980064e-10	0.0001460019043895	-0.0003240193250504	1.049885264217446e-07	2.1316553966597052e-08	0.1130629907000013	0.0756296628000016	1
0.7883624996194785	0.1705073942266826	4.062485550198639e-06	-2.356367283937479e-07	-1.737592713480197e-14	-4.2765437468462706e-15	-1.4138644874867507e-16	7.891930696447513e-17	-8.619325116532289e-11	-4.2056028446914585e-10	-0.0271628120435792	0.0089924542018485	-0.006144270510489	-0.0105779022194111	0.0001118920153632	3.775206010431963e-05	-0.0643999085338727	-0.0484195448541991	0.0023444523238873	0.0041473482191691	-0.0085764066883208	0.0176924490943987	0.0003130227549576	7.355475168243245e-05	0.0002930061723117	-4.299455287581526e-05	1.8485313632809506e-09	8.585261605776388e-08	-0.0001189849121381	-0.0001070094376278	1.145101986952742e-08	1.4157411467795588e-08	0.0001020174143898	-4.398448999887919e-05	1.9346353655063944e-09	1.0407552095681762e-08	0.1116019934000019	0.0704398129000016	1
1.002769162051956	0.0230843834885309	-1.1295545663305536e-05	-1.6764932220146068e-06	4.4800281554842044e-14	1.9287547105586172e-14	7.126865479025676e-17	5.266156211605495e-17	1.3844643118327346e-10	1.0965500119857742e-09	-0.0133714078946398	0.0051720782182554	0.0023749963446012	0.0085192668550899	7.257790774741469e-05	5.640607636722418e-06	-0.0047336067504195	0.0596663017834533	0.0035600675685157	2.240703286788186e-05	-0.0076515872437428	0.000924819444578	8.552910052588547e-07	5.85467873479466e-05	4.900007924695931e-05	-0.000244006093064	5.9538973691891394e-08	2.401007148283598e-09	-1.1999568659713298e-05	0.0001069853434783	1.1445864145584236e-08	1.4398880120072663e-10	1.800029337858885e-05	-8.401712101203068e-05	7.058876055374138e-09	3.2400877596728776e-10	0.1100705059000011	0.0650720258000016	1
0.8348081565656046	-0.1720626205412117	3.0872197436991213e-05	1.0495461299372672e-05	-1.20351128169679e-13	-7.333651558003681e-14	-5.263837591614816e-16	9.921435836573876e-17	-1.2157901795151408e-10	-2.8120420760272714e-09	-0.005959937374516	0.0025930463376696	-0.013322010788825	-0.0156970071334273	0.0002463960329484	0.0001774759714558	-0.0217883405482824	-0.0170547337978642	0.0002908639449163	0.0004747317838485	-0.0530299790006065	-0.0453783917568646	0.0020591984384421	0.0028121786728047	-0.0001810000705328	-0.0002300001497806	5.290006957654844e-08	3.2761024932522976e-08	-1.200161980716305e-05	-2.051147322575905e-09	-1.2190502614619645e-15	1.4403875146441129e-10	1.799888374487617e-05	-1.4096320169264135e-09	3.0030949006242783e-16	3.239606802896738e-10	0.1084694955000012	0.0595398612000014	1
0.4347648990595822	-0.1955308403320823	-8.309268425479852e-05	-4.361065644554902e-05	3.1567573544599723e-13	2.5041627659179865e-13	-9.13639036991588e-16	1.3750166829295202e-16	-3.3666433036276415e-10	7.082757904896181e-09	-0.0023899383886063	0.001136486799914	-0.0296756128815201	-0.0163536020926944	0.0002674403014078	0.0008806419998933	-0.0147107190028199	0.0070776215454628	5.00927267413834e-05	0.0002164052535802	-0.0530919821614202	-6.200316081271821e-05	3.844391006823594e-09	0.0028187585698286	-1.800108657736103e-05	0.0001629989839572	2.6568668372065212e-08	3.2403866041019745e-10	-1.1998422965807263e-05	3.1968409367444966e-09	-8.431094484542114e-16	1.43961554587608e-10	-0.0001770000267104	-0.0001949989104576	3.8024576542839264e-08	3.132901044116417e-08	0.1067999735000016	0.053857293700001	1
0.1214190589414579	-0.1177146597606913	0.0002203991741445	0.0001572261453229	-8.158570609831776e-13	-8.024371136345356e-13	-1.1237134720267265e-15	8.488367654450636e-17	2.63324788603913e-09	-1.7480339319063703e-08	-0.0008148729831161	0.000413388316253	-0.0300221620882746	-0.0003465492067528	1.2009635177839548e-07	0.0009013302164539	0.0050494133235349	0.0197601323263542	0.0003904628295546	2.549657491299669e-05	-0.0350925981834257	0.0179993839779953	0.0003239778235864	0.0012314904472629	-0.0001030012327422	-8.500014616436072e-05	7.2250241197110725e-09	1.0609253044640761e-08	-1.1989676010990448e-05	8.746955234403667e-09	8.156422783149205e-17	1.4375225506545303e-10	-0.0001990002763623	-2.200024965251767e-05	4.840109632935471e-10	3.9601110120705564e-08	0.1050629943000014	0.0480386780000009	1
-0.0411393152040377	-0.0513619400890655	-0.0005572476627936	-0.0005032765926223	2.062319158280549e-12	2.450385456199188e-12	-1.3446172391822917e-15	1.2173484917141248e-16	-1.1402494033360082e-08	4.2087758235216214e-08	-0.000199300777012	0.0001060490034223	-0.0375892247462305	-0.0075670626579556	5.726043726926575e-05	0.0014129498170238	-0.0494241958178066	-0.0544736091413412	0.0029673740928846	0.0024427511322355	0.0074761968064231	0.0425687949898495	0.0018121023068873	5.589351868826207e-05	0.0006419973981846	0.0007449986309272	5.550229621088606e-07	4.121606585939885e-07	-1.212712145426158e-05	-1.374454413251877e-07	1.7948166538642964e-14	1.4706778189189418e-10	-0.0003959960144254	-0.0001969957380638	3.8807320999893265e-08	1.5681284416960737e-07	0.103259655000002	0.0420987124000007	1
-0.0987431464000296	-0.0114024224160448	0.0013040707739262	0.0013484025391409	-5.1237593422752636e-12	-7.251644991581555e-12	-1.1237768553056628e-15	-9.438776974473861e-17	4.149087662674173e-08	-9.855352135461007e-08	-3.24180487737584e-06	1.844493159789687e-06	-0.0375685687857472	2.065596048387112e-05	4.2666756176285524e-10	0.00141139736061	0.0023629477742456	0.0517871435920526	0.0026819082414247	5.58352218436561e-06	0.0073838494108084	-9.234739561522068e-05	8.528040965000777e-09	5.4521232121316575e-05	2.3026117982262434e-05	-0.0006189712802028	3.831254469391862e-07	5.30199524614146e-10	0.0001449957725098	0.0001571228939652	2.4687604548824012e-08	2.1023773183354106e-08	-0.0003600015815506	3.599443287487711e-05	1.2955996739105912e-09	1.2960113799005178e-07	0.1013910948000016	0.0360524019000007	1
-0.0990081097464369	0.0080777729722815	-0.0024364550062228	-0.0006199224429877	1.2447778544912e-11	2.0930534316090547e-11	-1.1467343053288438e-15	-1.972645676365482e-16	-1.381911751974768e-07	2.2257278111401825e-07	-7.685759607111803e-07	3.9358253543830217e-07	-0.037560036271788	8.532513960032398e-06	7.280370015985117e-11	0.0014107563247385	0.035717931071421	0.0333549832971727	0.0011125549107526	0.001275770600026	-0.0145645399600192	-0.0219483893708283	0.0004817317959741	0.0002121258242463	-0.0005749704872539	-0.0005979966052365	3.575999419501246e-07	3.3059106035866586e-07	0.0001201410599775	-2.485471253301457e-05	6.177558107704071e-10	1.443387295197124e-08	-0.0004909654007933	-0.0001309638192423	1.7151521275709694e-08	2.410470267427747e-07	0.0994584937000007	0.0299150198000008	1
-0.0749823695449197	0.0142286385695345	0.0776492595709465	0.0980621871658104	-2.9467275556939815e-11	-5.914827331797962e-11	-1.3885966470512142e-15	-1.1356987254538427e-16	4.355627693978369e-07	-4.777908434580325e-07	2.951372369209977e-07	-1.502514105863849e-07	-0.0324664724448831	0.0050935638269054	2.594439245807268e-05	0.0010540718330139	-0.0417214004129811	-0.0774393314844016	0.0059968500607523	0.0017406752524191	-0.0018403486416709	0.0127241913183487	0.0001619050447047	3.3868831229003093e-06	-0.0001269261892751	0.0004480442979813	2.007436933116831e-07	1.6110255502947093e-08	0.0003000313129577	0.0001798902529824	3.236050460137065e-08	9.00187874343245e-08	-0.0004909806094252	-1.5208631985707152e-08	7.840310031314447e-16	2.41061960829533e-07	0.0974630726000015	0.0237020698000006	1
-0.0474080007437565	0.0127648800503946	0.4141723652138147	0.2064021752343858	6.745913234162643e-11	1.6405336765429832e-10	-1.0074353569346385e-15	-4.216850023890969e-16	-1.3205982693733142e-06	9.475154398811774e-07	-6.245646222496177e-08	2.9464977176699658e-08	-0.0330384210327296	-0.0005719485878472	3.271251861816769e-07	0.0010915372643361	0.0088745175848014	0.0505959179977835	0.0025599469180379	7.875706236417778e-05	-0.014494468691211	-0.01265412004954	0.0001601267542284	0.00021008962264	-0.0002658665147665	-0.0001389403254913	1.930441261437004e-08	7.068500255752102e-08	0.0005430653052945	0.000243033992336	5.9065523108598615e-08	2.949199240654709e-07	-0.0004909275232726	5.3086154260171476e-08	2.560454806457397e-15	2.410098350650547e-07	0.0954060917000014	0.0174292463000003	1
-0.0260484688347846	0.008714482827529	0.809946953612427	0.1646885577097278	-1.4755020369331282e-10	-4.4724305663049475e-10	-6.8859878778789805e-16	-4.513913665105889e-16	3.8868935513298245e-06	-1.6208513072496063e-06	-1.9475231556162955e-10	1.9296594863594637e-09	-0.027367596098743	0.0056708249339867	3.215825543198049e-05	0.000748985316224	0.0006142962488427	-0.0082602213359599	6.823125651651124e-05	3.773598828524212e-07	-0.0144943796658551	8.902535616665312e-08	7.65004203404474e-15	0.000210087041898	0.00039808216407	0.0006639486788353	4.40827849913665e-07	1.584694091736476e-07	0.0003339022354564	-0.0002091630698387	4.374918960596823e-08	1.1149070258366845e-07	-0.000491066128654	-1.3860538183199186e-07	1.686457616459594e-14	2.41145944544812e-07	0.0932888502000008	0.0111123951000003	1
-0.012735198429826	0.0049632877427974	1.0046746226553138	0.0097204263943327	3.018838158585005e-10	1.1965752236442166e-09	-5.541234560625564e-16	-3.3138350049688424e-16	-1.1130934039148443e-05	1.8792297233681649e-06	8.762352912771622e-09	-5.4862978044805265e-09	-0.0148580633160269	0.0125095327827161	0.0001564884104421	0.0002207620455026	0.0005298484309308	-8.444781791234979e-05	7.131432255472515e-09	2.807393613504943e-07	0.0010794777596893	0.0155738574255446	0.0002425450351105	1.1652722341422602e-06	5.506676211078064e-05	-0.0003430154019593	1.176595670806431e-07	3.0323483547367374e-09	0.000609993577584	0.0002760913421275	7.62264289049929e-08	3.720921642173138e-07	-0.0002190168966593	0.0002720492319955	7.401078640593832e-08	4.7968400231095216e-08	0.0911126855000007	0.0047674729000003	1
-0.0056432510834089	0.0024692972052202	0.8121598405621083	-0.179759745768544	-5.512796897305174e-10	-3.148961637726861e-09	-2.752737344348196e-16	-1.0128899459229393e-16	3.1211028758032126e-05	1.4846008433980715e-06	-6.4918674159566915e-09	3.810642375644578e-09	0.0043930199642267	0.0192510832802542	0.0003706042074657	1.9298624407182782e-05	-0.0335972074970808	-0.0341270559280115	0.0011646559463139	0.0011287723516018	-0.0040204319566246	-0.0050999097163147	2.6009079114416984e-05	1.616387311780461e-05	-3.70022354821615e-05	-9.206899759244629e-05	8.476700592149162e-09	1.369163607185206e-09	-5.2998440747909086e-05	-0.0006629920183329	4.395584226884056e-07	2.8088356572278813e-09	-8.500098989937072e-05	0.0001340159067599	1.7960262354604594e-08	7.225168380324502e-09	0.0888789721000011	-0.0015894922999997	1
-0.002244062035232	0.0010713369823016	0.4102831309312141	-0.1916576448316445	7.772318474578503e-10	8.155792694101961e-09	-6.004060284506317e-16	-1.1058605746315005e-17	-8.607140976137356e-05	-2.1169872284929566e-05	3.6058791470453205e-09	-2.068084694412592e-09	-0.0028150710252673	-0.0072080909894954	5.195657571166597e-05	7.924624876711048e-06	-0.031374726207659	0.0022224812894224	4.939423082070752e-06	0.0009843734446053	-0.0145912773842334	-0.0105708454276089	0.0001117427730541	0.0002129053757028	-0.0001310022347389	-9.399999925445512e-05	8.835999326934455e-09	1.7161586611883458e-08	-5.299496835063654e-05	3.472399533321021e-09	-1.6345023760421697e-15	2.8084665970708204e-09	-7.700347087100982e-05	7.997519029354077e-06	6.396057384556908e-11	5.92953444128308e-09	0.0865891208000015	-0.0079424422999999	1
-0.0007559314283117	0.0003845677112728	0.1069625927542392	-0.1127441080342388	-2.0863378710289248e-10	-2.0769285892347146e-08	-8.476997755378354e-16	3.9169083233204546e-17	0.0002340443210929	0.0001029374342109	-1.7736328220560763e-09	1.0048472511936403e-09	0.0127904356462112	0.0156055066714788	0.0002435318384747	0.0001635952440223	-0.0265370199668521	0.0048377062408066	2.340340167204007e-05	0.0007042134287211	-0.0145888765888736	2.40079535962161e-06	5.763354781533709e-12	0.0002128353201245	-0.0001309984243086	3.810431404469576e-09	3.127496296467065e-16	1.716058658323891e-08	-5.300387070735344e-05	-8.902355502552856e-09	-8.47437727259768e-16	2.809409580365496e-09	5.8996540821293486e-05	0.0001360000116926	1.849600174601105e-08	3.4805905113859062e-09	0.0842445780000013	-0.014275329	1
-0.0001769527054509	9.432087487467443e-05	-0.0473662946336851	-0.0480529730010662	-4.385294666714188e-09	5.191679828311032e-08	-1.0390856433749559e-15	8.996306316346964e-17	-0.0006078260465498	-0.0003786508205444	8.14057801611956e-10	-4.5762887207877114e-10	0.0065990342790644	-0.0061914013671481	3.833345088893762e-05	4.354725341755208e-05	-0.0311831140866441	-0.0046460941197921	2.158619056911722e-05	0.0009723866041406	-0.0008992585441366	0.013689618044737	0.0001874056422096	8.086659285696782e-07	-0.0001310028168297	-4.392519881379987e-09	-8.788446314085364e-16	1.7161737963008017e-08	-0.0001129967338234	-5.9992863115120605e-05	3.599143221700048e-09	1.2768262773627669e-08	-4.700743546015983e-05	-0.0001060039762808	1.1236842235828303e-08	2.2096966559310327e-09	0.0818468245000012	-0.0205721550000001	1
-1.0906608061991929e-07	1.263065530468356e-07	-0.100053420664475	-0.009640098061533	2.4599176126036905e-08	-1.2705047095337245e-07	-1.119034236546659e-15	-7.551143886467986e-17	0.0014447452289234	0.0010405449912774	-3.568989030718823e-10	1.9952697504781303e-10	0.0051386434696796	-0.0014603908093848	2.132741315621038e-06	2.6405656708835493e-05	-0.0265385444055252	0.004644569681119	2.1572027522026192e-05	0.0007042943391641	-0.0331179492217971	-0.0322186906776611	0.0010380440289841	0.0010967985606562	-0.0001310048130492	-1.996220176804271e-09	-3.3858754775830757e-16	1.716226071609071e-08	-5.29887939752882e-05	6.00079398491709e-05	3.6009530337398603e-09	2.807812244811831e-09	-0.0001700030607977	-0.0001229956253357	1.5127924230938742e-08	2.8901040145145704e-08	0.0793973748000013	-0.0268170139000003	1
-1.2917710449965974e-06	6.836498043062522e-07	-0.0979308582037597	0.0088098038680007	-9.83893666250444e-08	3.030173173091685e-07	-1.1882032938253093e-15	-4.13556227066689e-17	-0.0023153143837282	0.0012866728603501	1.51237767731067e-10	-8.419006727965427e-11	0.0127211234192565	0.0075824799495773	5.7494002185787306e-05	0.0001618269810504	-0.0165795498860594	0.0099589945194653	9.918157183749608e-05	0.0002748814744247	-0.0314777275025905	0.0016402217192067	2.6903272876848247e-06	0.0009908473287262	-0.0001310011552187	3.657831347362335e-09	-3.826722077161474e-16	1.7161301914577678e-08	-5.299717686684439e-05	-8.382891949541003e-09	5.082019129615258e-16	2.808700665548712e-09	-4.350344749128829e-05	0.0001264996133076	1.6002150931528264e-08	1.892548641628769e-09	0.076897776000001	-0.0329941307000005	1
4.862493588521225e-07	-2.563467359726708e-07	-0.0731760875093356	0.014301542826016	3.435199062972846e-07	-7.004375522095188e-07	-1.073065523348062e-15	-1.7027273613820796e-16	0.0913694856032029	0.1078532060778943	-6.233726881092816e-11	3.4579096797439146e-11	0.0127726765953493	5.155317609263003e-05	2.657729146549009e-09	0.0001631412674124	0.0067075172187451	0.0232870671048034	0.0005422874943424	4.499078724168007e-05	-0.0541370701520882	-0.0226593426494979	0.0005134458093082	0.0029308223646515	-0.0004789969556039	-0.0003479958003864	1.211010768611445e-07	2.294380833134675e-07	-5.302631358579181e-05	-2.9136718950500233e-08	6.597322000363979e-16	2.8117902711338483e-09	0.0001099872566152	0.0001534907041079	2.3559395824867918e-08	1.2097195743176428e-08	0.0743496069000004	-0.0390879015000003	1
-1.405917165836737e-07	7.27616356887182e-08	-0.0458133485882303	0.0125416900237057	-1.1159842831867577e-06	1.554798665004708e-06	-8.747372551705249e-16	-2.293529372344542e-16	0.4410029121932225	0.2077772092219613	2.5122544785750103e-11	-1.3894351989014806e-11	-0.0116318514897812	-0.0244045280851308	0.000595580991062	0.0001352999690796	-0.0232522503021485	-0.029959767520894	0.0008975876699056	0.0005406671441139	-0.0961115688616963	-0.0419744987096079	0.0017618585419248	0.0092374336690581	-0.0002940133401403	0.0001849836154628	3.4218937277363863e-08	8.644384351045059e-08	0.000240983440047	0.0002940097536323	8.644173459025913e-08	5.8073017621033376e-08	0.000113035854987	3.048598370683908e-06	9.291514091699654e-12	1.2777104819911906e-08	0.0717544770000007	-0.0450829329000001	1
3.1418520233495125e-08	-1.5543789161444442e-08	-0.0249720112081389	0.0084483265233122	3.4576328140030328e-06	-3.2540677037539776e-06	-2.994388587631577e-16	-1.035792903837332e-16	0.8306463624671048	0.1584158203299017	-9.930536687698746e-12	5.477093473062304e-12	-0.0116465501514264	-1.469866164396843e-05	2.1604855061282727e-10	0.0001356421304294	0.0166738798890428	0.0399261301911913	0.0015940958720437	0.0002780182705556	-0.0961513450303802	-3.977616868291043e-05	1.5821429560608094e-09	0.0092450811511529	-0.000222990165154	7.102317498608003e-05	5.0442900094280435e-09	4.972461326245953e-08	0.0001170186294794	-0.0001239648105697	1.536727424037155e-08	1.3693359980836273e-08	-0.0001699868876838	-0.0002830227426725	8.010187469113107e-08	2.8895542483463933e-08	0.0691140255000001	-0.0509640807999997	1
-3.8005067404914955e-09	1.4408488586613175e-09	-0.0121263377299608	0.0047651693624923	-1.0348455145416852e-05	6.181849273928867e-06	-5.054647248197944e-17	1.0494348073731712e-16	1.0046979558166476	-0.0039412269951601	3.857650490569575e-12	-2.1225354366244056e-12	-0.0116555012578355	-8.951106409042401e-06	8.012028052252273e-11	0.0001358507095704	-0.0449896453431506	-0.0616635252321931	0.0038023903440621	0.0020240681881008	-0.074643788554199	0.0215075564761819	0.0004625749855747	0.0055716951697247	0.0005530079008048	0.000775998065959	6.021730008609608e-07	3.058177383886615e-07	9.695271088925771e-05	-2.0065918588522168e-05	4.0264126220618085e-10	9.399829618767956e-09	-0.0001700267386476	-3.985096220561434e-08	-3.130859463945288e-16	2.8909093525413893e-08	0.0664299200000007	-0.0567164890999997	1
-1.5900881734762862e-09	1.1139184621284432e-09	-0.005340977759895	0.0023520866256371	3.014642589768637e-05	-9.619316260917053e-06	-2.118248360447531e-16	5.359506638707708e-17	0.7886294937419085	-0.1865643528947888	-1.4750855936420717e-12	8.096085356201746e-13	0.0115757158750693	0.0232312171329049	0.0005396894494801	0.0001339971980217	0.0244959117195708	0.0694855570627217	0.0048282426403172	0.0006000496909744	-0.0538478407633536	0.0207959477908458	0.0004324714445189	0.002899589954875	0.0004899572497851	-6.305065101912468e-05	3.975383843911362e-09	2.400581053032637e-07	0.0002590806959211	0.0001621279850308	2.6285483273548587e-08	6.712280645952658e-08	0.0003309367459417	0.00050096348459	2.509644183456864e-07	1.0951912995519597e-07	0.0637038560000001	-0.0623256266000002	1
1.731799559947129e-09	-1.0390356667215043e-09	-0.0021049123668201	0.0010096082171691	-8.594583652650242e-05	6.94184536506705e-06	-7.717008378343661e-16	-7.991329455105212e-17	0.3862689033142417	-0.1874839387451941	5.541558396855115e-13	-3.0342162817229905e-13	0.018184838140956	0.0066091222658857	4.3680497125721165e-05	0.0003306883382159	-0.0293411333749269	-0.0538370450944986	0.0028984274245062	0.0008609021077245	-0.0846962493729622	-0.0308484086096087	0.0009516243137457	0.007173454657848	0.000405954031122	-8.400321866523829e-05	7.056541410056354e-09	1.6479867439010462e-07	0.0002860647750885	2.6984079169328795e-05	7.281403821054385e-10	8.183305476820729e-08	0.0003209418616639	-9.9948842779881e-06	9.989496109066108e-11	1.0300367813759109e-07	0.0609375553000006	-0.0677773241000008	1
-1.0741964170752815e-09	6.206763583493122e-10	-0.0007001515765078	0.00035744521611	0.0002403472241522	3.2929370693361975e-05	-1.1438392639806217e-15	6.007748581429391e-17	0.0930662930087643	-0.1078534069180801	-2.053765475878949e-13	1.117668865005064e-13	0.0115852017172542	-0.0065996364237021	4.3555200924568906e-05	0.0001342168988303	-0.050146840769231	-0.0208057073943025	0.0004328774601763	0.002514705639133	-0.09994864834854	-0.0152523989755764	0.0002326356745095	0.0099897323067014	0.0003894447974881	-1.6509233633567127e-05	2.725537565362665e-10	1.5166725002657241e-07	0.0002860747143138	9.939224054250343e-09	3.0274937230661997e-16	8.183874063131244e-08	0.0003839445071764	6.300264551213585e-05	3.969332187338758e-09	1.474133855367316e-07	0.0581327651000016	-0.0730578103000017	1
5.58487762649684e-10	-3.1492518624451166e-10	-0.0001560973083485	8.339979631580975e-05	-0.0006401540863042	-0.000208606643417	-1.240975070624319e-15	-3.9005761130061663e-16	-0.0531856586615804	-0.0448540070045278	7.340662090136083e-14	-4.047470978751468e-14	0.0115547920992054	-3.040961804897627e-05	9.247439149590923e-10	0.000133513220457	0.0305514775937773	0.0806983183630072	0.0065122185866188	0.0009333927831648	-0.0957601514716901	0.0041884968768513	1.7543506086743833e-05	0.0091700066098819	-0.0003900478723522	-0.0007794926698413	6.076088231199517e-07	1.5213734194417606e-07	0.0002859347032456	-1.400110686756248e-07	1.9094361396325342e-14	8.17586523545943e-08	0.000335055659085	-4.888884809249773e-05	2.390117449448626e-09	1.1226229439748913e-07	0.0552912570000005	-0.0781537461000019	1
-2.6977579096481626e-10	1.430707925066791e-10	2.2283636495557704e-06	-1.160712507904448e-06	0.001534815292927	0.0006007898282556	-1.6320531503782377e-15	5.819716546601941e-16	-0.1011278635912411	-0.0079653902933393	-2.701939023736599e-14	1.4303043269971578e-14	0.0115440353312422	-1.0756767963125604e-05	1.1570705511919336e-10	0.0001332647517302	-0.0597861690386308	-0.0903376466324087	0.0081608903990844	0.0035743860083143	-0.0595671133528433	0.0361930381188482	0.0013099360082716	0.0035482409931898	0.0002554181317935	0.0006454660041475	4.1662636196365014e-07	6.52384216368517e-08	0.0002860728302483	1.3812700559341378e-07	1.8883853653618776e-14	8.18376639887147e-08	0.0005694635576613	0.0002344078985746	5.494706433244729e-08	3.242887474949479e-07	0.052414825700001	-0.0830522587000018	1
1.3494375666084038e-10	-4.9097500162398426e-11	-1.6880586055458196e-06	9.051690612949126e-07	-0.0018003638810704	0.004021486550652	-8.550345754555504e-16	-1.443860700929478e-15	-0.0967560318490657	0.0094843041169022	8.510800896915424e-15	-5.0471038852612025e-15	0.0116169872427051	7.295191146290324e-05	5.321980205100339e-09	0.0001349543925982	-0.0047373439730044	0.0550488250656276	0.0030303731411067	2.2442427918933415e-05	-0.0957842267214659	-0.0362171133686228	0.0013116793007574	0.0091746180886299	-0.0001260752782686	-0.0003814934100628	1.4553722045958178e-07	1.5894974922975886e-08	0.0002859665304516	-1.0629979730052025e-07	1.085787298157438e-14	8.177685515181886e-08	0.0005250181283163	-4.444542934645497e-05	1.9753955599322482e-09	2.756440370082103e-07	0.049505288100001	-0.0877409741000021	1
-9.425450850310685e-11	-2.344104017514097e-11	6.379074631657048e-07	-3.411640097326276e-07	0.1075873056855936	0.1183916165574307	-2.7175872405515524e-15	2.6974927808685618e-15	-0.071362654062624	0.0143439683095988	-3.5375623880845453e-15	1.5042872009243325e-15	0.0116867208084859	6.973356578088475e-05	4.8627700923409525e-09	0.0001365794432563	-0.0089199762582389	-0.0041826322852363	1.7494412830493242e-05	7.9565976447917e-05	-0.0958208756515217	-3.664893005483496e-05	1.343142719508903e-09	0.0091816402106252	-0.000486049153902	-0.0003599738756335	1.2958119264589717e-07	2.3624378015476497e-07	0.0005459566790197	0.0002599901485673	6.759487799964312e-08	2.98068693679506e-07	0.0001786325849118	-0.0003463855434033	1.1998294816565285e-07	3.190959926701373e-08	0.0465644820000002	-0.0922080482000017	1
1.295020070058955e-10	1.4173030796049503e-10	-2.06107846645201e-07	1.0926222769251168e-07	0.4700387596994789	0.2085277050458263	3.530170121661352e-15	-6.110847932576091e-15	-0.0442460390913409	0.0123126776376806	9.933826364887506e-16	-8.197637934817535e-16	0.0115730452145355	-0.0001136755939503	1.2922139548246237e-08	0.0001339353755361	-0.0800310084201222	-0.0711110321618824	0.0050567788951281	0.0064049623087392	-0.0957214310153366	9.94446361849352e-05	9.889234161991668e-09	0.0091625923556245	0.0001029663444054	0.0005890154983077	3.469392586981915e-07	1.0602066209111104e-08	0.0003780091753831	-0.0001679475036359	2.8206364239971814e-08	1.428909354449241e-07	0.0001779808171712	-6.517677379881249e-07	4.244192304484926e-13	3.167717096233741e-08	0.0435942647000011	-0.0964421968000015	1
-2.716975879879166e-10	-4.3786605897112797e-10	5.8758803969122586e-08	-3.071696778310111e-08	0.8521049288595723	0.1512251300560128	-1.526243345884547e-14	1.297220792416694e-14	-0.0239226245864535	0.0081794255605624	-3.3399737903323536e-16	-4.932095108601112e-17	-0.0069834425990921	-0.018556487813629	0.0003443432399786	4.876847053004642e-05	-0.0031081932674354	0.0769228151526868	0.0059171194910149	9.660865387176724e-06	-0.0958429664920515	-0.0001215354767147	1.477087093671944e-08	0.0091858742259975	-0.0005400661325112	-0.0006430324769167	4.134907665615129e-07	2.916714265421153e-07	0.0007429519333235	0.0003649427579419	1.3318321782731116e-07	5.519775750433831e-07	0.0001787005595339	7.197423627046387e-07	5.179575841122252e-13	3.1933889627765566e-08	0.0405965123000004	-0.1004327240000014	1
6.258270206145019e-10	1.2469851265075643e-09	-1.4827393433894696e-08	7.5421238372089e-09	1.0027982134638356	-0.0188724393179831	4.1415472651919016e-14	-2.4028984413509274e-14	-0.0115503532396117	0.0045828068310034	-1.0292977168914015e-16	-1.1229842724101142e-17	-0.006827710881793	0.0001557317172988	2.4252366790245382e-08	4.661763588322742e-05	-0.0278782506428689	-0.0247700573754357	0.0006135557423792	0.0007771968589072	-0.0446313577809288	0.051211608711123	0.0026226288667814	0.0019919580973686	-0.0005399423282048	1.238043064311761e-07	1.4362017179837253e-14	2.915377190939213e-07	0.0009830321357463	0.0002400802024232	5.7638503520358976e-08	9.663521823087083e-07	-0.0001182345663331	-0.0002969351258684	8.81704713845942e-08	1.3979413098413696e-08	0.0375731182999998	-0.1041695494000012	1
-1.426246972635272e-09	-3.4585961173893718e-09	2.7759209378678503e-09	-1.2954556662237523e-09	0.7623572394132361	-0.1928040262704124	-1.2441502934362717e-13	3.710123714996991e-14	-0.0050260069781935	0.0022185285891639	-4.954470906751235e-16	3.72644029141493e-16	0.0020171287299617	0.008844839611754	7.823118775711769e-05	4.06880831452782e-06	-0.0539237136787699	-0.0260454630359004	0.0006783661447533	0.0029077668969107	-0.0030759380430808	0.0415554197378477	0.0017268529095885	9.46139484466662e-06	-0.0007563363651627	-0.0002163940369564	4.682637775215532e-08	5.720446990739451e-07	0.0011291137934951	0.0001460816577472	2.1339850315416537e-08	1.2748979616248375e-06	-0.0002910739794367	-0.0001728394131034	2.987346213620655e-08	8.47240628358684e-08	0.0345259923000005	-0.1076432335000016	1
3.1199233446689516e-09	9.420760519789191e-09	2.753589856260395e-11	-1.0107661671056624e-10	0.3610935336599821	-0.1826300939540314	3.493394189478649e-13	-2.29257125993148e-14	-0.0020553622114398	0.0009878194155903	-7.302579815762304e-16	2.2468073488261617e-16	-0.0071477918825446	-0.0091649206125075	8.39957698330028e-05	5.1090928795202255e-05	-0.0968432258369083	-0.0429195121581366	0.0018420845238931	0.0093786103904985	-0.0250896863709684	-0.0220137483278881	0.0004846051154441	0.0006294923621925	0.0007460171997747	0.0015023535649384	2.257066242507768e-06	5.565416641558546e-07	0.0007099832144217	-0.0004191305790749	1.7567044432008306e-07	5.0407616391005e-07	-4.676484249530855e-05	0.0002443091369419	5.968695518380148e-08	2.186949788928897e-09	0.0314570590000017	-0.1108450015000021	1
-6.3864914883158435e-09	-2.5244337349124e-08	-4.1462722691755085e-10	2.5945443079752304e-10	0.0787990251275674	-0.1026905832822737	-9.772278007176176e-13	-1.3881224794663833e-13	-0.0004118915580466	0.0002889800646693	-9.317174941538052e-16	6.505732991872872e-17	-0.0011159311318488	0.0060318607506963	3.638334411493013e-05	1.2453022909193683e-06	-0.0816566677794152	0.0151865580574947	0.0002306315456341	0.0066678113928369	-0.0231862606481533	0.0019034257228156	3.62302948205849e-06	0.0005376026828425	0.0002039831588281	-0.0005420340409496	2.9380090123446013e-07	4.160912834033949e-08	0.0007500046078522	4.002139343062464e-05	1.6017127058439004e-09	5.625069116699081e-07	4.492308799626833e-05	9.168793049268448e-05	8.406677225236295e-09	2.0180838291673567e-09	0.0283682567000019	-0.1137667654000024	1
1.1639733145081373e-08	6.656720519202669e-08	3.0622124448481006e-10	-1.7970664143224066e-10	-0.0590364371587254	-0.0415227788476341	2.6698797684586717e-12	8.952173763595005e-13	-0.0007837057289301	5.13811584171983e-05	-8.094531093041268e-16	6.993532191894675e-17	-0.0070153261529381	-0.0058993950210903	3.480286161442771e-05	4.921480103175089e-05	-0.047427681508339	0.0342289862710758	0.0011716235011453	0.0022493849732562	0.0216745150236413	0.0448607756717954	0.0020124891938749	0.0004697846015097	-0.0005115180366124	-0.0007155011954387	5.119419609110423e-07	2.616507012861437e-07	0.0007859882233312	3.5983615477217285e-05	1.294819455300434e-09	6.177774883055592e-07	4.620093573336406e-05	1.2778477350529109e-06	1.6308724947309014e-12	2.134524223680457e-09	0.0252615364000008	-0.1164011445000022	1
-1.6346282266993854e-08	-1.724571534972972e-07	-1.7041009588974738e-10	9.769538448942693e-11	-0.1020778051083234	-0.0062384219345942	-7.179199784617888e-12	-3.723722752508439e-12	0.0015649371885386	0.0001144430310472	-6.781243358058426e-16	9.676668855302016e-17	0.002395685055434	0.0094110112083727	8.856713196480797e-05	5.739306884731922e-06	-0.0419366546315271	0.0054910268768112	3.0151376160766875e-05	0.0017586830016845	-0.0197410600414329	-0.0414155750650757	0.0017152498579731	0.0003897094515579	-0.0005249808638068	-1.3462827193838802e-05	1.8124734565459892e-10	2.7560490736532e-07	0.0009750108973709	0.0001890226740389	3.5729570497129584e-08	9.506462527678174e-07	-4.024407664740484e-05	-8.644501238021823e-05	7.472739022709241e-09	1.6195844498695494e-09	0.0221388604000004	-0.1187414843000022	1
4.400912640879148e-09	4.3873303912846766e-07	8.395409840726114e-11	-4.753845039481298e-11	-0.0954044358437761	0.0101571781989743	1.8955313170667284e-11	1.3254844973948064e-11	-0.0009376046921889	0.0071434259601927	-5.36419057666287e-16	-4.7110901818074004e-17	-0.0010997171648615	-0.0034954022202954	1.2217836681288573e-05	1.2093778417709277e-06	-0.0786716787878002	-0.0367350241562725	0.0013494619997612	0.0061892330432902	-0.0199326441453568	-0.0001915841039232	3.67044680499709e-08	0.000397310302624	-0.0005770297662726	-5.204890246432587e-05	2.709086155059935e-09	3.329633509933922e-07	0.0006959749270496	-0.0002790359703232	7.786107398566455e-08	4.843810993305246e-07	8.620046892728706e-05	0.0001264445455754	1.5988223454637648e-08	7.4305207545454095e-09	0.0190022010000009	-0.1207818727000023	1
9.18815351892094e-08	-1.095934953994384e-06	-3.854663684146296e-11	2.1658069055624758e-11	-0.0694050981206261	0.0143598726661602	-4.9277477367298223e-11	-4.357322722793164e-11	0.1239670957091843	0.1280335251558112	-5.123476542811439e-16	-2.7042636893893273e-16	-0.0210638095595787	-0.0199640923947182	0.0003985649851482	0.000443684073162	-0.0998643714547587	-0.0211926926669574	0.0004491302224757	0.0099728926860536	0.0178025065594135	0.0377351507047712	0.0014239415987112	0.000316929239797	-1.5961181518201283e-05	0.0005610685847526	3.147979558741465e-07	2.5475851662315874e-10	0.0002660025915129	-0.0004299723355375	1.8487621098473453e-07	7.075737826398365e-08	-0.0002919978717155	-0.0003781983406446	1.4303398790240157e-07	8.52627568622272e-08	0.0158535394000012	-0.1225171557000021	1
-5.150017905547585e-07	2.6811121629857e-06	1.6895225747801137e-11	-9.446721657500316e-12	-0.0425924571946324	0.0120518583376584	1.2597735120281687e-10	1.361169786649183e-10	0.4969937394433135	0.2084433254450784	-8.08379380324148e-17	-4.73467345369234e-17	-0.0234002595721283	-0.0023364500125492	5.4589986589125465e-06	0.0005475721480438	-0.0799270191217842	0.0199373523329752	0.0003974980180497	0.0063883283856936	0.0303056166904433	0.0125031101310289	0.0001563277629474	0.0009184304029883	-0.0006339633925518	-0.0006180022110353	3.819267331027259e-07	4.019095828361917e-07	0.0002485924629257	-1.741012858509834e-05	3.031128848701656e-10	6.179821239200916e-08	-0.000291921309473	7.656224086253429e-08	6.053087038430078e-15	8.521804992832746e-08	0.0126948644000005	-0.1239429497000013	1
2.065904123873197e-06	-6.398189451223202e-06	-7.168292387429745e-12	4.000726918039098e-12	-0.0228370385774887	0.0079028404826515	-3.162851365647086e-10	-4.0995446288348904e-10	0.8710142239905901	0.144059186410694	1.166344838129552e-16	1.2014195776734568e-16	-0.0044356498059543	0.0189646097661753	0.0003596564235842	1.967498920152853e-05	-0.0709216995835087	0.0090053195382756	8.109577998676686e-05	0.0050298874718131	-0.0063007862254219	-0.0366064029158672	0.0013400287344406	3.969990705755202e-05	-0.0008839870105189	-0.0002500236179667	6.251180950235354e-08	7.814330351171365e-07	0.0002730422243212	2.4449761394639448e-05	5.97790400391009e-10	7.45520552511507e-08	-9.537930917113024e-05	0.000196542000303	3.862875789914876e-08	9.097212677767912e-09	0.009528171	-0.1250556530000008	1
-7.254635487653904e-06	1.4801734665265717e-05	2.9896728958786144e-12	-1.6797412870833261e-12	-0.0109369524190006	0.0043706162490851	7.779512728654143e-10	1.2002379218817214e-09	0.999218004009644	-0.0328369380157219	-4.2880288570606125e-17	1.5573634715443781e-16	-0.010024948879518	-0.0055892990735643	3.124026413207048e-05	0.0001004996000363	-0.0696648408512612	0.0012568587322482	1.5796938721877208e-06	0.0048531900508305	-0.0232163758269466	-0.0169155896015252	0.0002861371715667	0.000539000106537	-0.0003039839828567	0.0005800030276646	3.3640351259344775e-07	9.240626294622357e-08	0.0002730172749784	-2.494934350271752e-08	5.315206275508156e-16	7.453843211521168e-08	-0.0001159584532881	-2.0579144117082387e-05	4.23499604018371e-10	1.3446362310830489e-08	0.0063554594	-0.125852455000001	1
2.363873303541433e-05	-3.286110622294436e-05	-1.3045001974634196e-12	7.454290586280213e-13	-0.0047573633125315	0.0021223958565563	-1.8673505608520847e-09	-3.430724690562356e-09	0.7373712054483751	-0.1977236039003094	-4.590314570590689e-16	2.1801227264909787e-16	-0.0179546287730837	-0.0079296798935666	6.287982321425237e-05	0.0003223686943777	-0.0159377720738396	0.0537270687774213	0.0028865979194132	0.0002540125786774	-0.0222811849982909	0.0009351908286561	8.745818847915324e-07	0.0004964512049269	-0.0005489598651414	-0.0002449758822853	6.001318172589547e-08	3.013569341396642e-07	0.0002730802229073	6.294792966049187e-08	3.99679646998744e-15	7.457280838572244e-08	-0.0002919248389492	-0.0001759663856617	3.0964168349366176e-08	8.522011161637318e-08	0.0031787335999994	-0.1263313427000014	1
-7.32152693551825e-05	6.868715569064495e-05	8.02920757932101e-13	-4.1202800819029053e-13	-0.0018397298282088	0.0008906391338086	4.349097693775576e-09	9.580341722031651e-09	0.3383030948761852	-0.1779102664615021	-5.177891406172966e-16	9.815688055908856e-17	-0.0180506756958619	-9.604692277804176e-05	9.225011173306488e-09	0.0003258268930749	-0.0390576473502891	-0.0231198752764508	0.0005345286327958	0.0015254998165394	-0.0318945393373725	-0.0096133543390812	9.241658164776185e-05	0.0010172616395421	-0.0006339860851922	-8.502622005191779e-05	7.229457457445536e-09	4.0193835690557603e-07	0.0001640528694433	-0.0001090273534629	1.1886964532082221e-08	2.691334508445305e-08	-0.0001659478365238	0.0001259770024248	1.5870205250682698e-08	2.7538683327816075e-08	-5.432502423757608e-16	-0.126491106400002	1
0.0002208476229225	-0.0001266359323797	-1.1384859779319328e-12	2.973368920970372e-13	-0.000594931255297	0.0003058763161561	-9.754220871865733e-09	-2.629032971972645e-08	0.0661854933979117	-0.0980034711868821	-6.716556430386096e-16	1.3868800334684692e-16	-0.0180272431879732	2.3432507887618116e-05	5.490821038415581e-10	0.000324981496958	-0.0998590129895837	-0.0608013656392941	0.0036968060636029	0.0099718224752534	0.089398932585059	0.1212934719224329	0.0147121063310071	0.0079921691473516	-0.0001288082549891	0.0005051778302021	2.552046400851266e-07	1.659156586476084e-08	0.0006120402888734	0.0004479874194271	2.00692728043909e-07	3.7459331399266054e-07	-0.0006259605073322	-0.000460012670808	2.116116579015151e-07	3.91826556166187e-07	-0.0031787335999998	-0.1263313427000018	1
-0.0006243400019699	0.0001919968789951	2.7589684049530042e-12	3.7929730693096576e-15	-0.0001173985934137	6.302023951703835e-05	2.0735411600646123e-08	7.097421623525342e-08	-0.064032384954617	-0.0385554813901279	-8.105294323271277e-16	2.5887853160012965e-16	-0.017669309207789	0.0003579339801829	1.2811673387944082e-07	0.0003122044878797	-0.0712658452045365	0.0285931677850482	0.0008175692439834	0.0050788206927169	0.0752242406601453	-0.0141746919249161	0.0002009218911642	0.0056586863828992	-0.0003806732927967	-0.0002518650378072	6.343599705306745e-08	1.4491215485888828e-07	0.0007971559475785	0.0001851156587058	3.42678073122085e-08	6.354576054958334e-07	-0.0008203485449939	-0.0001943880376618	3.778670953819391e-08	6.729717376482546e-07	-0.0063554593999999	-0.125852455000002	1
0.0015095902414934	-0.0004429143049731	-7.461967412136957e-12	-1.5938102375278654e-12	5.062250198213922e-06	-2.735740425976801e-06	-4.0471049620775754e-08	-1.885771792357925e-07	-0.1027358657876896	-0.0047221662262313	-7.48133979704046e-16	8.794045475363775e-17	-0.027202373360595	-0.0095330641528062	9.087931214198928e-05	0.0007399691164488	-0.113141438191492	-0.0418755929869556	0.0017535652880085	0.0128009850360396	0.0752278486125599	3.607952413845649e-06	1.3014625303703574e-11	0.005659229206878	-0.0002307412147699	0.0001499320780269	2.247962669405599e-08	5.324150691338794e-08	0.0007500800357395	-4.707591183908005e-05	2.216140529890881e-09	5.626200604892471e-07	-0.0006899133454372	0.0001304351995574	1.7013340349767632e-08	4.75980423564088e-07	-0.0095281709999995	-0.1250556530000021	1
0.0004015387178727	0.0108940587105272	2.021760153301427e-11	8.176378787526299e-12	-2.1398625982198657e-06	1.1626582953671125e-06	6.696398196749658e-08	4.930736894800008e-07	-0.0940721386478184	0.0107300180484954	-7.723722336064534e-16	2.383539888378475e-16	-0.017921992412013	0.009280380948583	8.61254705505977e-05	0.0003211978120152	-0.0737135495707413	0.0394278886207517	0.0015545584010905	0.0054336873903178	0.0702353022016703	-0.0049925464108907	2.4925519662984213e-05	0.0049329976753632	-0.0009278082702721	-0.0006970670555009	4.859024811102983e-07	8.608281855922188e-07	0.0007507386059536	6.585702142340858e-07	4.33143420488196e-13	5.63608454762417e-07	-0.0005141521859044	0.0001757611595324	3.0891985738230064e-08	2.6435246711468605e-07	-0.0126948643999999	-0.1239429497000021	1
0.1414576706840219	0.1374794372544678	-5.4041460553448845e-11	-3.178540935858429e-11	8.187022826130853e-07	-4.441286891864288e-07	-6.715871602564027e-08	-1.2678599163745468e-06	-0.0675890756859205	0.0143489517086669	-5.362512460063965e-16	6.587098000511684e-16	-0.0177027915115388	0.0002192009004744	4.8049034720863e-08	0.0003133888273005	-0.0212656086518995	0.0524479409188399	0.0027507865066247	0.0004522261113366	0.0586712723432854	-0.0115640298583852	0.0001337267865643	0.0034423181983821	-0.0013831904334709	-0.0004553821631983	2.0737291461621265e-07	1.913215778307552e-06	0.0007510674659694	3.2886001527129464e-07	1.0675924661728029e-13	5.64102338780714e-07	-0.0008199813634102	-0.0003058291775043	9.35314869061984e-08	6.723694412545745e-07	-0.0158535394000012	-0.1225171557000017	1
0.523886221335741	0.2077927720144151	1.4183618249470155e-10	1.0918737311820455e-10	-2.9039416828671417e-07	1.5688795858884698e-07	-1.1454789185930321e-07	3.1962913230768934e-06	-0.0410882762608443	0.0118056377261633	-1.90581179649794e-16	4.40655246600845e-16	-0.0368502576528461	-0.0191474661413072	0.0003666254596352	0.0013579414890811	-0.1222830695276263	-0.1010174608757268	0.0102045274017807	0.0149531490930978	0.0280533547763545	-0.0306179175669306	0.0009374568761361	0.0007869907142075	-0.0007278614742522	0.0006553289592167	4.2945604512888637e-07	5.297823248611412e-07	0.000457220943286	-0.0002938465226821	8.634577892968159e-08	2.0905099067494227e-07	-0.0006063335244272	0.0002136478389857	4.5645398845839634e-08	3.676403459996304e-07	-0.019002201	-0.1207818727000019	1
0.888983339190636	0.1364338299201272	-3.6621421653131917e-10	-3.5076174872065824e-10	9.728610231142152e-08	-5.2324647499520836e-08	1.073141524522781e-06	-7.90100144138246e-06	-0.0218603711367956	0.0076449384886725	-2.6020171350100395e-16	3.0217675977619514e-16	-0.0344058490863705	0.0024444085664765	5.975133238317412e-06	0.0011837624513545	-0.0963023031451096	0.0259807663825185	0.0006750002218212	0.0092741335910518	0.0436149351290075	0.015561580352654	0.000242162783071	0.0019022625663079	-0.0006248802611066	0.0001029812131464	1.060512954313134e-08	3.904753415444773e-07	0.0004426693218632	-1.4551621423283874e-05	2.117501215473997e-10	1.959561269492743e-07	-0.0005428619739045	6.347155052003288e-05	4.028635566244231e-09	2.946991232072113e-07	-0.0221388604000001	-0.1187414843000021	1
0.9937217037602276	-0.0468116622625254	9.29621134377128e-10	1.0781465702292242e-09	-3.15819498307262e-08	1.688942964777827e-08	-4.842941797987247e-06	1.909895611059396e-05	-0.0104019609597551	0.0041895406734751	-2.528911151234152e-16	-2.9589136977172275e-16	-0.0368486144204931	-0.0024427653341229	5.967102476490893e-06	0.0013578203847118	-0.0662869494279896	0.030015353717119	0.0009009214587631	0.0043939596644691	0.0314307957177257	-0.0121841394112824	0.0001484532531927	0.0009878949194499	-0.0007099009865018	-8.502072539596503e-05	7.228523219648006e-09	5.03959411646551e-07	0.0005356314784594	9.296215659759128e-05	8.641962778424185e-09	2.869010804092312e-07	-0.00037080959229	0.0001720523816144	2.9602022247261616e-08	1.3749975183711946e-07	-0.0252615364000011	-0.1164011445000017	1
0.7117859003343455	-0.2016013424184622	-2.3159402280235576e-09	-3.207382141959292e-09	9.821027451034913e-09	-5.209944331745181e-09	1.7946586892037973e-05	-4.49380506628692e-05	-0.0044975444010835	0.002018548915126	-3.401230983021409e-16	-8.226019185494709e-16	-0.0334673045542645	0.0033813098662294	1.1433256410991956e-05	0.0011200604741289	-0.0964028413359584	-0.0301158919079694	0.0009069669454127	0.0092935078176468	0.0119751637713615	-0.0194556319463652	0.0003785216144316	0.0001434045473509	-0.0005728399696527	0.0001370610168485	1.878572273244136e-08	3.281456318497632e-07	0.0007411230072672	0.0002054915288078	4.222676915955089e-08	5.49263311783725e-07	-0.000430787726301	-5.9978134010852526e-05	3.597376642797362e-09	1.8557806589901977e-07	-0.0283682567000008	-0.1137667654000017	1
0.3161535644984402	-0.1729963787330835	5.646555193705724e-09	9.29721367775808e-09	-2.8598741935873643e-09	1.497815682440574e-09	-6.058887569165008e-05	0.0001019571147878	-0.0017223428871015	0.0008374327899644	-5.567324473576039e-16	-6.083898149587521e-16	-0.0251596081969295	0.0083076963573365	6.90178187658614e-05	0.0006330058846225	-0.1112126895013017	-0.0148098481653422	0.0002193316026807	0.0123682623061133	0.0059996315303801	-0.0059755322409818	3.5706985561907726e-05	3.599557849973644e-05	-0.0002942796181369	0.0002785603515162	7.759586977894647e-08	8.660049353094297e-08	0.0009355694535204	0.0001944464462515	3.7809420946060727e-08	8.752902040334283e-07	-0.0004708623890052	-4.007466270266742e-05	1.6059783281779356e-09	2.2171139165245345e-07	-0.0314570589999999	-0.110845001500002	1
0.0541232182924255	-0.093411824361527	-1.3414901691937528e-08	-2.6368756329387473e-08	7.430111282405974e-10	-3.7972509733566756e-10	0.0001950661982311	-0.0002156851500931	-0.0005487157339755	0.0002830543875615	-7.31763929953188e-16	-2.7508718114385197e-16	-0.0195602656471578	0.0055993425497729	3.135263698950039e-05	0.0003826039921862	-0.070507431821554	0.0407052576797482	0.0016569180027754	0.0049712979420706	-0.0088533473233376	-0.0148529788537181	0.0002206109808287	7.838175882656486e-05	-0.0007098449161282	-0.0004155652979913	1.726945166085684e-07	5.038798035044821e-07	0.0009356176165873	4.8163065997063417e-08	2.0464836791137063e-15	8.753803279595905e-07	-0.000331667855224	0.0001391945337833	1.9375119584558773e-08	1.1000356774269925e-07	-0.0345259923000003	-0.107643233500002	1
-0.0686995312336578	-0.0356843856779973	3.0838197011289865e-08	7.321932045888375e-08	-1.4582470456331263e-10	6.985393657929262e-11	-0.0005752453495946	0.0004223204876479	-0.0001008676918078	5.426847385277764e-05	-8.664905639132149e-16	3.938084691302239e-17	-0.0194075059961992	0.0001527596509589	2.3335510767421373e-08	0.0003766512889909	0.0514551113056623	0.1219625431272132	0.0148748619260628	0.0026476284794817	-0.0235079226530098	-0.0146545753296725	0.0002147565780934	0.0005526224274589	-0.0016934618044449	-0.0009836168883173	9.675021828675925e-07	2.867812886053664e-06	0.0004931321019164	-0.0004424855146713	1.957934326828316e-07	2.431792700067437e-07	-0.0001550822088899	0.0001765856463326	3.118248997791064e-08	2.405049035602541e-08	-0.0375731183000025	-0.1041695494000015	1
-0.1032190765808015	-0.003274497189985	-6.791153629838598e-08	-1.9951975319341347e-07	-2.4268743373974496e-12	2.011059201303655e-12	0.0013853494919458	-0.0010472885384364	5.6142597662754455e-06	-3.0508349803652117e-06	-5.205531106433377e-16	-5.985831534339884e-17	-0.0195005531824543	-9.304718625363958e-05	8.657778868245335e-09	0.00038027157442	-0.0471322978852662	-0.098587409190931	0.0097194772509816	0.002221453503945	-0.0581113973993375	-0.0346034747463281	0.0011974004645203	0.0033769345077037	-0.0011289799022314	0.0005644819022146	3.186398178764241e-07	1.2745956204941072e-06	0.0004930413928364	-9.070907630583921e-08	7.111899060272718e-15	2.4308981675085946e-07	-7.372166123924461e-05	8.136054764849267e-05	6.6195392958040505e-09	5.434881613714903e-09	-0.040596512300002	-0.1004327240000014	1
-0.0926690998904275	0.011253075475452	1.4047296690549378e-07	5.350438264099544e-07	3.789552498647849e-11	-8.581741500002152e-12	0.0023201610213249	0.0153216957820032	-2.182959022749838e-06	1.190987364500402e-06	-6.008668060261529e-16	-7.214998178222281e-17	-0.0195204841026149	-1.993092015981081e-05	3.972409635303696e-10	0.0003810492995987	-0.1178193142989848	-0.0706870164137162	0.0049966542894737	0.013881390821882	-0.0476903748520681	0.0104210225472706	0.0001085977109296	0.0022743718535294	-0.0008579555694846	0.0002710243327473	7.345418765925046e-08	7.360877599829311e-07	0.0004930774203355	3.60274978928409e-08	1.5548950528471704e-15	2.431253412606111e-07	-0.0001802883884728	-0.0001065667272324	1.1356468261320545e-08	3.2503903542652634e-08	-0.0435942647	-0.096442196800002	1
-0.0657772714567959	0.0143103026078427	-2.61365149895142e-07	-1.4123347734658707e-06	-7.002915758478743e-11	-9.496833693058811e-12	0.1602865902456806	0.1465650656117753	8.412677598630421e-07	-4.583509758251602e-07	-9.223653244811968e-16	2.052473478366169e-16	-0.037295300623514	-0.0177748165209003	0.0003159441023544	0.0013909394485988	-0.1038239990295595	0.0139953152694271	0.0001958688494893	0.0107794227744894	-0.0487275381502467	-0.0010371632981778	1.0757077066854817e-06	0.0023743729741819	-0.0010049584687692	-0.0001470028992851	2.1609850820148934e-08	1.0099415245416476e-06	0.0004930789247346	1.504399598553684e-09	-1.0046981916235322e-15	2.4312682575052525e-07	-0.0001572524420078	2.3035946465125297e-05	5.306536053432461e-10	2.4728331106690488e-08	-0.0465644819999993	-0.0922080482000021	1
-0.0396179240758517	0.0115532487919948	3.863826552511466e-07	3.66852570302016e-06	1.5970033814931962e-10	7.083481981466781e-11	0.5506271753056206	0.2065070733956758	-3.076575851437087e-07	1.6705977416585965e-07	-1.0952875425650885e-15	5.655424357123677e-16	-0.0374794745969933	-0.0001841739734795	3.3920052414878596e-08	0.0014047110160668	-0.0793385921648454	0.0244854068647138	0.0005995351493298	0.0062946122066997	-0.0581716862063506	-0.0094441480561041	8.919193250578972e-05	0.0033839450760882	-0.0006129410717208	0.0003920173970485	1.536776395241253e-07	3.756967569480031e-07	0.0007430483052071	0.0002499693804741	6.248469174026648e-08	5.521207865444795e-07	-0.0001577722702786	-5.198282729106656e-07	2.703323059911541e-13	2.489208867177893e-08	-0.0495052880999996	-0.0877409741000019	1
-0.0209150888503876	0.0073903765833877	-1.9134253594079838e-07	-9.368225756111632e-06	-4.0680823999742057e-10	-2.709475339669438e-10	0.9059578813528506	0.1283287722420036	1.0749298706711977e-07	-5.817564232743409e-08	-1.0313109268196061e-15	4.218314593912005e-16	-0.0373738419894212	0.0001056326075712	1.1158247700982485e-08	0.0013968040650506	-0.0794279782251545	-8.938606031006971e-05	7.989866907683823e-09	0.0063088037249356	-0.0582195135927886	-4.782738643860918e-05	2.2874589076246758e-09	0.0033895117629785	-0.000864975216097	-0.0002520341443778	6.352120948587528e-08	7.48182123619871e-07	0.0004930433520708	-0.0002500049531366	6.250247713728e-08	2.430917484444632e-07	-9.978679374745052e-05	5.798547653216133e-05	3.362315756362923e-09	9.95740524684464e-09	-0.0524148256999998	-0.0830522587000016	1
-0.009887156143587	0.0040133906338086	-1.7114242280042051e-06	2.3474337323893213e-05	1.0524257174954762e-09	9.063289925241887e-10	0.9866252443403538	-0.0607159136053663	-3.6683619492575725e-08	1.977642351220087e-08	-1.0463035647057022e-15	7.847209398090045e-17	-0.022069311407846	0.0153045305815755	0.0002342286563233	0.0004870545060147	-0.0795142176554142	-8.623943026014636e-05	7.4372393881001e-09	0.0063225108093518	-0.0581369290613119	8.258453147584068e-05	6.820204801583511e-09	0.0033799025206772	-0.0008029860041621	6.198921193629949e-05	3.8426622698740365e-09	6.447865226999681e-07	0.0004310256658503	-6.201768622141528e-05	3.846192606001744e-09	1.857831231329573e-07	-6.482691896789793e-05	3.495987477959462e-05	1.222191861415091e-09	4.202531054973694e-09	-0.0552912570000002	-0.0781537461000015	1
-0.0042488882172105	0.0019183275822359	1.0264102972795411e-05	-5.755811266293665e-05	-2.689442876662168e-09	-2.841662077351313e-09	0.6858319651996788	-0.2046593893185939	1.2125441219254364e-08	-6.504582818229867e-09	-8.781480521835933e-16	-2.57981886324576e-16	-0.0138360972574942	0.0082332141503517	6.778581524451585e-05	0.0001914375873181	-0.0856443932487267	-0.006130175593313	3.7579052804649854e-05	0.0073349620949413	-1.5951487403536795e-05	0.0581209775739086	0.0033780480341481	2.5444719407910727e-10	-0.0002850353973464	0.0005179506068178	2.682728311357727e-07	8.124517715147067e-08	0.0004609775435272	2.995187767628149e-05	8.971134654088375e-10	2.125002939818965e-07	0.0001550658199367	0.0002198927389057	4.8352815214691525e-08	2.4045408487667724e-08	-0.0581327651000008	-0.0730578103000012	1
-0.001611317819552	0.0007867880933969	-4.2170660722492585e-05	0.0001377097370245	6.760486655162674e-09	8.576047628738215e-09	0.2946474533517456	-0.1679392669825506	-3.859187529769042e-09	2.056373945925908e-09	-7.008052795777447e-16	-4.0660835891209244e-16	-0.0307474892136528	-0.0169113919561596	0.0002859951778969	0.000945408092945	-0.079536057106749	0.0061083361419776	3.731177042257792e-05	0.0063259843800868	0.0065542371822663	0.0065701886696694	4.3167379153644e-05	4.295802504015698e-05	-0.0007589738299268	-0.0004739384325822	2.24617638603753e-07	5.760412739049477e-07	0.0005600351480462	9.905760452134528e-05	9.812407489842108e-09	3.136393663262518e-07	-9.27874277000382e-05	-0.000247853247639	6.143123325823644e-08	8.609504563209675e-09	-0.0609375553000012	-0.0677773241000009	1
-0.0005055093003506	0.0002616006569783	0.0001528801239221	-0.0003143497353535	-1.6663383624993935e-08	-2.5147029307211583e-08	0.0426914888990432	-0.0889352114709358	1.1641927309302987e-09	-6.141759308976137e-10	-6.488213008774238e-16	-1.5835725580737015e-16	-0.0307739993863421	-2.6510172687650185e-05	7.027884838359507e-10	0.0009470390382305	-0.1068948463668843	-0.0273587892601351	0.0007485033497795	0.0114265081797989	-0.0211278549230934	-0.0276820921053602	0.0007662982233302	0.0004463862536498	-0.0007049916803658	5.398214956068805e-05	2.914071759089621e-09	4.97013268624078e-07	0.0005630100900982	2.974942052680066e-06	8.849967268283423e-12	3.169803611744794e-07	-2.880157553128071e-05	6.398585216735943e-05	4.094189742257528e-09	8.29528879275513e-10	-0.0637038560000008	-0.0623256266000011	1
-8.58176756282532e-05	4.62713251571374e-05	-0.0004845458397281	0.0006834860248741	4.012845184269168e-08	7.202552954729342e-08	-0.0729779753428561	-0.0329297459584917	-3.226239260197884e-10	1.6730313235731522e-10	-7.830577881432536e-16	-5.414598258235843e-16	-0.0307627126438651	1.128674247829054e-05	1.273899326382241e-10	0.0009463444892087	-0.1196090229119599	-0.0127141765450745	0.0001616502852181	0.0143063183619527	-0.0500811287842789	-0.0289532738611853	0.0008382920672817	0.0025081194603062	-0.0005439733683694	0.0001610183119951	2.5926896311150808e-08	2.9590702423107055e-07	0.0005620253134221	-9.847766768861438e-07	9.697515616011538e-13	3.158724523201364e-07	-9.284711439668782e-05	-6.404553886487155e-05	4.101831486508177e-09	8.620585708826593e-09	-0.0664299200000003	-0.0567164891000013	1
5.763721659257866e-06	-3.1452629258183218e-06	0.0011610076290025	-0.0017265496791239	-9.39068291163378e-08	-2.0216975754134798e-07	-0.103524186071393	-0.0018979664061203	7.593676146523155e-11	-3.789383276630071e-11	-4.576324345677281e-16	6.467274953733654e-16	-0.0287123322628578	0.0020503803810081	4.204059706256061e-06	0.0008243980239724	-0.1194980675520309	0.0001109553599295	1.2311090535972144e-08	0.0142797881486685	-0.0400562757689266	0.010024853015353	0.0001004976779786	0.0016045052284749	-0.001017977231191	-0.0004740038628221	2.246796623783045e-07	1.0362776430858265e-06	0.0004790472935892	-8.297801983396824e-05	6.885352370183509e-09	2.2948630830276306e-07	-9.275621473759522e-05	9.089965968264149e-08	8.253771660831786e-15	8.603715557748067e-09	-0.0691140255000003	-0.0509640808000012	1
-2.1434315261098143e-06	1.1737763668277525e-06	0.0050428001998186	0.0207728586771494	2.1168340974493809e-07	5.572660351589379e-07	-0.0912091500308782	0.0117337906055705	-1.0955160062194391e-11	4.569876389851296e-12	-1.3211346179777253e-15	-2.3633261938991225e-15	-0.0271960175711726	0.0015163146916857	2.29921024357028e-06	0.0007396233717306	-0.1196322540198206	-0.0001341864677894	1.800600684950507e-08	0.0143118762018618	-0.0611615582597992	-0.0211052824908726	0.0004454329490199	0.0037407362087659	-0.0005869685088355	0.0004310087223559	1.8576851910448578e-07	3.4453202955581844e-07	0.0006750269404275	0.0001959796468379	3.8408022856775774e-08	4.556613700815308e-07	-9.28018216317231e-05	-4.560689396875237e-08	2.127282687002775e-15	8.612176964365378e-09	-0.0717544770000003	-0.0450829329000012	1
8.34185304458898e-07	-4.5623022379503165e-07	0.1817202563851696	0.1559425504159714	-4.531949609767441e-07	-1.5057432556513412e-06	-0.0639715595259033	0.0142511140510688	-2.7047012715796363e-12	2.0245468229823604e-12	-2.3749425761163585e-17	5.502284856679453e-15	-0.0157220795453833	0.0114739380257888	0.0001316512538207	0.0002471837852314	-0.0385055671423639	0.0811266868774559	0.0065815393237144	0.0014826787009537	-0.0206276404339575	0.0405339178258428	0.0016429984943123	0.0004254995498718	-0.0016069917450417	-0.0010200232362074	1.0404474057832405e-06	2.582422469278727e-06	0.0007150262884325	3.99993480047331e-05	1.5999471981471772e-09	5.112625951605436e-07	-3.1925437913594354e-05	6.0876383719231145e-05	3.7059320670064422e-09	1.0192330006854744e-09	-0.0743496069000019	-0.0390879015000007	1
-3.122734479614041e-07	1.7027491224446557e-07	0.57920950187427	0.2045190049730553	8.96286563697282e-07	4.003563155780574e-06	-0.0381792059165899	0.0112961253987426	3.5731939244031984e-12	-2.1596421706683503e-12	-2.220676150709716e-15	-1.5255062109890923e-14	-0.0121189956023903	0.0036030839429916	1.2982213899827306e-05	0.0001468700544101	-0.1530221873389061	-0.114516620196543	0.0131140563012433	0.0234157898179834	-0.0169731606146179	0.0036544798193387	1.3355222749011168e-05	0.0002880881812493	-0.0012559686754807	0.0003510230695606	1.2321719299178674e-07	1.5774573154701857e-06	0.0007090583804065	-5.967908025207542e-06	3.561559253717022e-11	5.027637867793656e-07	-9.2054732709286e-05	-6.0129294797846704e-05	3.61553340689863e-09	8.474071368902611e-09	-0.0768977760000011	-0.0329941307000005	1
1.1232391290291149e-07	-6.107771170386705e-08	0.9229431499461987	0.1189738025070656	-1.5283152848051292e-06	-1.0478558076771998e-05	-0.0200039196840909	0.0071398643765107	-2.2843246470089278e-12	1.325851355190466e-12	-1.3707298007315342e-16	3.7754938017219916e-14	-0.0232176698770977	-0.0110986742747086	0.0001231805706559	0.0005390601945225	-0.1094896202776725	0.0435325670612361	0.0018950843949412	0.0119879769485474	-0.0340178600849512	-0.017044699470333	0.0002905217800344	0.0011572148047587	-0.0007789944096082	0.0004769742658734	2.275044488134672e-07	6.068322905327248e-07	0.0006240074190953	-8.505096131193054e-05	7.23366452962616e-09	3.893852595129365e-07	-1.925695292567791e-05	7.27977797828534e-05	5.299516709543864e-09	3.708285547272421e-10	-0.0793973748000007	-0.0268170139000008	1
-3.964976787330281e-08	2.1495088216685503e-08	0.9767634208119114	-0.0754770212575628	1.7348001337194025e-06	2.6983317635944872e-05	-0.0093969869587435	0.0038434172477896	1.20041887573057e-12	-6.841220289650506e-13	7.468478541737068e-15	-9.465077066982976e-14	-0.0122271102784449	0.0109905595986539	0.0001207924002912	0.000149502225761	-0.1137571533947728	-0.0042675331171013	1.821183890499874e-05	0.0129406899484809	-0.0633976332022363	-0.0293797731172853	0.0008631710684245	0.0040192598956453	-0.0007995414430592	-2.054703345318216e-05	4.2218082791087767e-10	6.392665196678827e-07	0.0007089538491139	8.494643001875732e-05	7.21589381251769e-09	5.026155606913412e-07	0.000115783858428	0.0001350408113529	1.823602150390911e-08	1.3405902083882685e-08	-0.0818468245000011	-0.0205721550000006	1
1.3710976226702138e-08	-7.4069289765154775e-09	0.6575078995017011	-0.2069451429727829	1.6332603114135569e-06	-6.830456491181359e-05	-0.0040123298642724	0.001822064997806	-5.730253473319921e-13	3.235846694574217e-13	-4.399025473383573e-14	2.331548551285273e-13	-0.0121390603674033	8.804991104131938e-05	7.752785626832056e-09	0.0001473567866031	-0.1221091938047471	-0.0083520404099743	6.975657900956047e-05	0.0149106552116442	-0.058385249811878	0.0050123833903589	2.512398725135188e-05	0.0034088373955948	-0.0007130306595976	8.651078346206536e-05	7.484115152738228e-09	5.084127219431678e-07	0.000433950384868	-0.0002750034642468	7.562690472864417e-08	1.883129356073837e-07	0.0001391547774923	2.3370919064657324e-05	5.461993274373019e-10	1.936405320977892e-08	-0.084244578000001	-0.0142753290000004	1
-4.622919940795904e-09	2.486646804562376e-09	0.2721536054138402	-0.1623740632158446	-2.106487023616452e-05	0.0001694987234662	-0.0015059663220711	0.0007384604165928	2.5790449053565723e-13	-1.445272324252371e-13	1.765741456193041e-13	-5.551729866715572e-13	-0.0121618844019199	-2.282403451700921e-05	5.209354173467052e-10	0.0001479114322049	-0.0807838490965615	0.0413253447081853	0.0017077841152511	0.0065260302748538	-0.0852953887278517	-0.0269101389159735	0.0007241555764777	0.0072753033382359	-0.0011520134832149	-0.0004389828236179	1.927059200312195e-07	1.3271350657807276e-06	0.0003749555074338	-5.899487743236308e-05	3.4803942064877292e-09	1.4059163202047242e-07	7.72158633059432e-05	-6.193891418594487e-05	3.836429439813364e-09	5.962290040562238e-09	-0.0865891208000015	-0.0079424423000002	1
1.504319682942924e-09	-8.045948050090888e-10	0.0309332458278036	-0.0842172917492068	0.0001028568322085	-0.0004044495432404	-0.0004646104451415	0.0002411692167853	-1.117151877499257e-13	6.240846953983727e-14	-6.228689336176016e-13	1.2864278093454926e-12	-0.0121082787493805	5.360565253914539e-05	2.873565671209807e-09	0.000146610414272	-0.1105640163457329	-0.0297801672491727	0.0008868583613875	0.0122244017104982	-0.0634670361916472	0.0218283525362055	0.0004764769744438	0.0040280646829514	-0.0009580177735172	0.0001939957096981	3.763433508669995e-08	9.177980543352064e-07	0.0002739387573596	-0.000101016750074	1.0204383373122456e-08	7.504244255835957e-08	0.0001281314418874	5.091557858221968e-05	2.592395094211716e-09	1.6417666293723995e-08	-0.0888789721000015	-0.0015894923	1
-4.67032626297561e-10	2.4779103259375583e-10	-0.0772292561338868	-0.0300712650877212	-0.0003695979153404	0.0009258400249908	-7.200530056037792e-05	3.900427263540849e-05	4.6679161182639925e-14	-2.586437094168337e-14	2.0230525452307866e-12	-2.859548426030168e-12	-0.0176382765132955	-0.005529997763916	3.058087526888227e-05	0.0003111087983592	-0.1103391938013509	0.0002248225443819	5.054517483409806e-08	0.0121747376887311	-0.0112575296605461	0.0522095065311019	0.0027258325722215	0.0001267319740567	-0.0014140603168813	-0.0004560425433628	2.0797480138128855e-07	1.99956658214312e-06	0.0004928247710212	0.0002188860136614	4.7911086830701833e-08	2.4287625378654244e-07	0.0002478486732485	0.0001197172313615	1.4332213654987227e-08	6.142896503036275e-08	-0.0911126855000016	0.0047674729000001	1
1.3567943622473916e-10	-7.107294208140664e-11	-0.1036576994891683	-0.0004941565323809	0.0008665418998194	-0.0023458262562322	5.422126085835375e-06	-3.231068883827762e-06	-1.919028231281852e-14	1.0461649226034896e-14	-6.276208563401858e-12	6.0021897683548286e-12	-0.0121696531284942	0.0054686233848015	2.990584172443092e-05	0.0001481004572655	-0.182395675135696	-0.0720564813343446	0.0051921365022876	0.0332681823082083	-0.0278031994101005	-0.0165456697495558	0.0002737591874615	0.0007730178974362	-0.0008600514168208	0.0005540089000608	3.069258609235066e-07	7.396884400081065e-07	0.0002738380230364	-0.0002189867479858	4.795519624761065e-08	7.49872599368984e-08	0.0003761172386751	0.0001282685654245	1.6452825897426672e-08	1.4146417614457442e-07	-0.0932888502000004	0.0111123951	1
-3.515918867637116e-11	1.7971667807277568e-11	-0.0895640141933895	0.0121948055559423	0.0084278076453755	0.0266076382716044	-1.721250401187928e-06	1.6568552143903976e-06	7.678852220929392e-15	-4.379497119901229e-15	1.8792877261428465e-11	-1.1463136896508818e-11	-0.0336081687001418	-0.0214385155716487	0.0004596099499194	0.0011295090033779	-0.126243946595609	0.056151728540089	0.003153016618041	0.015937534052033	-0.0278468744164111	-4.36750063100388e-05	1.907505549723626e-09	0.0007754484147617	-0.0015890300984815	-0.0007289786816602	5.314099195608271e-07	2.525016656154587e-06	0.0005179203672889	0.000244082344254	5.957619024384693e-08	2.6824150416864053e-07	0.0001009118506935	-0.0002752053879816	7.573800768063021e-08	1.0183201163612484e-08	-0.0954060917000007	0.0174292463	1
7.029068587362098e-12	-3.348559001890551e-12	-0.0620363392748924	0.0141617380695753	0.2027774953280076	0.1641046713452302	1.4034096144877694e-07	-1.9780473760509218e-06	-3.0070942451343e-15	1.5368251054511066e-15	-5.4774859862579525e-11	1.8066079108054387e-11	-0.0448130754451926	-0.0112049067450501	0.0001255499351658	0.0020082117308579	-0.110137362888323	0.0161065837072842	0.0002594220387175	0.012130238703992	-0.074070894740942	-0.0462240203245321	0.0021366600549649	0.0054864974477233	-0.001765981709655	-0.0001769516111729	3.131187380492804e-08	3.1186914020062564e-06	0.0011260266914778	0.0006081063241892	3.697933065179354e-07	1.2679361138849834e-06	-2.9005787940276144e-05	-0.0001299176386333	1.6878593010650828e-08	8.413358925872264e-10	-0.0974630726000015	0.0237020698000005	1
-2.619516141355918e-13	-4.817210960193266e-14	-0.0366641084875371	0.0110145051972425	0.6054418289845631	0.2021573394742794	1.1309406521228436e-06	4.382553601185801e-06	1.3386902816810265e-15	-7.093227088579192e-16	1.5607554375788274e-10	-1.4295927932702338e-11	-0.0556782170200612	-0.0108651415748683	0.0001180513014418	0.0031000638505356	-0.2278915814451938	-0.1177542185568712	0.013866055987942	0.051934572893595	-0.0415461884761388	0.032524706264803	0.0010578565176111	0.0017260857768925	-0.0011589472581352	0.0006070344515181	3.684908257880451e-07	1.3431587472701843e-06	0.0011260548388117	2.8147331792036465e-08	-2.74810256648769e-15	1.2679995002847465e-06	-9.18477349123978e-05	-6.284194697121816e-05	3.949108363610611e-09	8.43600582103335e-09	-0.0994584937	0.0299150198000008	1
-8.054513147897806e-13	5.143556226291155e-13	-0.0190534517865364	0.0068739305163802	0.9376090712801222	0.1097942873154139	-2.852664090477957e-06	-1.1380367250903151e-05	-3.7395922716667204e-18	1.1944877998926574e-16	-4.356198251415552e-10	-5.185956043286791e-11	-0.05586495503785	-0.0001867380177878	3.4871084670028865e-08	0.0031208932013848	-0.1650861240691934	0.0628054573760037	0.0039445254762096	0.0272534283601874	-0.0740853144661452	-0.032539125990008	0.0010587947201952	0.0054886338195469	-0.0013844594017778	-0.000225512143642	5.0855725709723656e-08	1.916727834393181e-06	0.0009630639740072	-0.0001629908648019	2.6566021460159643e-08	9.274922170797574e-07	-9.183355128923169e-05	1.418362172571108e-08	8.816926516166675e-16	8.433401324747431e-09	-0.1013910947999999	0.0360524019000007	1
6.440018931235831e-13	-3.791599993008548e-13	-0.00889033151643	0.003665782548363	0.9659574606590176	-0.0888956650295761	5.479954363764947e-06	2.986462527691163e-05	9.029718595069653e-16	4.958934008972728e-17	1.1914474128966751e-09	3.7045544478580727e-10	-0.0309721285475188	0.0248928264903332	0.0006196528106819	0.0009592727467631	-0.1457673527500423	0.0193187713191495	0.0003732149252803	0.0212481211277546	-0.0772405266230646	-0.0031552121569201	9.955363754947173e-06	0.005966098953009	-0.0013844602721238	-8.703463972300538e-10	-2.775272004159199e-16	1.916730244993176e-06	0.0007730637566354	-0.0001900002173727	3.6100082138533183e-08	5.976275689565059e-07	-9.196513457200968e-05	-1.3158328439183558e-07	1.5031666973440252e-14	8.457586074943137e-09	-0.1032596550000008	0.0420987124000007	1
-3.6570308377955997e-13	2.1029905853037419e-13	-0.0037699883288823	0.001722522963097	0.6310415619245999	-0.2081854057031398	-8.196007669260019e-06	-7.748624054144642e-05	5.101663142199461e-16	1.753670463296749e-16	-3.2064954077552792e-09	-1.585146641150682e-09	-0.0233947188537662	0.0075774096937521	5.741713766595348e-05	0.0005473128702477	-0.0937833465278136	0.0519840062222281	0.0027023369029139	0.0087953160859542	-0.0740745601360547	0.0031659664870099	1.0023343796401157e-05	0.0054870404593511	-0.0009559701927216	0.0004284900794029	1.8360374662646608e-07	9.138790080110352e-07	0.0006610440284815	-0.0001120197281532	1.2548420017999605e-08	4.369792069926842e-07	-9.268398306555904e-05	-7.188484920793343e-07	5.164025963947065e-13	8.590319474394947e-09	-0.1050629943000018	0.0480386780000008	1
1.8232021337014945e-13	-1.032749762776576e-13	-0.0013995671939513	0.0006892946136114	0.2520444106111075	-0.1571296019756098	4.148724515661672e-06	0.000197815739653	3.5971000281641643e-16	8.832453748095904e-17	8.494356273411461e-09	5.738891982950901e-09	-0.0203979856755584	0.0029967331782075	8.980409740848501e-06	0.0004160778196208	-0.1409898790792704	-0.0472065325514582	0.0022284567155316	0.0198781460027873	-0.061118243292832	0.012956316843223	0.0001678661461411	0.003735439663202	-0.0008530352088158	0.0001029349839035	1.0595609767406004e-08	7.276690662682364e-07	0.0006884557621884	2.741173370606515e-05	7.51403308304035e-10	4.739713363092093e-07	0.0001022938391861	0.0001949778222541	3.801635280903068e-08	1.0464028541234938e-08	-0.1067999735000016	0.0538572937000008	1
-8.434414802323568e-14	4.7429579945046655e-14	-0.0004234044986895	0.0002205344403405	0.0206392983410931	-0.0799621520718814	4.0871175431900224e-05	-0.0004884265717544	1.3779070765849743e-16	-1.2419262074124757e-17	-2.2145842510550056e-08	-1.906139650808465e-08	-0.0309487517523348	-0.0105507660767773	0.0001113186648079	0.0009578252350294	-0.1285912240376633	0.0123986550416079	0.00015372664684	0.0165357028995033	-0.0572668873579337	0.0038513559348987	1.4832942536710966e-05	0.0032794963876657	-0.0011119738224461	-0.0002589386136313	6.704920523730145e-08	1.236485780763512e-06	0.0005680518716265	-0.0001204038905633	1.4497096494361049e-08	3.226829279520441e-07	-9.268421038586736e-05	-0.0001949780495711	3.801644040063272e-08	8.590362806821602e-09	-0.1084694955000013	0.0595398612000007	1
3.6960197761007076e-14	-2.0669709897447944e-14	-5.868351937125824e-05	3.178854360966069e-05	-0.0808344484360541	-0.0275256282063306	-0.0002246312948882	0.0011583772032629	5.3438083814831275e-17	-7.295875583055717e-18	5.6778523003938497e-08	5.997318167628516e-08	-0.0308303650185322	0.0001183867338031	1.4015418272233029e-08	0.0009505114071767	-0.1280997166457777	0.000491507391885	2.415795151403808e-07	0.0164095374047273	-0.0605046265592227	-0.0032377392012887	1.0482955135045336e-05	0.0036608098350707	-0.0012940330843266	-0.0001820592618796	3.314557466392118e-08	1.6745216233696592e-06	0.000688435386655	0.0001203835150279	1.4492190694130521e-08	4.739432814353602e-07	9.994599840701358e-05	0.0001926302087926	3.710639879803531e-08	9.98920229402639e-09	-0.1100705059000015	0.0650720258000008	1
-1.5929785317595232e-14	8.873653159058366e-15	5.037679983289928e-06	-2.77018289864856e-06	-0.103630872048198	0.0007451011853912	0.0005044304681793	-0.0029251341987988	8.815926237852471e-17	3.440282539747631e-17	-1.4294972103713177e-07	-1.8160211601360378e-07	-0.0308428105024219	-1.244548388929936e-05	1.54889696371705e-10	0.0009512789596892	-0.0957577732446837	0.0323419434010934	0.0010460013029591	0.009169551136778	-0.0682479470030168	-0.0077433204437935	5.995901149482136e-05	0.0046577822701267	-0.0017500486063808	-0.0004560155220529	2.0795015681945614e-07	3.0626701268132734e-06	0.0006883874967057	-4.788995007593241e-08	1.3528687345988416e-15	4.738773458648498e-07	0.0001291028364945	2.9156838087197352e-05	8.501205425590526e-10	1.6667542770414093e-08	-0.1116019934000021	0.070439812900001	1
6.4657375850616665e-15	-3.601267438098953e-15	-1.7893271565889746e-06	9.873390522917176e-07	-0.0879903537807559	0.0125814435964335	0.0125493074800123	0.0330240089733957	1.048044319774212e-17	5.822448499322857e-17	3.52082734719757e-07	5.315875760259806e-07	-0.0231625932549667	0.0076802172474562	5.898573696862692e-05	0.0005365057262942	-0.1317226171755115	-0.0359648439308289	0.0012934699989675	0.0173508478755653	-0.0791679244926025	-0.0109199774895856	0.0001192459083725	0.0062675602684671	-0.001547056511711	0.0002029920946704	4.120579060484072e-08	2.3933838517980937e-06	0.0005913513023356	-9.703619437159122e-05	9.416022146301552e-09	3.496963620783241e-07	0.0001929574407302	6.385460423579932e-05	4.077409686902998e-09	3.723257358900761e-08	-0.1130629907000018	0.0756296628000012	1
-2.596622274891933e-15	1.3289044417579662e-15	7.185761060855184e-07	-3.9595972502781393e-07	-0.0602536326047954	0.0140583723169806	0.2248046775113451	0.1717076597744292	3.917815216186819e-16	-7.525554278351957e-18	-8.474362963392687e-07	-1.5200567038849775e-06	-0.0310427092556443	-0.0078801160006782	6.209622818492118e-05	0.0009636497979303	-0.1084265215775268	0.0232960955979851	0.0005427080701094	0.0117563105814003	-0.1118216292822057	-0.032653704789603	0.0010662644364876	0.0125040767753296	-0.0017470276887203	-0.0001999711770099	3.9988470718951624e-08	3.052105746600164e-06	0.0002538198848087	-0.0003375314175269	1.1392745859240921e-07	6.44245348007561e-08	0.0002062215350127	1.3264094283151828e-05	1.7593576695506138e-10	4.2527320581952925e-08	-0.1144525750000015	0.0806284657000011	1
1.5516512614769705e-15	-8.634204551051548e-16	-2.826779490515501e-07	1.5530721519654358e-07	-0.0352957399807681	0.0107496230104224	0.6312958974212693	0.1992846155527255	9.29331142132569e-16	1.6346614464697558e-17	1.983048395917888e-06	4.260896368272221e-06	-0.031110980959411	-6.827170376738164e-05	4.661025677168525e-09	0.0009678931362562	-0.1518539262580703	-0.0434274046805442	0.0018859394772871	0.0230596149199919	-0.103190753758917	0.0086308755232888	7.449201229770756e-05	0.0106483316613346	-0.0011250074124089	0.000622020276311	3.869092262194273e-07	1.265641677755338e-06	0.0001999407506466	-5.387913416167202e-05	2.90295982298151e-09	3.9976303814985006e-08	0.0001051124183892	-0.0001011091166232	1.0223053467813412e-08	1.1048618490954265e-08	-0.1157698686000007	0.0854235941000012	1
6.593682300278862e-16	5.950280748744028e-17	1.0736219058193206e-07	-5.8842184397995435e-08	-0.018207314041729	0.0066322150969062	0.950884265005378	0.1000008436515999	1.240443500038293e-15	-1.4191773789511542e-16	-4.473171003772066e-06	-1.1732035372643952e-05	-0.037856106358489	-0.0067451253990792	4.5496716648459054e-05	0.0014330847886254	-0.1650510353532306	-0.0131971090951596	0.0001741636884694	0.0272418442711737	-0.1204905082671466	-0.0172997545082302	0.0002992815060453	0.0145179625824771	-0.0011010249960613	2.39824163471024e-05	5.751560676014163e-10	1.2122560416700225e-06	0.0002538860564676	5.3945305821008247e-05	2.910094839917142e-09	6.445812715526559e-08	0.0002076393669172	0.0001025269485296	1.0511775938293727e-08	4.3114105953879895e-08	-0.1170140393999999	0.090002935100001	1
1.0046895837016537e-15	-3.029680658285396e-17	-4.010964619643959e-08	2.1930643129039122e-08	-0.0084420240235163	0.0035066956357892	0.9534213282890432	-0.10192896705005	1.244350002986296e-15	-5.936543610216018e-17	9.5846144665406e-06	3.177038199740044e-05	-0.0311922550768594	0.0066638512816302	4.440691390147003e-05	0.0009729567767791	-0.154955748124977	0.010095287228254	0.0001019148242218	0.0240112838769696	-0.1254514054481186	-0.0049608971809721	2.4610500839899582e-05	0.0157380551289103	-0.0016199829196016	-0.0005189579235397	2.693173269528329e-07	2.624344661492053e-06	-0.0001801426973718	-0.0004340287538404	1.8838096228933665e-07	3.2451390409737434e-08	0.0001758539143508	-3.178545256660522e-05	1.010316064577478e-09	3.092460058590409e-08	-0.1181843017000001	0.0943549208000011	1
6.090708391667884e-16	3.5917702166738403e-16	1.4755580883343389e-08	-8.047976344349837e-09	-0.0035556221929661	0.0016337066001786	0.6044951121220611	-0.2086812534110103	6.272075543259178e-16	-2.267129206060377e-16	-1.8959291650917964e-05	-8.46961791945906e-05	-0.049898311522613	-0.0187060564457536	0.0003499165477514	0.0024898414928109	-0.228758065796415	-0.0738023176714375	0.0054467820936778	0.0523302526669193	-0.1334160908424472	-0.007964685394328	6.343621342999156e-05	0.0177998532956826	-0.0009969019487448	0.0006230809708559	3.882298955921581e-07	9.938134959005394e-07	-0.0006451497948993	-0.0004650070975271	2.1623160234256507e-07	4.162182622379861e-07	0.0003006779024362	0.0001248239880841	1.5581028553866736e-08	9.04071999936421e-08	-0.1192799161999992	0.0984685578000007	1
5.293135581842301e-16	2.8433820296433327e-16	-5.3252975295047e-09	2.896746688168578e-09	-0.0013060529542529	0.0006458550336122	0.2325347495447104	-0.1518481922661794	2.367389114990582e-16	-9.411702916115878e-18	3.219520015728088e-05	0.0002218279817236	-0.0213618743720198	0.0285364371505964	0.0008143282452543	0.0004563296766832	-0.2206968458849338	0.0080612199114838	6.498326646111593e-05	0.0487070977835595	-0.122838163278966	0.0105779275634823	0.0001118925515379	0.0150892143577514	-0.000963396557974	3.3505390770084624e-05	1.1226112510850235e-09	9.28132927972206e-07	-0.0005871701891456	5.797960575495144e-05	3.361633112207018e-09	3.447688334545456e-07	0.0003522173098017	5.1539407364024446e-05	2.656309071344483e-09	1.2405703307758726e-07	-0.1203001909999991	0.1023334547000005	1
2.1984352658370174e-16	1.8285347588162966e-16	1.883351340973422e-09	-1.0213971684569111e-09	-0.000387422958201	0.00020239965894	0.0108486789017076	-0.0758108828980761	2.191366850443965e-17	-3.298810416199848e-17	-3.032355448560443e-05	-0.0005624728695428	-0.0111187384635365	0.0102431359084832	0.0001049218332384	0.0001236263450185	-0.2265238111030673	-0.0058269652181324	3.39535236520993e-05	0.051313036996661	-0.094347735498916	0.0284904277800508	0.0008117044750904	0.008901495193773	-0.0005309263366498	0.0004324702213235	1.870304923868954e-07	2.818827760188741e-07	-0.0004520866213362	0.0001350835678105	1.8247570325384832e-08	2.04382313843749e-07	0.0003263800851081	-2.5837224690017653e-05	6.675615996358904e-10	1.065239591535167e-07	-0.1212444815999995	0.1059398484000008	1
-1.7614524507683706e-18	5.4411762178124687e-17	-6.520277981310097e-10	3.523851744540097e-10	-4.764248655723428e-05	2.5867303739193856e-05	-0.0841117993382111	-0.0250851609010677	1.2896267963986085e-17	-6.343852886802129e-17	-5.09670074916188e-05	0.0013668549983421	-0.0138260246504124	-0.0027072861868765	7.329398496087841e-06	0.0001911589576323	-0.2132241292130063	0.0132996818900623	0.0001768815383756	0.045464529278647	-0.0589937775117242	0.0353539579871925	0.0012499023453607	0.0034802657851011	-0.0010869282133542	-0.0005560018767054	3.091380869824097e-07	1.1814129430382877e-06	-0.0003267481567603	0.0001253384645774	1.5709731003838687e-08	1.0676435794384009e-07	0.0004568221900981	0.0001304421049918	1.7015143912096625e-08	2.086865155091916e-07	-0.1221121915999998	0.1092786289000012	1
-1.0611185371011631e-16	1.2902581805875719e-17	2.201222153657768e-10	-1.1846105882542942e-10	4.360469706205381e-06	-2.407391583645011e-06	-0.1034314043242134	0.0019100263259454	1.4866463638501926e-17	-2.081309676509792e-17	6.890087891221248e-05	-0.0034008217411986	-0.002663673177734	0.0111623514726787	0.000124598090399	7.0951547975918775e-06	-0.1596357901763544	0.0535883390366528	0.0028717100807088	0.0254835855052274	-0.0732457901912517	-0.0142520126795281	0.0002031198654178	0.0053649457807408	-0.0016149771756441	-0.0005280489622882	2.7883570695734095e-07	2.6081512805657343e-06	-0.0001243532287674	0.0002023949279956	4.096370799940709e-08	1.5463724024578673e-08	0.0004378992319625	-1.8922958137799372e-05	3.580792627242716e-10	1.917557388597569e-07	-0.122902772900001	0.1123413621000015	1
-1.8070685988247908e-16	3.0843354567753738e-18	-7.201349076505266e-11	3.8543502354852885e-11	-1.5374056833085371e-06	8.519951351206418e-07	-0.0863687085832619	0.0129233306439437	7.55123571981305e-17	-3.876240141635134e-17	0.0176206250904261	0.0400944922939742	-0.0088495177867269	-0.0061858446089938	3.826467352656976e-05	7.831396505714906e-05	-0.1752737870046568	-0.0156379968283036	0.0002445469448005	0.0307209004109542	-0.0800986057787304	-0.0068528155874789	4.696108147557301e-05	0.006415786647697	-0.0008189726579265	0.0007960045177185	6.336231947495965e-07	6.707162145876928e-07	-0.0001241795211379	1.7370762843904622e-07	2.89607179733128e-14	1.542055370552882e-08	0.0004379493427758	5.011081310883734e-08	1.956995006751557e-15	1.9179962626995946e-07	-0.1236157262000012	0.1151203112000017	1
-6.497382498187111e-16	-3.608424305419151e-17	2.2590680222728068e-11	-1.1998904031959594e-11	6.312658580960854e-07	-3.492627074476756e-07	-0.0584849075374909	0.0139369709346118	6.119320662998874e-16	2.3069647109269746e-17	0.2477089587548936	0.178626292644435	-0.0102827199013098	-0.0014332021145837	2.054068301314992e-06	0.0001057343285697	-0.1457848095026437	0.0294889775020134	0.000869599794114	0.0212532106817205	-0.0720780949383342	0.0080205108403962	6.432859414038159e-05	0.00519525176994	-0.0003019677701798	0.0005170048877469	2.6729405354847325e-07	9.118453170556833e-08	-0.0001240785506739	1.0097046415735733e-07	8.677396242251899e-15	1.5395490138262896e-08	0.000522481039921	8.453169714443019e-05	7.145608412887462e-09	2.729864378376736e-07	-0.1242506012000017	0.1176084564000015	1
-3.2387340382946744e-16	7.626700481091029e-17	-6.646762503973089e-12	3.489239413181769e-12	-2.551686248533993e-07	1.407222842071765e-07	-0.0339576128900524	0.0104824971414345	1.0883922127146034e-15	-8.558725047828223e-17	0.6568018996639531	0.1957674929952077	-0.0211371753625244	-0.0108544554612158	0.0001178192033606	0.0004467801823072	-0.1840387884451505	-0.0382539789425076	0.0014633669049327	0.0338702756523604	-0.0302576625020371	0.0418204324362975	0.0017489485691589	0.0009155261400864	7.086126987109404e-05	0.0003728290400505	1.390014921273102e-07	5.021318814913143e-09	0.0005560174504319	0.0006800960011058	4.625305773342915e-07	3.0915540362252935e-07	0.0004989803090159	-2.350073090562145e-05	5.522823700903599e-10	2.4898134911004283e-07	-0.1248069968000016	0.1197995125000008	1
2.2197783587775126e-16	2.0770090980832611e-16	1.749766539837898e-12	-8.975039183839584e-13	9.933552965162333e-08	-5.463981360571396e-08	-0.0173888067129885	0.0063946262306326	1.2139212603224942e-15	-9.78589847830791e-17	0.9629084451269267	0.0893886239355035	-0.0186696545127767	0.0024675208497478	6.088659142698481e-06	0.0003485559996265	-0.1651865529672995	0.018852235477852	0.0003554067825118	0.0272865972812186	-0.0214049933458532	0.0088526691561836	7.836975118815239e-05	0.0004581737401355	-0.0010551524379093	-0.0011260137077799	1.2679068756274234e-06	1.113346665046424e-06	0.0006992687757165	0.0001432513252841	2.0520940605167996e-08	4.889768213530218e-07	0.000438868773691	-6.011153532681842e-05	3.6133978107556414e-09	1.926058011245331e-07	-0.1252845616000016	0.1216879446000002	1
8.850265355201224e-16	4.2653325150450976e-16	-3.6383205606752893e-13	1.7592054262544314e-13	-3.7992105495061546e-08	2.084722279371576e-08	-0.0080140456008412	0.0033531788196514	6.976477098021246e-16	-1.9863904331588147e-16	0.9393466506749156	-0.1148999489130073	-0.0209949599510405	-0.0023253054382631	5.407045378668629e-06	0.0004407883433434	-0.1856141624952139	-0.0204276095279146	0.0004172872310237	0.0344526173188015	-0.0584619822259082	-0.0370569888800552	0.0013732204248581	0.0034178033657819	-0.000840132098249	0.0002150203396608	4.6233744562434476e-08	7.058219403892119e-07	0.0005988161600566	-0.0001004526156604	1.0090727276025894e-08	3.585807928668914e-07	0.0004387517195453	-1.170541457741197e-07	1.465960504750625e-14	1.9250307115676497e-07	-0.125682994000001	0.1232689823999999	1
1.2049872434458809e-15	5.0938847503264725e-17	2.284447939576785e-14	-3.608114577761653e-15	1.4308465553898894e-08	-7.832509450409113e-09	-0.0033517044035828	0.0015482787851704	3.348066445624942e-16	2.1712823587026412e-16	0.5776812115411626	-0.2083286759209462	-0.002161460612825	0.0188334993382159	0.0003547006973234	4.671911980388059e-06	-0.1200547241127762	0.0655594383824383	0.0042980399610228	0.0144131367817927	-0.0172616640171054	0.0412003182088037	0.0016974662205065	0.0002979650446387	-0.0011992106635012	-0.0003590785652512	1.2893741556392786e-07	1.4381062114558691e-06	0.0008367039234218	0.0002378877633661	5.6590588750470895e-08	7.000734583041858e-07	0.0004950020138119	5.6250294267069295e-05	3.1640938905029384e-09	2.450269947062548e-07	-0.126002042300002	0.1245386320000009	1
7.458512778549096e-16	-7.864808129172923e-17	3.7857243192636425e-14	-2.4399269109746933e-14	-5.308133523246194e-09	2.897961704692068e-09	-0.0012209195573879	0.0006062640768232	1.132194987260973e-16	-4.419440471390983e-17	0.2145056648902164	-0.1471853788761322	-0.0022032888190729	-4.182820625047345e-05	1.7495983982070874e-09	4.854481620026254e-06	-0.1712048422425305	-0.0511501181297565	0.0026163345846871	0.0293110980072915	-0.0073378895616026	0.0099237744555009	9.848129944248282e-05	5.384462321788174e-05	-0.0011946102075235	4.600455976523263e-06	2.116340730773951e-11	1.427093546632903e-06	0.0004852383892301	-0.0003514655341939	1.2352802381804605e-07	2.3545629330002158e-07	0.0004387906553249	-5.6211358487375e-05	3.1597157387036107e-09	1.925372378153938e-07	-0.1262415051000021	0.125493686300002	1
2.9768783977412073e-16	-1.270494287228665e-16	-4.2587640390571175e-14	2.4459596594409132e-14	1.939558784426725e-09	-1.0542165563504002e-09	-0.0003462026839542	0.0001812469009763	1.8922106240334514e-16	-5.580227490683831e-17	-0.0004916882138074	-0.0702323636730484	-0.0023990192115492	-0.0001957303924775	3.831038603819871e-08	5.755293177674138e-06	-0.137544843689582	0.0336599985529495	0.0011329955025844	0.0189185840255908	-0.0184052951362666	-0.0110674055746652	0.0001224874661539	0.0003387548890524	-0.0009441324391072	0.0002504777684183	6.273911175288257e-08	8.913860604457556e-07	0.0004192018405553	-6.603654867467038e-05	4.360825538679992e-09	1.757301829458891e-07	0.0006316985340173	0.0001929078786913	3.72134509467223e-08	3.9904303950296453e-07	-0.1264012310000021	0.1261317326000024	1
1.0169235205749326e-16	-1.8500864236290862e-16	7.289533280097775e-14	-4.057671923528964e-14	-6.468427593954385e-10	3.4177154429778576e-10	-6.640022146127623e-05	3.616599114395045e-05	1.0079256772699719e-16	-9.006501774678291e-17	-0.078851990457236	-0.0294116132518939	-0.0090708894559388	-0.0066718702443905	4.451385255866065e-05	8.228103552133233e-05	-0.1762184422707235	-0.0386735985811424	0.001495647227214	0.031052939396322	-0.0171098661803603	0.0012954289559054	1.6781361790160728e-06	0.0002927475207091	-0.0007631304019994	0.0001810020371069	3.2761736872443414e-08	5.823680091549077e-07	0.0003427100579153	-7.649178264066526e-05	5.850991941628551e-09	1.1745018271946617e-07	0.0007601310932447	0.0001284325592258	1.6494922376034164e-08	5.777992829608702e-07	-0.1264811192000017	0.1264511592000027	1
