trial_type.Task	trans_x	trans_x_derivative1	trans_x_derivative1_power2	trans_x_power2	trans_y	trans_y_derivative1	trans_y_derivative1_power2	trans_y_power2	trans_z	trans_z_derivative1	trans_z_derivative1_power2	trans_z_power2	rot_x	rot_x_derivative1	rot_x_derivative1_power2	rot_x_power2	rot_y	rot_y_derivative1	rot_y_derivative1_power2	rot_y_power2	rot_z	rot_z_derivative1	rot_z_derivative1_power2	rot_z_power2	cosine00	cosine01	cosine02	cosine03	cosine04	intercept
-0.0005161221128319	0.2051110000000026	5.200767247346615e-16	7.13370185611745e-17	0.0420705223210009	-0.4270530000000041	-7.716679554449632e-16	-5.423515097711759e-16	0.1823742648090041	-0.6251200000000083	-9.244439580535573e-16	-1.1718468269570196e-15	0.3907750144000074	-0.0168534	6.396941097778004e-17	-6.859886464919297e-17	0.0002840370915596	-0.0063807300000006	-1.0613884583889426e-16	-1.2116425626008135e-16	4.071371533318322e-05	0.0028304800000002	-1.5864209250011048e-16	-1.788681158419349e-16	8.011617030595145e-06	-4.329727223463772e-15	-4.583557502068558e-15	-1.8615378672240737e-15	-2.3999807833023306e-15	-4.822520607474699e-16	1
0.00159458910144	0.0349622999999998	-0.1701487000000031	0.0289505801116904	0.0012223624212897	-0.1412140000000004	0.2858390000000062	0.0817039339210013	0.0199413937959992	-0.0628089000000013	0.5623111000000076	0.3161937731832191	0.0039449579192091	-0.0122911999999998	0.0045622	2.0813668839926957e-05	0.0001510735974396	-0.0031119500000002	0.0032687800000006	1.068492268913798e-05	9.684232802450056e-06	-0.0004094449999996	-0.0032399250000006	1.0497114005424324e-05	1.676452075868416e-07	0.1515948963000006	0.151520767199999	0.1513972455000002	0.1512243715000003	0.151002201500001	1
-0.0046896746430589	0.058742499999999	0.0237802000000017	0.0005654979120406	0.0034506813062474	-0.1612770000000019	-0.020063000000001	0.0004025239689996	0.0260102707290011	-0.0752992999999997	-0.012490400000002	0.000156010092159	0.0056699845804888	-0.0123594000000003	-6.819999999924872e-05	4.651240158594876e-09	0.0001527547683601	-0.0029656700000019	0.0001462800000005	2.1397841103122264e-08	8.795198552168223e-06	-3.4372400000764244e-05	0.0003750726000003	1.4067945610910782e-07	1.1814614964656614e-09	0.1513972455000016	0.1507308081000001	0.1496222512000012	0.1480748265000014	0.1460930728000019	1
0.0126937288350079	0.035437999999998	-0.0233045000000004	0.0005430997202492	0.0012558518439958	-0.2111080000000039	-0.049831000000001	0.0024831285609987	0.0445665876640045	0.0480502000000023	0.1233495000000002	0.0152150991502482	0.0023088217200388	-0.0130472	-0.0006877999999994	4.7306883983456754e-07	0.0001702294278407	-0.0031149900000012	-0.0001493200000017	2.2296460938875493e-08	9.703162702340868e-06	-0.0008968640000027	-0.0008624916000012	7.438917589560697e-07	8.043650344445838e-07	0.1510022015000031	0.1491550082999993	0.146093072800001	0.1418413320000013	0.1364344127000018	1
-0.0285388966833107	0.0923124000000011	0.0568744000000036	0.0032346973753601	0.0085215791937616	-0.120487000000002	0.0906210000000008	0.0082121656409997	0.0145171171689989	-0.1174829999999999	-0.1655332000000057	0.0274012403022434	0.013802255288999	-0.0129978000000025	4.939999999939434e-05	2.440360037214204e-09	0.0001689428048456	-0.0030686100000012	4.6379999998790986e-05	2.151101069786097e-09	9.416367331761148e-06	0.0002889399999991	0.0011858040000015	1.4061311279333904e-06	8.34863242463747e-08	0.1504102795000007	0.1468015834000005	0.1408510868000008	0.1326537128000012	0.1223402273000014	1
0.501349551691953	0.0615638000000006	-0.0307486000000009	0.0009454764019591	0.0037901014704401	-0.0470427999999984	0.0734442000000003	0.0053940505136407	0.0022130250318368	-0.2171430000000025	-0.0996600000000025	0.0099321155999992	0.0471510824490017	-0.0102795000000021	0.0027183000000017	7.389154891815919e-06	0.0001056681202504	-0.0022352000000006	0.0008334100000027	6.945722304642832e-07	4.9961190396889965e-06	0.0004051049999989	0.0001161650000019	1.3494308111709452e-08	1.6411006154370647e-07	0.1496222512000018	0.1436828030000008	0.1339577505000013	0.1207033191000014	0.1042687229000009	1
1.1358112707765256	0.0788983000000011	0.017334500000001	0.0003004848902478	0.0062249417428908	-0.0449003999999978	0.0021423999999994	4.589877760291001e-06	0.0020160459201567	-0.2351970000000028	-0.0180540000000003	0.0003259469159981	0.0553176288090023	-0.0095164900000005	0.0007630099999983	5.821842605725408e-07	9.056358191923152e-05	-0.0019703700000017	0.0002648300000006	7.013492892861776e-08	3.88235793800803e-06	0.0004051049999985	-1.5398462549336612e-15	2.429970154730379e-15	1.6411005947990206e-07	0.1486391440000023	0.1398149270000011	0.1254938820000016	0.1062390414000009	0.082807409700001	1
1.095767633332465	0.0235080999999987	-0.055390200000002	0.003068074256041	0.0005526307656076	-0.0657432999999995	-0.0208429000000005	0.0004344264804087	0.0043221814948883	-0.1460130000000019	0.0891840000000019	0.0079537858559963	0.0213197961690008	-0.009145820000003	0.0003706699999998	1.3739624753067717e-07	8.36460234739768e-05	-0.0011363899999991	0.0008339800000009	6.955226415305326e-07	1.2913822285330198e-06	0.0004603770000011	5.527200000270336e-05	3.054991923771715e-09	2.1194698472010118e-07	0.1474622397000022	0.1352181207000005	0.1155587126000014	0.0895621267000009	0.0586540018000005	1
1.032633509967898	0.1334390000000036	0.1099309000000046	0.0120848027748143	0.0178059667210048	-0.155004000000002	-0.0892607000000018	0.0079674725644915	0.0240262400160013	-0.0121274999999984	0.133885500000001	0.0179253271102489	0.0001470762562483	-0.0091457299999984	9.000000071214348e-08	6.966886882354981e-15	8.364437723205053e-05	-0.0007569039999988	0.0003794860000003	1.4400962381372614e-07	5.729036602858058e-07	0.0010038499999985	0.0005434729999974	2.9536289882137865e-07	1.0077148192903516e-06	0.1460930728000014	0.1299163498000005	0.1042687228999999	0.0710199045000003	0.0325937340000004	1
0.9916308864292352	0.046953200000002	-0.0864858000000038	0.0074797936016444	0.0022046029902387	-0.0350986000000002	0.1199054000000022	0.014377304949162	0.0012319117219583	-0.1398930000000004	-0.127765500000003	0.0163240229902483	0.0195700514490002	-0.005638699999996	0.00350703	1.2299259420035048e-05	3.179493768697945e-05	-0.000507864	0.0002490399999971	6.20209187830657e-08	2.57925842364484e-07	0.0008011810000008	-0.0002026689999968	4.107472315619338e-08	6.418909954522737e-07	0.1445334284000011	0.1239372551000011	0.0917562776999999	0.0509985531000007	0.0054738337999993	1
1.0213786679869636	0.0533729999999999	0.0064198000000005	4.121383203873709e-05	0.0028486771289986	-0.0682065	-0.0331079000000016	0.0010961330424097	0.0046521266422485	-0.1685310000000018	-0.0286380000000011	0.0008201350439999	0.0284026979610007	-0.0067165899999975	-0.0010778900000032	1.1618468513677949e-06	4.511258122865914e-05	1.46890000054054e-05	0.0005225530000011	2.730616384439736e-07	2.1576484792476282e-10	0.0005577130000008	-0.0002434680000028	5.9276664175049305e-08	3.110437910994123e-07	0.1427853400000018	0.1173120090000008	0.0781680741000007	0.0299150566000001	-0.0218240225000006	1
0.4395263661780929	0.0835257000000019	0.0301527000000013	0.0009091853172863	0.0069765425604919	-0.0611824000000003	0.0070241000000009	4.933798080792209e-05	0.0037432860697585	-0.0465578000000003	0.121973200000002	0.0148774615182378	0.0021676287408386	-0.0049521199999986	0.0017644700000015	3.113354380279383e-06	2.452349249214764e-05	-0.0005078639999979	-0.0005225530000027	2.730616360694503e-07	2.5792584456637096e-07	0.001003850000001	0.0004461370000007	1.9903822667749738e-07	1.007714821493855e-06	0.1408510868000008	0.1100751524000007	0.0636634212999997	0.0082085200999994	-0.048412373100001	1
-0.147661383412582	0.0752359000000024	-0.0082898000000008	6.872078403804578e-05	0.0056604406488123	-0.0494134000000005	0.011769	0.0001385093609995	0.0024416840995587	-0.0256591000000001	0.0208986999999993	0.0004367556616886	0.0006583894128083	-0.0048120099999971	0.0001401099999978	1.9630812658207163e-08	2.315544023786486e-05	-0.000659264	-0.0001513999999997	2.2921960407632967e-08	4.346290245105983e-07	0.0010038500000003	-4.670096328376346e-16	8.804678233670778e-16	1.0077148246999202e-06	0.1387331906000008	0.1022644149000008	0.0484123730999995	-0.0136689749000008	-0.0734268222000012	1
-0.0887388898568243	0.0532372000000011	-0.0219987000000011	0.0004839428016893	0.0028341994638405	-0.0499325000000008	-0.0005191000000001	2.694648092387791e-07	0.0024932545562493	-0.0115110999999997	0.014147999999999	0.0002001659039991	0.0001325054232086	-0.0048084999999987	3.5099999988706445e-06	1.2320160527211568e-11	2.31216722484e-05	-0.0006850569999998	-2.579300000006901e-05	6.652782381254876e-10	4.693030944337751e-07	0.0007094360000014	-0.0002944140000007	8.667960298231817e-08	5.03299438142889e-07	0.1364344127000011	0.0939205181000004	0.0325937339999994	-0.0352617866000009	-0.0960541425000017	1
-0.0292397187940685	0.0665083000000017	0.0132711000000005	0.0001761220952087	0.0044233539688915	-0.0322729000000006	0.0176596000000001	0.0003118614721591	0.0010415400744088	-0.0272073999999999	-0.0156963000000013	0.0002463738336898	0.0007402426147585	-0.0047246700000005	8.382999999924143e-05	7.0274693492075805e-09	2.2322506607592805e-05	-0.0009141070000008	-0.0002290500000005	5.2463904296492126e-08	8.355916083241124e-07	0.0007195620000013	1.0125999998790451e-05	1.0253496160239296e-10	5.177694716537623e-07	0.1339577505000005	0.0850869633000004	0.0163929632999991	-0.0561202023000011	-0.115558712600002	1
0.0067854521789907	0.045449000000001	-0.021059300000001	0.0004434941164895	0.0020656116010005	-0.0224711000000006	0.0098018000000002	9.607528323895627e-05	0.0005049503352089	-0.0128326999999999	0.0143746999999993	0.0002066320000889	0.0001646781892886	-0.0046973600000029	2.730999999990331e-05	7.458362694964812e-10	2.2065190969325456e-05	-0.0009273310000012	-1.3224000000208706e-05	1.7487405254563982e-10	8.599427832128606e-07	0.0006146260000016	-0.0001049359999997	1.101156178153249e-08	3.777651193678374e-07	0.1313064329000006	0.0758098044000002	-9.179942063724085e-16	-0.0758098044000015	-0.1313064329000023	1
-0.0104714476924952	0.0590984000000014	0.0136494000000004	0.0001863061203585	0.0034926208825612	-0.0310197000000009	-0.0085486000000001	7.307856195896841e-05	0.0009622217880893	0.0188509000000007	0.0316835999999996	0.0010038505089596	0.0003553564308085	-0.0045388400000038	0.0001585200000013	2.5128590523665812e-08	2.060106854574952e-05	-0.0009438830000009	-1.655199999960271e-05	2.739686080560456e-10	8.909151165697925e-07	0.000675749000002	6.112299999938628e-05	3.736018499010811e-09	4.566367099746842e-07	0.1284839167000005	0.0661374082000001	-0.0163929633000013	-0.0939205181000019	-0.1427853400000023	1
0.6195756722707192	0.0331116000000005	-0.0259868000000013	0.0006753137742396	0.0010963780545584	-0.0696396000000025	-0.0386199000000008	0.0014914966760084	0.004849673888161	0.0328323000000018	0.013981399999999	0.0001954795459602	0.0010779599232886	-0.0021233499999989	0.0024154900000054	5.83459193843664e-06	4.508615221185367e-06	-0.0003484550000003	0.0005954280000025	3.545345037068121e-07	1.2142088523914545e-07	0.0010038500000054	0.0003281010000018	1.0765026683093425e-07	1.007714824038755e-06	0.1254938820000005	0.0561202022999998	-0.0325937340000017	-0.1100751524000017	-0.1496222512000024	1
1.1558837197726195	-0.0269497000000025	-0.0600613000000016	0.0036073597576924	0.0007262863300888	-0.0249909000000025	0.0446487000000017	0.0019935064116871	0.0006245450828101	-0.0197933999999987	-0.0526257000000012	0.0027694643004894	0.0003917786835593	-0.0030511200000035	-0.0009277700000031	8.607571721458157e-07	9.309333254299306e-06	0.0004375830000029	0.000786038000001	6.178557382041493e-07	1.9147887936217877e-07	-0.0012780900000005	-0.0022819400000047	5.207250169885489e-06	1.6335140487551397e-06	0.1223402273000005	0.0458104115999996	-0.0484123731000015	-0.1239372551000018	-0.1515948963000026	1
1.0822409060515927	0.0031183899999983	0.030068090000003	0.0009040900362476	9.724356190182255e-06	0.0814879000000003	0.1064788000000023	0.0113377348494402	0.0066402778464086	-0.1380360000000012	-0.1182426000000018	0.0139813124547615	0.0190539372960012	0.0022039900000018	0.0052551100000058	2.761618111575307e-05	4.8575719183676765e-06	5.770820000325919e-05	-0.0003798748000023	1.443048652486657e-07	3.330236084357696e-09	-0.0014398800000046	-0.0001617899999982	2.617600138209582e-08	2.0732544154411505e-06	0.1190270642000015	0.0352617866	-0.0636634213000009	-0.1352181207000019	-0.1486391440000029	1
1.025669960071847	0.0200785999999993	0.0169602100000008	0.0002876487232415	0.0004031501779587	-0.0824635000000021	-0.1639514000000043	0.0268800615619669	0.0068002288322512	0.0308053000000008	0.1688413000000015	0.0285073845856911	0.0009489665080891	-0.0029686800000006	-0.0051726700000047	2.6756514932890936e-05	8.813060942966389e-06	5.77082000017299e-05	-5.862535760493026e-16	-1.21965004258082e-16	3.330235581188532e-09	0.0011925500000007	0.0026324300000054	6.929687707057832e-06	1.4221755025349026e-06	0.1155587126000012	0.0245293229999993	-0.078168074100002	-0.1436828030000026	-0.1408510868000023	1
0.9956989513428268	-0.0309285000000013	-0.0510071000000008	0.0026017242504104	0.0009565721122499	0.0859217999999991	0.1683853000000048	0.0283536092560961	0.007382555715239	-0.0658851999999998	-0.0966905000000009	0.0093490527902468	0.00434085957904	0.0026135899999995	0.0055822700000034	3.116173835660755e-05	6.830852691027565e-06	5.770819999886626e-05	5.2075646359891247e-17	-1.1763243358234337e-15	3.330237658794881e-09	-0.0010447999999991	-0.0022373500000048	5.00573502398086e-06	1.09160703899982e-06	0.1119396944000006	0.0136689748999996	-0.0917562777000019	-0.1491550083000024	-0.1284839167000025	1
0.9955896461424946	-0.0088281200000016	0.0221003800000019	0.0004884267961453	7.793570273287741e-05	0.0998307000000007	0.0139088999999999	0.0001934574992078	0.0099661686624888	-0.1151050000000014	-0.0492198000000004	0.0024225887120414	0.0132491610250009	0.0029275200000029	0.0003139299999987	9.855204175492176e-08	8.570373350812157e-06	-0.0001601940000014	-0.0002179022000016	4.748136968258218e-08	2.566211830834825e-08	-0.0004942969999991	0.0005505030000009	3.030535549712206e-07	2.443295217060755e-07	0.1081747282000018	0.0027373629999998	-0.1042687229000012	-0.1515207672000025	-0.111939694400002	1
0.3220357070923457	-0.0048807800000007	0.0039473400000007	1.5581493076131905e-05	2.382201340762181e-05	0.1311070000000017	0.0312763000000007	0.0009782069416891	0.0171890454489986	-0.095859100000002	0.019245900000001	0.0003704046668089	0.0091889670528103	0.0032636100000016	0.0003360899999983	1.1295648653468149e-07	1.0651150233996532e-05	-0.0001496190000016	1.0575000000697087e-05	1.1182960169715148e-10	2.2385846302226113e-08	-0.0002245709999994	0.0002697260000007	7.275211432508344e-08	5.043213170832974e-08	0.1042687229000017	-0.0082085201000004	-0.1155587126000013	-0.1507308081000025	-0.0917562777000016	1
-0.1607945406513858	-0.0215637000000016	-0.0166829200000003	0.0002783198197271	0.0004649931576907	0.0963540000000008	-0.0347530000000013	0.0012077710089993	0.0092840933159989	-0.0127306000000011	0.0831285000000013	0.0069103475122501	0.0001620681763598	0.0037270400000019	0.00046343	2.1476736347425878e-07	1.389082716297066e-05	-0.0001312550000003	1.8364000000915343e-05	3.3723234540329536e-10	1.7227876521115293e-08	-0.0009714360000017	-0.000746865000001	5.578073284911613e-07	9.436879032782888e-07	0.1002267710000018	-0.0191116079000008	-0.1254938820000016	-0.1468015834000026	-0.0685898358000011	1
-0.076298213591768	-0.0288419000000018	-0.0072781999999995	5.297219524044187e-05	0.000831855195611	0.0934564999999999	-0.0028974999999998	8.395506248597737e-06	0.0087341173922496	0.0410576000000003	0.0537882000000007	0.0028931704592399	0.00168572651776	0.0036497900000012	-7.725000000086952e-05	5.967561886411056e-09	1.332096704449332e-05	-0.0001369680000001	-5.712999999020173e-06	3.2637797237035834e-11	1.8760234406238665e-08	-0.0013332400000028	-0.0003618039999995	1.3090213247045178e-07	1.777528902029911e-06	0.0960541425000018	-0.0299150566000011	-0.1339577505000018	-0.1398149270000024	-0.0431935169000006	1
-0.0219424882444656	-0.0080326400000002	0.0208092600000014	0.0004330253017484	6.452330536963764e-05	0.1393910000000003	0.0459345000000011	0.0021099782902494	0.0194298508809998	0.0302700000000006	-0.0107876000000001	0.0001163723137599	0.0009162728999999	0.00358993	-5.98600000010511e-05	3.583218338864111e-09	1.2887597405534473e-05	-0.0003951820000019	-0.0002582140000004	6.667447390260748e-08	1.5616881417564998e-07	-0.0006397770000002	0.0006934630000019	4.808909327367775e-07	4.0931460773244573e-07	0.0917562777000019	-0.0405625420000009	-0.140851086800002	-0.1299163498000022	-0.0163929633000003	1
0.0009525024693615	-0.0161010999999998	-0.0080684600000001	6.510004677232523e-05	0.0002592454212104	0.1924790000000019	0.0530880000000003	0.0028183357439999	0.0370481654410003	-0.0395100000000005	-0.0697800000000013	0.0048692484000015	0.0015610401000004	0.003575629999999	-1.4300000001109673e-05	2.0449035246334442e-10	1.2785129897503051e-05	-0.0003312170000009	6.396500000021961e-05	4.091521375582646e-09	1.0970470146237604e-07	-0.0005353589999988	0.0001044179999997	1.0903115914851072e-08	2.866092590523412e-07	0.0873387803000027	-0.0509985531000012	-0.1460930728000017	-0.1173120090000017	0.0109405306999999	1
0.0234344056970417	-0.0060921299999995	0.0100089700000003	0.0001001794804621	3.7114047936631794e-05	0.1906080000000023	-0.0018710000000012	3.500640999910025e-06	0.0363314096639997	-0.0696180000000015	-0.0301080000000004	0.0009064916640013	0.0048466659240003	0.0035989899999982	2.3360000000466868e-05	5.45690134989411e-10	1.2952729020533076e-05	-0.0003951820000009	-6.39650000005874e-05	4.091522251298609e-09	1.5616881276805986e-07	-0.0002410459999976	0.0002943129999994	8.66201409816645e-08	5.8103173638238816e-08	0.0828074097000024	-0.0611686814000012	-0.1496222512000017	-0.1022644149000018	0.0379183446000003	1
0.7349177304970078	0.0145452000000022	0.0206373300000002	0.0004258993895275	0.0002115628430399	0.1128490000000005	-0.077759000000002	0.0060464620810018	0.0127348968009993	0.0088975700000002	0.0785155700000013	0.006164694732425	7.916675190434668e-05	0.0042390800000003	0.0006400900000014	4.097152058948532e-07	1.7969799246264596e-05	0.0001903709999986	0.0005855530000042	3.4287231625318125e-07	3.624111833385573e-08	-0.0010594000000042	-0.0008183540000031	6.697032701513902e-07	1.122328360990352e-06	0.0781680741000006	-0.071019904500001	-0.1513972455000027	-0.0850869633000013	0.0636634213000011	1
1.1628229412632085	-0.0210715999999988	-0.0356168000000019	0.0012685564422389	0.0004440123265603	0.1129839999999992	0.000135000000001	1.822499787963791e-08	0.0127653842560002	0.0824529000000023	0.0735553300000017	0.0054103865714072	0.0067984807184102	0.0045736799999998	0.0003345999999994	1.1195716015013745e-07	2.091854874331217e-05	0.0001903709999979	-8.051761754093748e-16	-1.0774712008644995e-16	3.624111745085288e-08	-0.0012314200000028	-0.0001720199999975	2.9590879091356035e-08	1.5163952156562838e-06	0.0734268222000009	-0.0805008627000014	-0.1513972455000031	-0.0661374082000008	0.0873387803000014	1
1.0709228505854027	-0.0069617499999985	0.0141098500000006	0.0001990878670216	4.846596306192882e-05	0.1505659999999996	0.0375820000000007	0.0014124067239982	0.022670120356	-0.0075657799999986	-0.0900186800000015	0.0081033627489445	5.724102700826609e-05	0.0044678	-0.000105880000001	1.1210575041546196e-08	1.996123684017732e-05	0.0001903709999995	-1.025889134207704e-15	-2.0011026173102503e-16	3.624111633706938e-08	-0.0008899609999999	0.0003414590000002	1.1659424793667741e-07	7.920305810967345e-07	0.0685898358000003	-0.0895621267000012	-0.1496222512000029	-0.0458104116000005	0.1081747282000016	1
1.0180900129286294	-0.0006980029999978	0.0062637469999999	3.923452647935371e-05	4.872081869462566e-07	0.1893380000000012	0.0387720000000007	0.0015032679839992	0.0358488782439998	-0.0761128000000002	-0.0685470200000006	0.0046986939508811	0.0057931583238399	0.0047892399999995	0.000321439999999	1.0332367376505516e-07	2.2936819776926245e-05	0.0001903709999995	-7.431382822939999e-16	-2.449197086996683e-17	3.6241115933080814e-08	-0.0009081280000016	-1.816700000045091e-05	3.300402830333621e-10	8.246964638533767e-07	0.0636634213000006	-0.0981564552000013	-0.1460930728000024	-0.0245293230000002	0.1254938820000018	1
1.0031579431591835	-0.0188338999999988	-0.0181358970000012	0.0003289107599945	0.0003547157892095	0.1750140000000012	-0.0143240000000004	0.0002051769759995	0.0306299001959993	-0.0645562000000007	0.0115566000000008	0.0001335550035591	0.0041675029584397	0.0048812599999981	9.20199999998711e-05	8.467680286871935e-09	2.382669918702761e-05	0.0004070790000004	0.0002167080000001	4.696235773411575e-08	1.657133118985745e-07	-0.0008728290000019	3.529900000128039e-05	1.2460196626462287e-09	7.618304618989161e-07	0.0586540018000005	-0.1062390414000016	-0.1408510868000022	-0.002737363	0.138733190600002	1
0.9531272945384724	-0.0362652000000006	-0.0174313000000006	0.0003038502196907	0.0013151647310398	0.1383240000000004	-0.0366900000000015	0.0013461560999997	0.0191335289759985	-0.084936100000001	-0.0203799	0.0004153403240105	0.0072141410832098	0.0054296699999992	0.0005484100000012	3.0075352654408285e-07	2.948131630965447e-05	0.0006074390000024	0.0002003599999995	4.0144129095900974e-08	3.68982138022973e-07	-0.0008880009999998	-1.5171999999165594e-05	2.301902295823548e-10	7.885457765161526e-07	0.0535681086999996	-0.1137677464000016	-0.1339577505000019	0.0191116079000001	0.1474622397000022	1
0.2101730924263094	-0.0190924000000003	0.017172800000001	0.0002949050598399	0.0003645197377594	0.1184789999999997	-0.019845	0.0003938240249987	0.0140372734409984	0.0093974999999998	0.094333600000002	0.0088988280889591	8.831300624896983e-05	0.0054982299999992	6.856000000044049e-05	4.700474220500861e-09	3.02305331323217e-05	0.0001903710000012	-0.0004170680000023	1.7394571595395472e-07	3.6241116716717746e-08	-0.0010812500000005	-0.0001932490000002	3.7345176041945e-08	1.1691015641614404e-06	0.0484123730999989	-0.1207033191000019	-0.125493882000002	0.0405625420000002	0.1513972455000024	1
-0.1622864534830805	-0.0142674999999995	0.0048249000000001	2.3279660010785312e-05	0.0002035615562497	0.1656750000000004	0.0471960000000011	0.0022274624160001	0.0274482056249988	-0.0012673400000001	-0.01066484	0.0001137388122245	1.6061506745975423e-06	0.0058966799999998	0.0003984499999996	1.5876240254329557e-07	3.4770835021858774e-05	0.0002588820000013	6.851100000089728e-05	4.693756483129365e-09	6.701988892416814e-08	-0.0006714020000006	0.0004098480000018	1.6797538508802458e-07	4.507806441312394e-07	0.0431935168999993	-0.1270096006000018	-0.1155587126000019	0.0611686814000006	0.1504102795000022	1
-0.0660764184339042	-0.0226227000000002	-0.0083552000000004	6.980936704029049e-05	0.0005117865552906	0.1255929999999998	-0.0400820000000011	0.0016065667240001	0.015773601648999	0.0626744000000007	0.0639417400000007	0.0040885461142273	0.0039280804153594	0.0060959600000005	0.0001992800000009	3.971251885994137e-08	3.716072832085149e-05	0.0001903710000009	-6.85110000001686e-05	4.693755407851063e-09	3.6241117618989954e-08	-0.0009499430000004	-0.0002785410000002	7.758508955820757e-08	9.023917041334064e-07	0.0379183445999997	-0.1326537128000021	-0.1042687229000017	0.080500862700001	0.1445334284000021	1
-0.0141621572049402	-0.0254051000000006	-0.0027824	7.741749760099027e-06	0.0006454191060108	0.1186779999999989	-0.0069149999999999	4.781722499931351e-05	0.0140844676839993	0.1019870000000017	0.0393126000000001	0.0015454805187594	0.0104013481689999	0.0052903999999989	-0.0008055600000007	6.489269166059414e-07	2.798833215714721e-05	0.0001903710000013	-9.349698950724668e-17	-2.64631576336419e-16	3.624111808917425e-08	-0.0009670299999997	-1.708699999972414e-05	2.919641087901857e-10	9.3514702033101e-07	0.0325937339999997	-0.1376062300000021	-0.0917562777000017	0.0981564552000013	0.133957750500002	1
-0.0078721139962363	-0.0161711999999993	0.0092339000000007	8.526490920945043e-05	0.00026150770944	0.2510770000000012	0.1323990000000028	0.0175294952010048	0.0630396599290012	-0.0023495499999995	-0.1043365500000018	0.0108861156659022	5.520385202676293e-06	0.0059426799999979	0.000652279999999	4.254691931107875e-07	3.531544557999292e-05	0.0001903710000019	9.587210151834427e-17	7.102530219595635e-16	3.6241118948608276e-08	-0.0004020579999986	0.0005649720000001	3.191933606341878e-07	1.616506367348488e-07	0.0272266274000015	-0.1418413320000022	-0.0781680741000009	0.1137677464000017	0.1190270642000016	1
0.0748897188716362	-0.0065739099999991	0.0095972899999998	9.21079753441356e-05	4.321629268829815e-05	0.2231260000000018	-0.0279510000000014	0.0007812584010009	0.0497852118760007	0.0357299	0.0380794500000006	0.0014500445123025	0.0012766257540103	0.0067445499999986	0.0008018700000027	6.429954975284958e-07	4.548895470190605e-05	0.0001903710000007	-2.3807590517910467e-16	-3.491875793591927e-16	3.624111824977073e-08	-0.0002588509999975	0.000143206999999	2.0508246009758256e-08	6.700383993874746e-08	0.0218240225000019	-0.1453369390000022	-0.0636634213000006	0.1270096006000017	0.1002267710000017	1
0.8421029011823077	-0.0204724999999995	-0.0138985900000011	0.0001931708039875	0.0004191232562504	0.1908180000000008	-0.0323080000000011	0.0010438068640002	0.0364115091240002	0.0356081000000008	-0.0001218	1.483524024042812e-08	0.0012679367856101	0.0071855100000003	0.0004409600000009	1.9444572286334653e-07	5.1631553960148384e-05	0.0004773919999994	0.0002870210000008	8.238105459668975e-08	2.279031227892798e-07	-0.0005661949999982	-0.0003073440000016	9.446033407314625e-08	3.2057677864316455e-07	0.0163929633000009	-0.1480748265000022	-0.0484123731000008	0.1376062300000022	0.0781680741000012	1
1.1596144626138885	-0.0225068999999998	-0.0020344	4.13878335900028e-06	0.0005065605476096	0.2213430000000007	0.0305250000000008	0.0009317756249991	0.0489927236490008	-0.0029076499999994	-0.0385157499999999	0.0014834629980622	8.454428522905434e-06	0.0080983900000015	0.0009128800000002	8.333498956226534e-07	6.55839205937323e-05	0.0004199129999985	-5.747900000114674e-05	3.303835527743528e-09	1.7632692700551595e-07	-0.0005146149999973	5.157999999913277e-05	2.660496290543438e-09	2.6482859917851815e-07	0.0109405307000009	-0.150040720400002	-0.0325937340000004	0.1453369390000023	0.0535681087000006	1
1.0617237959365868	-0.0034161899999994	0.0190907100000005	0.0003644552083042	1.1670354114970144e-05	0.1918520000000008	-0.0294910000000013	0.0008697190809998	0.0368071899039995	-0.0442101000000006	-0.0413024500000007	0.0017058923760038	0.0019545329420098	0.0082222000000034	0.0001238099999998	1.5328916685714643e-08	6.760457284173397e-05	0.0005355359999984	0.0001156229999998	1.3368677016357821e-08	2.8679880611419906e-07	-4.316779999721911e-05	0.000471447199999	2.2226246406800105e-07	1.863460343416676e-09	0.0054738337999996	-0.1512243715000017	-0.0163929633000003	0.1500407204000023	0.0272266274000003	1
1.0102312175471675	-0.0291110000000005	-0.0256948100000012	0.0006602232609356	0.0008474503209999	0.213182000000001	0.021330000000001	0.0004549688999991	0.0454465651239999	-0.0129593000000005	0.0312508000000016	0.0009766125006379	0.0001679434564899	0.0081695500000009	-5.265000000211603e-05	2.7720249809285172e-09	6.674154720416008e-05	0.0007381179999987	0.0002025820000002	4.1039464628619013e-08	5.44818182739237e-07	-0.0004861279999987	-0.0004429602000011	1.962137366236389e-07	2.3632043274060682e-07	4.926527126697478e-17	-0.151619608700002	1.2027858335209906e-16	0.1516196087000022	-1.6511421583375882e-16	1
1.013000606267412	-0.0299081000000017	-0.0007970999999998	6.353684099193371e-07	0.0008944944456103	0.1485859999999998	-0.0645960000000018	0.004172643216001	0.0220777993959987	0.0012009399999996	0.0141602400000002	0.0002005123968577	1.442256883153225e-06	0.0074501700000004	-0.0007193800000005	5.175075841192156e-07	5.550503302742646e-05	0.0004792039999988	-0.0002589140000017	6.703646163329408e-08	2.2963647461865786e-07	-0.0005817649999991	-9.56370000012075e-05	9.146434854419304e-09	3.384505165704213e-07	-0.0054738338000011	-0.1512243715000018	0.0163929633000002	0.1500407204000022	-0.0272266274000004	1
0.8925711933540027	0.0074707599999997	0.0373788600000018	0.0013971791748992	5.5812254976420525e-05	0.1009869999999983	-0.0475990000000003	0.0022656648009995	0.0101983741689984	0.0648098000000008	0.0636088600000011	0.0040460870704991	0.0042003101760388	0.0078972600000018	0.0004470900000016	1.998894666305601e-07	6.236671550911647e-05	0.0014035000000022	0.0009242960000051	8.543230987712977e-07	1.969812252640242e-06	-0.0001380950000001	0.0004436700000009	1.9684306928151534e-07	1.907022636602222e-08	-0.0109405307000028	-0.1500407204000015	0.0325937339999998	0.1453369390000018	-0.0535681087000005	1
0.1088287114584661	-0.0116362000000005	-0.0191069600000006	0.0003650759204416	0.0001354011504399	0.1667659999999993	0.0657790000000023	0.0043268768410002	0.0278108987559987	0.0602041000000003	-0.0046056999999997	2.121247248799588e-05	0.0036245336568088	0.008063500000001	0.000166239999998	2.7635736579421158e-08	6.50200322526829e-05	0.0009872070000014	-0.0004162930000019	1.7329986463592992e-07	9.74577661229872e-07	-0.0003203720000006	-0.0001822769999991	3.3224903562212574e-08	1.0263821694383032e-07	-0.0163929633000022	-0.1480748265000018	0.0484123731000003	0.1376062300000019	-0.0781680741000012	1
-0.1551988182723444	-0.0127526000000016	-0.0011163999999998	1.2463489601380774e-06	0.0001626288067605	0.1507089999999994	-0.0160570000000002	0.0002578272489993	0.0227132026809988	0.1093860000000005	0.0491819000000003	0.0024188592876097	0.0119652969959997	0.0080702600000012	6.760000000435622e-06	4.569765587455588e-11	6.512909646854275e-05	0.000592626000001	-0.0003945810000014	1.556941660695394e-07	3.5120557464549053e-07	-0.0004861280000004	-0.0001657559999998	2.747505218989548e-08	2.3632043108711082e-07	-0.0218240225000011	-0.145336939000002	0.0636634213000009	0.1270096006000018	-0.1002267710000014	1
-0.0578004471990198	-0.0215865000000018	-0.0088338999999999	7.803778921032404e-05	0.0004659769822507	0.196985	0.046276000000001	0.0021414681759996	0.0388030902249995	0.0855224000000005	-0.0238636000000005	0.0005694714049597	0.0073140809017598	0.0080917100000005	2.144999999914609e-05	4.601028132917359e-10	6.547577072356505e-05	0.0004397749999996	-0.000152851	2.3363427797650373e-08	1.934020490698197e-07	-0.0004861280000004	7.953048767305663e-16	3.131356057329521e-17	2.3632043208375218e-07	-0.0272266274000007	-0.1418413320000018	0.0781680741000013	0.1137677464000017	-0.1190270642000019	1
-0.0063838152421152	-0.0215608000000022	2.570000000043844e-05	6.604900224408752e-10	0.0004648680966409	0.2008450000000003	0.00386	1.4899599999413212e-05	0.0403387140249999	0.1155510000000006	0.0300286000000004	0.0009017168179598	0.0133520336010005	0.0078371899999994	-0.0002545199999999	6.478043157357461e-08	6.142154709423394e-05	0.0002239279999988	-0.0002158470000005	4.65899271985856e-08	5.0143747866181045e-08	-0.0004861279999999	3.259901710361077e-16	3.843093213553027e-17	2.3632043158120975e-07	-0.0325937339999998	-0.1376062300000018	0.0917562777000016	0.0981564552000015	-0.133957750500002	1
-0.0182767966979255	-0.0094612400000014	0.0120995600000009	0.0001463993521934	8.951506233798816e-05	0.2239960000000007	0.0231510000000005	0.0005359688009997	0.0501742080160004	0.1193150000000008	0.0037639999999999	1.416769600009376e-05	0.0142360692250006	0.0078772699999993	4.008000000038511e-05	1.606407004819509e-09	6.205138265099466e-05	0.0004397749999996	0.0002158470000021	4.6589925941945664e-08	1.9340204916310445e-07	-0.0003665330000007	0.0001195950000003	1.4302964327218546e-08	1.3434643885108945e-07	-0.0379183445999996	-0.1326537128000017	0.1042687229000019	0.0805008627000013	-0.1445334284000022	1
0.1445362204672663	-0.000128663	0.0093325770000005	8.709699346047543e-05	1.6554166914160815e-08	0.2995030000000021	0.0755070000000011	0.0057013070490012	0.0897020470090024	0.0451291999999997	-0.0741858000000012	0.0055035329216409	0.0020366446926401	0.0082073600000001	0.0003300899999994	1.0895940642436473e-07	6.736075816676792e-05	0.0004397749999993	7.842415473119193e-16	-1.1000397178744301e-15	1.9340204850962859e-07	-0.0001970430000016	0.0001694899999998	2.8726861282478472e-08	3.882594361177949e-08	-0.0431935168999986	-0.1270096006000016	0.1155587126000023	0.0611686814000011	-0.1504102795000024	1
0.9366777107454968	-0.0215456000000012	-0.0214169370000011	0.0004586851904606	0.0004642128793609	0.2287430000000013	-0.070760000000002	0.0050069776000014	0.0523233600490008	0.1208010000000008	0.0756718000000015	0.0057262213152401	0.0145928816010012	0.0085773099999999	0.0003699500000015	1.368630000686896e-07	7.357024683583105e-05	0.0003085079999962	-0.0001312670000004	1.7231024491637353e-08	9.517718504348957e-08	-0.0003302480000011	-0.0001332049999997	1.774357267033473e-08	1.0906374125847573e-07	-0.0484123730999988	-0.1207033191000014	0.1254938820000023	0.0405625420000008	-0.1513972455000022	1
1.1493742455800025	-0.0313920000000017	-0.0098463999999999	9.695159295883594e-05	0.0009854576640001	0.2560580000000007	0.0273150000000003	0.0007461092249982	0.0655656993640009	0.0427535000000001	-0.0780475000000011	0.0060914122562519	0.0018278617622501	0.0082321199999996	-0.0003451900000008	1.1915613790446001e-07	6.776779969277981e-05	0.0008657429999988	0.0005572350000024	3.1051084396692213e-07	7.495109411930938e-07	-0.0004861280000005	-0.0001558800000004	2.4298572313918213e-08	2.363204333492375e-07	-0.0535681087000002	-0.1137677464000012	0.1339577505000024	0.0191116079000007	-0.1474622397000024	1
1.0542282907593556	0.0823685000000036	0.1137605000000049	0.0129414513602556	0.0067845697922507	0.2752510000000019	0.0191930000000019	0.000368371248998	0.0757631130010017	0.1899800000000024	0.1472265000000037	0.0216756423022491	0.036092400400002	0.0073131599999984	-0.0009189600000008	8.444874838641269e-07	5.3482309186070525e-05	0.0016274500000002	0.0007617070000011	5.801975541488737e-07	2.648593505645203e-06	0.0012972500000012	0.0017833780000021	3.180437093232168e-06	1.6828575667390954e-06	-0.0586540017999988	-0.1062390414000009	0.1408510868000018	-0.0027373629999999	-0.1387331906000017	1
1.0027226566556344	0.0135787000000031	-0.0687898000000044	0.0047320365840423	0.0001843810936895	0.2785380000000017	0.003286999999999	1.0804368999237306e-05	0.077583417444002	0.1193580000000016	-0.0706220000000015	0.0049874668840015	0.0142463321640002	0.0072890599999989	-2.4100000000370407e-05	5.808105580880572e-10	5.313039568456337e-05	0.0017563400000015	0.0001288899999974	1.6612631856966916e-08	3.0847301993859407e-06	0.0002749779999987	-0.0010222720000012	1.0450400418381582e-06	7.561289762966199e-08	-0.0636634212999999	-0.0981564552000008	0.1460930728000019	-0.0245293229999997	-0.1254938820000017	1
1.023398025106641	0.0022020500000012	-0.0113766500000009	0.0001294281652213	4.849024201431899e-06	0.2735320000000013	-0.0050060000000007	2.5060035999038095e-05	0.0748197550240008	0.0604779000000001	-0.0588801000000007	0.0034668661760117	0.0036575763884093	0.0077006699999975	0.0004116100000016	1.6942279036901514e-07	5.930031845000411e-05	0.0016274500000029	-0.0001288900000018	1.661263193055103e-08	2.648593505119442e-06	0.0001508009999988	-0.0001241769999999	1.5419927357164642e-08	2.2740940745987653e-08	-0.0685898358000012	-0.0895621267000005	0.1496222512000022	-0.0458104116000002	-0.1081747282000014	1
0.8140385960378949	0.0389354000000021	0.0367333500000012	0.0013493390022197	0.0015159653731606	0.1976270000000006	-0.0759050000000014	0.0057615690250008	0.0390564311289988	0.1979930000000018	0.1375151000000025	0.0189104027280107	0.0392012280490009	0.0074644299999992	-0.0002362399999984	5.5809334829482644e-08	5.571771522726191e-05	0.0010886	-0.0005388500000029	2.903593224027035e-07	1.1850499601555856e-06	0.0007208519999999	0.0005700510000003	3.249581424323554e-07	5.196276069360243e-07	-0.0734268222000016	-0.0805008627000002	0.1513972455000016	-0.0661374082000007	-0.0873387803000007	1
0.0218020488335765	0.0286678000000027	-0.010267600000001	0.0001054236097586	0.00082184275684	0.2341610000000004	0.036534000000001	0.001334733156	0.0548313739209991	0.1856110000000018	-0.0123820000000002	0.0001533139239996	0.0344514433209999	0.0079379700000011	0.0004735399999997	2.2424013216887818e-07	6.301136772449756e-05	0.0013720800000008	0.0002834800000026	8.036090911038695e-08	1.8826035262580823e-06	0.0007861269999995	6.527500000059471e-05	4.260824161256608e-09	6.179956631110884e-07	-0.0781680741000024	-0.0710199045	0.1513972455000015	-0.0850869633000008	-0.0636634213000005	1
-0.1425322849923976	0.0240508000000027	-0.0046170000000007	2.131668899940279e-05	0.0005784409806393	0.2698410000000012	0.0356800000000005	0.0012730624000002	0.0728141652809998	0.1619500000000013	-0.0236610000000002	0.0005598429209999	0.0262278024999995	0.0078785500000009	-5.942000000145965e-05	3.530737739736656e-09	6.207155010352215e-05	0.0008861059999991	-0.0004859740000013	2.361707325291682e-07	7.851838410537123e-07	0.0005014009999992	-0.0002847260000011	8.106889480917373e-08	2.514029635855873e-07	-0.082807409700002	-0.0611686813999998	0.1496222512000019	-0.1022644149000011	-0.0379183446000001	1
-0.0509354535220382	0.0087859200000024	-0.0152648800000012	0.0002330165614141	7.719239024481394e-05	0.3099020000000019	0.0400610000000006	0.0016048837210005	0.096039249604001	0.1394450000000006	-0.0225049999999999	0.0005064750249995	0.0194449080249994	0.0079863200000002	0.0001077699999994	1.161437339821326e-08	6.378130714184266e-05	0.0011361100000003	0.0002500040000023	6.250199875212124e-08	1.2907459313379994e-06	0.0004061169999981	-9.52839999997224e-05	9.07904074126054e-09	1.649310176196801e-07	-0.0873387803000012	-0.0509985530999999	0.1460930728000023	-0.1173120090000013	-0.0109405306999998	1
0.0006462312551716	0.0092841300000024	0.0004982099999993	2.482132038675013e-07	8.619506985495787e-05	0.3128880000000021	0.0029859999999995	8.916196000398572e-06	0.0978989005440009	0.1479840000000006	0.0085390000000004	7.291452099995704e-05	0.0218992642559996	0.0077848499999995	-0.00020147	4.0590161685957565e-08	6.060388952091793e-05	0.0008861059999997	-0.0002500040000004	6.250200108839579e-08	7.851838418176464e-07	0.000406116999999	-3.3821329822016e-16	9.261873631589293e-16	1.6493101749823965e-07	-0.0917562777000011	-0.0405625419999997	0.1408510868000022	-0.1299163498000015	0.0163929633000006	1
-0.028000749414254	-0.0225680999999991	-0.0318522300000018	0.0010145645559738	0.0005093191376085	0.3091700000000019	-0.0037180000000004	1.38235240001034e-05	0.0955860889000008	0.175831000000001	0.0278470000000007	0.0007754554089994	0.0309165405610003	0.0081424999999991	0.000357650000001	1.279135226580753e-07	6.630030625007158e-05	0.0011361100000013	0.0002500040000012	6.250199795474126e-08	1.290745931739101e-06	0.0002163329999999	-0.0001897839999991	3.6017966729448245e-08	4.679996577430869e-08	-0.0960541425000007	-0.0299150565999997	0.1339577505000024	-0.1398149270000016	0.043193516900001	1
0.2314145128956677	-0.0164844999999992	0.0060836000000002	3.7010188959354856e-05	0.0002717387402479	0.2983140000000015	-0.0108560000000001	0.0001178527359997	0.0889912425960007	0.2326510000000024	0.0568200000000015	0.0032285123999999	0.054126487801002	0.0084497100000005	0.0003072100000006	9.437798424747844e-08	7.139759908496987e-05	0.0006647779999995	-0.0004713320000022	2.221538565394172e-07	4.419297869487542e-07	5.5412800016755685e-06	-0.0002107917200015	4.4433149519462625e-08	3.070370035779128e-11	-0.1002267710000001	-0.0191116078999994	0.1254938820000022	-0.1468015834000015	0.0685898358000016	1
1.015500864568028	-0.0931383000000028	-0.0766538000000032	0.0058758050544449	0.0086747429268941	0.214055999999999	-0.084258000000003	0.0070994105640017	0.0458199711359976	0.2057230000000025	-0.0269280000000008	0.0007251171840012	0.0423219527290011	0.00856898	0.0001192700000002	1.4225331743529451e-08	7.342741824021476e-05	0.0010556899999983	0.0003909120000001	1.5281219332610593e-07	1.1144813776196368e-06	-0.0009042340000007	-0.0009097752799994	8.276910595879457e-07	8.17639127084729e-07	-0.1042687229000026	-0.0082085200999991	0.1155587126000017	-0.1507308081000013	0.0917562777000018	1
1.1349800535889345	-0.0765605000000018	0.0165778000000021	0.0002748234528385	0.0058615101602496	0.3337779999999997	0.1197220000000036	0.014333357284002	0.1114077532840004	0.1095740000000014	-0.0961490000000001	0.0092446302009992	0.0120064614759996	0.0089113199999982	0.0003423399999981	1.1719667164154085e-07	7.941162414132604e-05	0.0010336199999999	-2.2069999999769892e-05	4.870839534660591e-10	1.06837030598246e-06	-0.0004836439999982	0.0004205900000002	1.768959456395422e-07	2.3391152000164585e-07	-0.1081747282000026	0.0027373630000009	0.1042687229000019	-0.1515207672000016	0.1119396944000017	1
1.0478302214737358	-0.0667910000000016	0.0097695000000011	9.544313024820156e-05	0.0044610376810001	0.2756480000000001	-0.0581300000000009	0.0033790968999998	0.0759818199039986	0.211059000000002	0.1014850000000027	0.0102992052249997	0.0445459014810014	0.008662899999998	-0.0002484199999996	6.171249627935361e-08	7.504583640839819e-05	0.0006647779999987	-0.000368842000002	1.3604441962461478e-07	4.41929789943699e-07	-0.00096062	-0.0004769760000017	2.2750610397353973e-07	9.227907852714368e-07	-0.1119396944000021	0.0136689749000011	0.0917562777000014	-0.1491550083000016	0.1284839167000024	1
0.99640405517236	-0.0863585000000015	-0.0195675000000001	0.0003828870562493	0.0074577905222511	0.3085249999999998	0.0328770000000012	0.0010808971289984	0.0951876756249992	0.1805370000000022	-0.0305219999999993	0.0009315924839995	0.0325936083690005	0.009429139999999	0.0007662400000002	5.87123738652603e-07	8.890868113821608e-05	0.0007345279999984	6.97500000004893e-05	4.865061071474191e-09	5.395313820321205e-07	-0.0009606210000003	-9.999981467213235e-10	9.242250461579941e-16	9.227927046344372e-07	-0.1155587126000027	0.0245293230000014	0.0781680741000013	-0.1436828030000012	0.1408510868000023	1
1.0317062575958769	-0.0863141000000008	4.440000000078907e-05	1.97135902769119e-09	0.0074501238588089	0.3899110000000009	0.0813860000000022	0.0066236809960004	0.1520305879210025	0.1106960000000012	-0.0698409999999997	0.0048777652809996	0.0122536044159997	0.0102798000000007	0.0008506599999991	7.236224344797948e-07	0.0001056742880377	0.0006647779999983	-6.974999999982792e-05	4.865061933375286e-09	4.4192978822583313e-07	-0.0008831989999999	7.742200000011238e-05	5.9941667659788414e-09	7.800404741809853e-07	-0.1190270642000012	0.0352617866000014	0.0636634213000017	-0.1352181207000012	0.1486391440000023	1
0.7193889102979084	-0.111979000000002	-0.0256649000000005	0.0006586870920101	0.0125392964410018	0.413030000000002	0.0231189999999998	0.0005344881609992	0.1705937809000028	0.0741379999999996	-0.0365579999999993	0.0013364873640001	0.0054964430439993	0.0107392999999998	0.0004595000000003	2.111402511453621e-07	0.0001153325644896	0.0012088600000021	0.0005440820000026	2.960252229981325e-07	1.4613425017200928e-06	-0.0005554659999986	0.0003277330000018	1.0740891935914097e-07	3.0854247401697444e-07	-0.1223402273000002	0.0458104116000012	0.0484123731000022	-0.1239372551000012	0.1515948963000023	1
-0.0484821193984038	-0.0959982000000019	0.0159808000000012	0.0002553859686408	0.0092156544032396	0.4033050000000021	-0.0097250000000007	9.457562499996184e-05	0.1626549230250019	0.1227789999999995	0.0486410000000021	0.0023659468809997	0.0150746828409996	0.0110981000000003	0.0003588000000009	1.287374404686907e-07	0.0001231678236113	0.0008987670000024	-0.000310093000001	9.615766853864268e-08	8.0778212054356e-07	-0.000789129999998	-0.0002336640000016	5.4598864382895316e-08	6.227261578637501e-07	-0.1254938820000005	0.0561202023000014	0.032593734000002	-0.1100751524000013	0.1496222512000025	1
-0.1270102989772198	-0.0940287000000013	0.0019695000000003	3.878930250570091e-06	0.00884139642369	0.3860290000000018	-0.0172760000000009	0.0002984601760001	0.1490183888410011	0.1745580000000005	0.0517790000000016	0.0026810648409997	0.0304704953640002	0.0111745000000013	7.640000000014696e-05	5.836960709063374e-09	0.0001248694502507	0.000664778000001	-0.0002339890000002	5.475085153039405e-08	4.4192978895300763e-07	-0.0009606209999998	-0.0001714910000006	2.9409163507525954e-08	9.227927059681664e-07	-0.128483916700001	0.0661374082000019	0.0163929633000014	-0.0939205181000008	0.1427853400000025	1
-0.044832477389403	-0.0909319000000009	0.0030968000000003	9.590170240443626e-06	0.0082686104376096	0.3724040000000013	-0.0136250000000005	0.000185640625	0.1386847392160003	0.2110430000000016	0.0364850000000012	0.001331155225	0.0445391478490009	0.0113067000000017	0.0001321999999999	1.7476840555388684e-08	0.0001278414648913	0.0006647780000007	8.714633463653356e-16	-1.5214909719893049e-15	4.419297887470718e-07	-0.0009606209999997	4.0196318252054137e-17	6.375676097691332e-16	9.22792704841534e-07	-0.1313064329000012	0.0758098044000022	8.670911575830585e-16	-0.0758098044000005	0.1313064329000023	1
0.0060161417276674	-0.1004290000000008	-0.0094971000000001	9.01949084103039e-05	0.0100859840410001	0.3976400000000013	0.0252360000000003	0.0006368556959999	0.1581175696000017	0.214140000000002	0.0030970000000006	9.59140899983176e-06	0.0458559396000011	0.0114453000000015	0.0001385999999993	1.920996078797329e-08	0.0001309948920907	0.000664777000001	-9.999994366597418e-10	-3.601038525106776e-16	4.419284595805362e-07	-0.000960619999999	1.0000002024390518e-09	1.2055406271462688e-16	9.227907818609968e-07	-0.1339577505000005	0.0850869633000022	-0.0163929632999993	-0.0561202023	0.1155587126000019	1
-0.0340638533133423	-0.1105310000000014	-0.0101020000000002	0.0001020504040004	0.0122171019610018	0.3868240000000014	-0.0108160000000007	0.000116985856	0.1496328069760007	0.220588000000002	0.0064480000000004	4.157670400072883e-05	0.0486590657440012	0.0114398000000007	-5.500000000308019e-06	3.025128777942519e-11	0.0001308690240387	0.0002561799999997	-0.0004085970000014	1.669515121775337e-07	6.562819248898093e-08	-0.00145145	-0.0004908300000012	2.409140898889364e-07	2.1067071057880853e-06	-0.1364344127000009	0.0939205181000024	-0.0325937339999995	-0.0352617865999996	0.0960541425000016	1
0.3329776882752297	-0.100454000000001	0.0100770000000007	0.0001015459289994	0.0100910061159997	0.3868880000000009	6.400000000041538e-05	4.095999578245711e-09	0.1496823245440012	0.2757920000000032	0.0552040000000016	0.0030474816159998	0.0760612272640031	0.0118819000000016	0.0004421000000003	1.954524100551017e-07	0.00014117954761	7.542049999857944e-05	-0.0001807595000004	3.267399697988506e-08	5.688250435638843e-09	-0.0013230399999989	0.0001284100000001	1.6489129530666814e-08	1.7504348409295545e-06	-0.1387331905999999	0.1022644149000026	-0.0484123730999999	-0.0136689748999993	0.0734268222000014	1
1.0769299858906156	-0.1005319999999994	-7.800000000014897e-05	6.083998818215922e-09	0.0101066830239989	0.3945330000000002	0.007645	5.844602499869116e-05	0.1556562880890011	0.2033490000000029	-0.0724430000000008	0.0052479882490022	0.0413508158010007	0.0119467000000015	6.479999999958436e-05	4.19904144103522e-09	0.0001427236408892	0.0006986319999988	0.0006232115000029	3.883925747432015e-07	4.880866716772492e-07	-0.0013072399999997	1.5799999999686792e-05	2.4964006507858046e-10	1.7088764181029944e-06	-0.1408510868000021	0.1100751524000032	-0.0636634213000007	0.0082085201000012	0.0484123731000009	1
1.1188797464819744	-0.1326660000000002	-0.0321340000000014	0.0010325939559989	0.0176002675560014	0.4795890000000015	0.0850560000000019	0.0072345231360006	0.2300056089210054	0.1253160000000017	-0.0780329999999999	0.0060891490889998	0.0157040998559998	0.0134088000000019	0.0014621	2.137736408354086e-06	0.0001797959174418	0.0008341730000005	0.0001355410000003	1.8371363202950245e-08	6.958445934014184e-07	-0.0014514500000005	-0.0001442099999992	2.079652306941605e-08	2.106707102966325e-06	-0.1427853399999996	0.1173120090000026	-0.0781680741000001	0.0299150566000013	0.0218240225000001	1
1.041870414641453	-0.132645000000001	2.099999999981033e-05	4.4099914161068906e-10	0.0175946960250015	0.464893000000002	-0.0146960000000007	0.0002159724159995	0.2161255014490038	0.1031500000000005	-0.0221659999999992	0.0004913315560009	0.0106399224999993	0.0129391999999999	-0.0004696000000005	2.2052416083724135e-07	0.000167422896639	0.0007371480000003	-9.70250000007598e-05	9.413852957246537e-09	5.433871758017125e-07	-0.00145145	-7.41751846500585e-16	-1.0641754847994425e-15	2.106707103555114e-06	-0.1445334284000003	0.1239372551000029	-0.0917562777	0.0509985531000015	-0.0054738338000002	1
0.9921833048755104	-0.132644000000001	9.999999999113908e-07	9.997519894175818e-13	0.0175944307360011	0.4486770000000019	-0.0162160000000015	0.0002629586559989	0.2013110503290015	0.0180757999999989	-0.0850742000000008	0.0072376195056429	0.0003267345456377	0.0130589999999993	0.0001198000000006	1.4352040230532718e-08	0.000170537480999	0.0006919040000006	-4.524400000081899e-05	2.04701713818019e-09	4.787311450464373e-07	-0.0013803799999998	7.106999999996499e-05	5.050946459717061e-09	1.9054489453679875e-06	-0.1460930728000029	0.1299163498000034	-0.1042687229000004	0.0710199045000017	-0.0325937340000007	1
1.0346974579885448	-0.156172000000002	-0.0235280000000009	0.0005535667839988	0.0243896935840044	0.4859780000000026	0.0373010000000011	0.0013913646009994	0.2361746164840036	0.0232288999999989	0.0051531000000023	2.655443960841136e-05	0.000539581795208	0.0140432999999988	0.0009843000000002	9.688464907901257e-07	0.0001972142748918	0.0005897769999996	-0.0001021270000001	1.0429924366242561e-08	3.478369091222125e-07	-0.0014514500000001	-7.106999999883743e-05	5.0509443794374824e-09	2.106707100606027e-06	-0.1474622397000013	0.135218120700003	-0.1155587126000002	0.0895621267000018	-0.0586540018000013	1
0.6117795879039511	-0.0983311999999997	0.0578408000000024	0.0033455581446434	0.009669024893435	0.4234380000000016	-0.0625400000000013	0.0039112516000011	0.1792997398440001	0.1077839999999994	0.0845551000000026	0.0071495649360096	0.0116173906559979	0.0127195999999982	-0.0013237000000006	1.7521816900796209e-06	0.0001617882241581	0.0005859529999983	-3.824000000468047e-06	1.4621430834825948e-11	3.43340919890176e-07	-0.0011316299999998	0.0003198199999988	1.0228483004572204e-07	1.2805864564273271e-06	-0.1486391440000042	0.139814927000004	-0.1254938820000011	0.106239041400002	-0.0828074097000011	1
-0.100388128332354	-0.1263740000000001	-0.0280428000000015	0.0007863986318403	0.0159703878760001	0.4620630000000022	0.0386250000000012	0.0014918906250001	0.2135022159690027	0.1644250000000006	0.0566410000000021	0.0032082028809981	0.0270355806249989	0.0138188999999996	0.0010993000000007	1.2084604892645096e-06	0.0001909619972111	0.0001856519999993	-0.0004003010000013	1.6024089223642422e-07	3.4466662958219883e-08	-0.0017122800000023	-0.0005806499999993	3.371544243386959e-07	2.9319028011067703e-06	-0.1496222512000016	0.1436828030000034	-0.133957750500001	0.1207033191000024	-0.1042687229000017	1
-0.1126145326567988	-0.1234830000000005	0.0028909999999996	8.35788100051425e-06	0.0152480512890002	0.4480760000000018	-0.0139870000000007	0.0001956361690004	0.200772101776002	0.1855860000000011	0.0211610000000007	0.0004477879210006	0.0344421633959997	0.0134248999999997	-0.0003939999999999	1.5523599987888697e-07	0.0001802279400089	0.0001199059999994	-6.574599999950055e-05	4.3225373567949056e-09	1.4377448703704073e-08	-0.0015238800000011	0.0001884000000009	3.549456107312386e-08	2.322210254577904e-06	-0.1504102795000013	0.1468015834000035	-0.1408510868000009	0.1326537128000026	-0.1223402273000019	1
-0.0337383313133077	-0.1105510000000002	0.012932	0.0001672366240002	0.0122215236009991	0.4068390000000015	-0.041237000000001	0.0017004901690007	0.1655179719210001	0.240447000000002	0.0548610000000009	0.0030097293210006	0.0578147598090009	0.013511	8.61000000011004e-05	7.413208415210497e-09	0.0001825471210019	-4.580060001631355e-06	-0.0001244860599999	1.549677896535947e-08	2.097606594236275e-11	-0.0014514499999999	7.243000000011693e-05	5.246105669196786e-09	2.106707103072867e-06	-0.1510022015000022	0.1491550083000039	-0.1460930728000016	0.1418413320000028	-0.1364344127000019	1
-0.0048588150594506	-0.0963658999999997	0.0141851000000002	0.0002012170620098	0.0092863866828077	0.3840620000000008	-0.022777	0.0005187917290001	0.1475036198439993	0.3056850000000035	0.065238000000001	0.0042559966440004	0.0934433192250029	0.0123835999999995	-0.0011274000000013	1.2710307609614622e-06	0.0001533535489587	0.0001322799999994	0.0001368600600007	1.8730674680248232e-08	1.7497999162476042e-08	-0.0014514499999998	-4.572525287148896e-16	-1.4292104057756997e-15	2.1067070996098016e-06	-0.1513972455000019	0.150730808100004	-0.149622251200002	0.1480748265000031	-0.146093072800002	1
-0.0002057511162611	-0.1157360000000013	-0.0193701000000008	0.0003752007740088	0.0133948216960015	0.3811090000000014	-0.0029529999999996	8.720208999827866e-06	0.1452440698809999	0.3793900000000054	0.0737050000000011	0.0054324270250007	0.143936772100007	0.0121612999999986	-0.0002222999999999	4.9417288413822576e-08	0.00014789721769	0.0003473580000036	0.0002150779999999	4.625854486891451e-08	1.2065758107771682e-07	-0.0018595999999998	-0.00040815	1.6658642152191325e-07	3.458112159980418e-06	-0.151594896299999	0.1515207672000033	-0.1513972455000017	0.1512243715000033	-0.1510022015000021	1
