trial_type.1	trial_type.1_derivative	trial_type.2	trial_type.2_derivative	trans_x	trans_x_derivative1	trans_x_derivative1_power2	trans_x_power2	trans_y	trans_y_derivative1	trans_y_derivative1_power2	trans_y_power2	trans_z	trans_z_derivative1	trans_z_derivative1_power2	trans_z_power2	rot_x	rot_x_derivative1	rot_x_derivative1_power2	rot_x_power2	rot_y	rot_y_derivative1	rot_y_derivative1_power2	rot_y_power2	rot_z	rot_z_derivative1	rot_z_derivative1_power2	rot_z_power2	cosine00	cosine01	intercept
-8.328632408357975e-08	-2.0239698853392213e-07	4.898853665925574e-05	0.0014682917506951	-0.0435826248854338	-0.0027732700236383	7.691026623940773e-06	0.0018994451919099	0.0127397576204927	0.0127129880060449	0.0001616200640404	0.0001623014242285	0.053068185472826	0.0125964296934957	0.000158670041022	0.0028162323093788	0.0013017866903237	-7.586781087224813e-05	5.755922973648412e-09	1.6946485898301762e-06	-0.0016235744077044	8.311130308094773e-05	6.907488826272017e-09	2.635993858442632e-06	-0.000878947279315	0.000114378707023	1.3082487738535048e-08	7.725483196228527e-07	0.1413732884000017	0.1369525504000018	1
1.848793709352987e-07	5.507662183934471e-07	-0.0001959329834275	-0.0036207926056758	-0.0322336746525752	0.0113489502328599	0.0001287986713895	0.0010390097816079	0.0377410397133099	0.0250012820928168	0.0006250641062833	0.0014243860786416	0.0336042048050669	-0.0194639806677591	0.0003788465434353	0.0011292425805811	0.0006969540534331	-0.0006048326368909	3.658225196634043e-07	4.857449512132504e-07	-0.001507252672314	0.0001163217353908	1.3530744929943985e-08	2.2718106228391363e-06	-0.000724975065279	0.0001539722140359	2.3707443590829344e-08	5.255888459271293e-07	0.1406424190000019	0.1340669174000017	1
-3.875968927404607e-07	-1.47826254147155e-06	0.0211542082051415	0.0446617400011769	-0.0319852360045745	0.0002484386480009	6.17217610651891e-08	0.0010230553222681	-0.0004874061722556	-0.0382284458855656	0.0014614140748251	2.3756477698388007e-07	0.0207523637801765	-0.0128518410248905	0.0001651698177292	0.0004306606024645	0.0010290446925754	0.0003320906391425	1.1028419135264342e-07	1.05893298038986e-06	-0.0014178294160853	8.942325622998599e-05	7.996519248056748e-09	2.0102402552357863e-06	-0.0006402711489768	8.470391630264181e-05	7.174753094354772e-09	4.099471442355678e-07	0.1397670300000018	0.1306303747000014	1
7.390899570941412e-07	3.91363738365527e-06	0.2628675223972181	0.1827489306518121	-0.0322159438180036	-0.0002307078134303	5.32260948239274e-08	0.0010378670360845	0.059868148489841	0.0603555546620964	0.0036427929785704	0.0035841952036013	0.0015636921570917	-0.0191886716230846	0.0003682051186594	2.445133162236774e-06	0.0003201176608549	-0.0007089270317198	5.025775376631153e-07	1.0247531337864445e-07	-0.0012820955436387	0.0001357338724465	1.8423684327388963e-08	1.643768984234318e-06	-0.0005967952364791	4.347591249929696e-05	1.890155624909388e-09	3.5616455438894814e-07	0.1387480210000019	0.1266570438000018	1
-1.1587439311542693e-06	-1.0215995651142063e-05	0.673723000076263	0.1934250098251279	-0.0321592478544248	5.669596357896628e-05	3.214432296490467e-09	0.0010342172225622	0.0139945366871365	-0.0458736118027056	0.0021043882598252	0.0001958470570876	-0.0057497799108788	-0.0073134720679703	5.3486873689294376e-05	3.305996902318181e-05	0.0014406678792694	0.0011205502184163	1.2556327963449582e-06	2.075523943773828e-06	-0.0012823756220031	-2.800783646035397e-07	7.897758247047095e-14	1.6444872344113206e-06	-0.0005195766022544	7.721863422283032e-05	5.962717769155742e-09	2.6995984535028453e-07	0.1375864390000014	0.1221632519000018	1
8.850833002559503e-07	2.6264240656412307e-05	0.9707402808934604	0.0818907207294101	-0.0320528096597472	0.0001064381946765	1.1329089847283788e-08	0.0010273826070832	0.0605657807022214	0.0465712440150851	0.0021688807691123	0.0036682137920697	-0.0181407023436725	-0.0123909224327935	0.0001535349587363	0.0003290850815218	0.0009341183582916	-0.0005065495209793	2.5659241626705e-07	8.725771089203851e-07	-0.0014072555600195	-0.0001248799380177	1.5594999061040478e-08	1.980368213985801e-06	-0.0005433428039309	-2.37662016769582e-05	5.648331854287211e-10	2.952214022999285e-07	0.1362834776000014	0.117167464900002	1
3.4117912476643616e-06	-6.63112835983089e-05	0.9276656468431952	-0.1236690695515805	-0.0321879496596598	-0.0001351399999119	1.8262819653624407e-08	0.0010360641032924	0.0012433345046788	-0.0593224461975429	0.0035191526228609	1.545880690844981e-06	-0.0064933852708368	0.0116473170728361	0.0001356599949945	4.216405227518848e-05	0.0009341875020201	6.914372911943418e-08	3.101722652756936e-15	8.727062900656169e-07	-0.0012822286745677	0.0001250268854518	1.5631721804736735e-08	1.6441103739448086e-06	-0.0004879011089777	5.544169495249185e-05	3.0737814846343006e-09	2.380474923770258e-07	0.134840475800001	0.1116902118000019	1
-2.449094639471681e-05	0.0001644845812456	0.5572642825356594	-0.2077141762026123	-0.0322679806992185	-8.0031039559503e-05	6.404966210225352e-09	0.0010412225784047	0.0588811023430803	0.0576377678384018	0.003322112281394	0.0034669842131358	0.014134962448104	0.020628347718941	0.0004255287296127	0.0001997971634095	0.0004071979022876	-0.0005269895997322	2.777180389949918e-07	1.6581012925191146e-07	-0.0011791064247807	0.0001031222497859	1.0634198160940116e-08	1.390291960883227e-06	-0.0005132602111691	-2.535910219137798e-05	6.43083569985444e-10	2.6343604473929065e-07	0.1332589162000016	0.1057539996000015	1
0.0001091556773384	-0.000393487611744	0.198859272885073	-0.142246467367923	-0.0322394627122705	2.851798694764468e-05	8.13275832446289e-10	0.0010393829559765	0.0251287885385815	-0.0337523138045	0.0011392186871564	0.0006314560134164	-0.004625340791861	-0.0187603032399657	0.0003519489776562	2.1393777440238566e-05	0.0007131257052965	0.0003059278030083	9.359181929064404e-08	5.08548270914142e-07	-0.0010902465458178	8.885987896225686e-05	7.896077860089943e-09	1.1886375288615158e-06	-0.0006881121050826	-0.0001748518939135	3.0573185471629984e-08	4.7349826944372935e-07	0.1315404241000019	0.0993832215000011	1
-0.0003812680810849	0.0009055152226703	-0.0059537191092074	-0.068402064163817	-0.0255017961218023	0.0067376665904684	4.539615108362093e-05	0.0006503416054363	0.0581433634764619	0.0330145749378803	0.0010899621583277	0.0033806507163561	-0.00422999448741	0.0003953463044512	1.5629870060170045e-07	1.7892853363038386e-05	0.0003027094736583	-0.0004104162316379	1.6844148338478414e-07	9.163302407837808e-08	-0.001000087637257	9.01589085606379e-05	8.128628365274404e-09	1.00017528116089e-06	-0.0005808487644352	0.000107263340649	1.1505424211202536e-08	3.37385287063527e-07	0.1296867653000024	0.0926040565000008	1
0.0008878818332766	-0.0023181071682393	-0.0895303965376579	-0.0207113173887512	-0.0323471614001263	-0.006845365278324	4.685902579371664e-05	0.0010463388506461	-0.0165394876453046	-0.0746828511217664	0.005577528251678	0.0002735546515696	0.0142273546944415	0.0184573491818519	0.0003406737388194	0.0002024176216007	0.0006342010516166	0.000331491577959	1.0988666620280689e-07	4.0221097326143045e-07	-0.001115171968878	-0.0001150843316209	1.324440316432056e-08	1.2436085194012502e-06	-0.0005371464401072	4.370232432785029e-05	1.9098918946120893e-09	2.885262976381023e-07	0.1276998446000021	0.0854443615000008	1
0.0083577229832133	0.0265004374219246	-0.1026739969273398	0.0040030308829974	-0.0245439663112287	0.0078031950888982	6.0889853595010274e-05	0.0006024062822849	0.0413678511225721	0.0579073387678774	0.0033532598831787	0.0017112991064984	-0.0025037015779854	-0.0167310562724271	0.000279928243992	6.268521591344799e-06	0.0001397619643253	-0.0004944390872915	2.444700111756921e-07	1.953340404815197e-08	-0.0009040369304993	0.0002111350383796	4.4578004932529216e-08	8.172827695893998e-07	-0.0005264369706704	1.0709469435946032e-05	1.1469269405634639e-10	2.7713588356002774e-07	0.125581703700002	0.0779335573000007	1
0.2032382751874791	0.1641852455640611	-0.0830770559333284	0.0134946144828576	-0.021613690228975	0.0029302760822543	8.586517916729977e-06	0.0004671516053117	-0.003696350992968	-0.0450642021155412	0.0020307823123099	1.3663010663659598e-05	0.0143519641433807	0.0168556657213661	0.0002841134669088	0.0002059788747726	0.0005338172687122	0.0003940553043871	1.552795835346041e-07	2.849608766636805e-07	-0.0008966090938428	7.427836656097507e-06	5.5172707438228075e-11	8.039078661140343e-07	-0.0004082609216302	0.0001181760490396	1.3965578014100966e-08	1.666769798286067e-07	0.1233345191000017	0.0701025074000005	1
0.6069017711005713	0.2017691778925179	-0.0550038018413325	0.0136442499988954	-0.0150845874369445	0.0065291027920302	4.262918326920537e-05	0.0002275447781409	0.0321373898254936	0.0358337408184619	0.0012840569810443	0.0010328118247948	-0.0096950839793231	-0.0240470481227048	0.0005782605234159	9.399465336589366e-05	2.590258568626356e-05	-0.000507914683028	2.5797732538135024e-07	6.709424739391475e-10	-0.0005550040186113	0.0003416050752325	1.166940303397846e-07	3.080294584466632e-07	-0.0003509925379367	5.726838369421842e-05	3.279667290056971e-09	1.2319576120753032e-07	0.1209605999000015	0.0619833913000008	1
0.9388658403915444	0.1085596460378791	-0.0313526432692398	0.0099548348574743	-0.0167775308965328	-0.0016929434595888	2.8660575574547496e-06	0.0002814855429823	-0.0081600697251506	-0.0402974595506445	0.0016238852462357	6.658673791915788e-05	-0.0312661185022093	-0.021571034522887	0.0004653095303875	0.0009775701661928	0.0001909010070904	0.0001649984214036	2.7224478341870938e-08	3.644319343674721e-08	-0.0005550337730673	-2.9754456371810614e-08	7.872997369577234e-16	3.080624880983921e-07	-0.0003569469250134	-5.954387075969534e-06	3.545358085709444e-11	1.274111056827712e-07	0.1184623855000009	0.0536095721000009	1
0.964494692534291	-0.0909539555121739	-0.0157666970191555	0.0058849576284032	0.0010485136250239	0.0178260445215592	0.0003177678632887	1.099380821665604e-06	0.0333216239576042	0.0414816936827558	0.0017207309107897	0.0011103306231707	-0.0008340056208452	0.0304321128813651	0.0009261134944227	6.95565373736097e-07	0.0002349922522081	4.409124511937321e-05	1.9440371662712678e-09	5.5221359073615555e-08	-0.0002150088964515	0.0003400248766166	1.1561691637125067e-07	4.622882326875453e-08	-7.397471489602543e-05	0.0002829722101171	8.007327330496557e-08	5.472258232273985e-09	0.115842443100001	0.0450154597000009	1
0.6266915513873608	-0.2085506647964473	-0.0072418861351133	0.0031257712507591	0.0062055069151105	0.0051569932900869	2.6594579792877364e-05	3.850831607334032e-05	-0.0019220742593977	-0.0352436982170024	0.0012421182640109	3.694369458059797e-06	0.0082144434421994	0.0090484490630447	8.187443044589122e-05	6.747708106341086e-05	0.0003670041504372	0.0001320118982266	1.7427140273261272e-08	1.346920480884266e-07	-4.696424921015016e-05	0.0001680446472412	2.8239002649052432e-08	2.205639423214552e-09	0.0001950084495196	0.0002689831644169	7.235194370977236e-08	3.802829803183708e-08	0.1131034646000014	0.0362363691000006	1
0.248098476626615	-0.1561670636699	-0.0027360315637522	0.001222149322567	0.0075398485181093	0.0013343416029976	1.7804675124427677e-06	5.684931567556149e-05	0.0378652772516976	0.0397873515110955	0.0015830333402677	0.0014337792213464	0.0320371779060418	0.0238227344638428	0.0005675226773335	0.0010263807681832	0.0001289990839681	-0.0002380050664685	5.6646411106212146e-08	1.6640764724328837e-08	-4.700290477767825e-05	-3.865556887968426e-08	-1.7431559705439483e-16	2.2092720325005967e-09	-4.499694904903059e-05	-0.0002400053985709	5.7602591977647964e-08	2.024724142484361e-09	0.1102482648000017	0.0273083755000001	1
0.0182858308917648	-0.0789809971155675	-0.0016532201842955	0.0007989429903035	0.0025356382752498	-0.0050042102428604	2.5042120154105556e-05	6.429461460443319e-06	-0.0023134795986689	-0.0401787568503668	0.0016143325020412	5.3521878532371125e-06	0.0447470378580534	0.0127098599520114	0.0001615405399982	0.0020022973970706	0.0003560003606359	0.0002270012766674	5.152957841839612e-08	1.267362594330948e-07	-4.6995545798645496e-05	7.358977766512815e-09	-4.2969801425054095e-16	2.2085803816303075e-09	2.5008403077425185e-05	7.000535212587261e-05	4.900747114375498e-09	6.254209977829678e-10	0.1072797774000017	0.0182681659999998	1
-0.081760599639856	-0.0268212550426807	0.0011854425182554	-0.0005332103759369	0.0075257575485662	0.0049901192733158	2.490129036093887e-05	5.663702667917143e-05	0.0380032462126403	0.0403167258113096	0.0016254383801447	0.0014442467226975	0.0321071190831232	-0.0126399187749303	0.0001597675466368	0.0010308670958185	-0.0004229959575597	-0.0007789963181964	6.068352660591236e-07	1.7892557974881885e-07	-4.703910537781163e-05	-4.355957983377276e-08	1.8927645472686247e-16	2.2126773653617542e-09	0.0001849898756488	0.0001599814725719	2.5594071530021305e-08	3.42212568077639e-08	0.104201052700002	0.0091528885999996	1
-0.1035849124394438	0.001147175982119	0.0011390281119984	0.0127654888911386	0.0075374141305272	1.1656581960508136e-05	1.358757794461119e-10	5.681261177534352e-05	0.0005117044447476	-0.0374915417678932	0.0014056157041337	2.6184143858655533e-07	0.0320994547552059	-7.664327917200478e-06	5.874095853445527e-11	0.0010303749955821	-0.0003019950985679	0.0001210008589928	1.4641206694654224e-08	9.120103832502576e-08	0.0004470027380618	0.0004940418434406	2.440773483423175e-07	1.9981144951088385e-07	-2.193246980077631e-05	-0.0002069223454505	4.2816857195632076e-08	4.810337215619717e-10	0.1010152545000018	-4.274453657941725e-16	1
-0.087439281183856	0.0127359087357418	0.1503694767965996	0.1418476797304771	0.007566111481	2.8697350472144087e-05	8.235378267485498e-10	5.724604294318606e-05	0.0040358241132021	0.0035241196684551	1.2419419437011764e-05	1.6287876272225132e-05	0.0145567977567543	-0.0175426569984516	0.0003077448145657	0.0002119003609314	-0.0007859736486203	-0.0004839785500533	2.342352374398787e-07	6.177545753293352e-07	0.000447045645744	4.290768144623106e-08	-4.343772724886554e-16	1.9984981078521082e-07	-0.0001168242701379	-9.489180033701693e-05	9.004453481556875e-09	1.3647906798438398e-08	0.0977256562000015	-0.0091528886000002	1
-0.0595782803458468	0.0140333323699852	0.5376832214653915	0.2070976172106944	0.0075870301308238	2.091864982315353e-05	4.3758935428976603e-10	5.756302620611792e-05	0.0006139475229217	-0.0034218765902806	1.1709239398495152e-05	3.7693156070518e-07	0.005238708319837	-0.0093180894369171	8.682679075457522e-05	2.744406486066e-05	-0.0006520008811649	0.0001339727674565	1.794870142894846e-08	4.2510514762072316e-07	0.0004469991915736	-4.645417050961395e-08	2.7340674462367463e-16	1.9980827881360666e-07	3.645677203998059e-06	0.0001204699473424	1.4513008245281868e-08	1.3289370124250876e-11	0.094335638200001	-0.0182681659999999	1
-0.0347478444818711	0.0106560166565974	0.8984512323279543	0.1318723360189432	0.016634528901537	0.0090474987707136	8.185723400716835e-05	0.0002767075517794	0.0005690918810471	-4.485564187467682e-05	2.012027935063776e-09	3.2386556914890577e-07	0.0015739246852957	-0.0036647836345408	1.3430639087852245e-05	2.477238915369077e-06	-0.0010309939482704	-0.0003789930671054	1.4363574526832366e-07	1.0629485202890469e-06	-0.0001010988646926	-0.0005480980562673	3.0041148349612404e-07	1.0220979476365378e-08	0.0001919477947551	0.0001883021175507	3.5457688107059385e-08	3.6843955151163125e-08	0.0908486840000005	-0.0273083754999997	1
-0.0178030328761534	0.0065259771210538	0.9897905575282095	-0.0551527434635937	0.0154707983148683	-0.0011637305866691	1.354268877512559e-06	0.0002393456005018	-0.0225383024129686	-0.0231073942940153	0.0005339516710589	0.0005079750756592	0.0009857512662065	-0.0005881734190894	3.459479707233782e-07	9.71705559278164e-07	-0.0008639801400115	0.0001670138082587	2.7893610740452472e-08	7.464616790544551e-07	-0.0001011651740428	-6.630934769250772e-08	1.880753024791632e-15	1.0234392283797253e-08	0.0003819561097316	0.0001900083149761	3.610316013971512e-08	1.4589047309779846e-07	0.0872683766000004	-0.0362363690999998	1
-0.0083171201716211	0.0034302321528257	0.6956747491662764	-0.2037497675614923	0.0104464869309902	-0.0050243113838794	2.524370488278963e-05	0.0001091290892	-0.0221646533112518	0.0003736491017175	1.396136508637183e-07	0.000491271856408	-0.0387316791640452	-0.0397174304302526	0.0015774742799843	0.0015001429708666	-0.0021240214802788	-0.0012600413402694	1.5877041856307152e-06	4.511467250531958e-06	0.0001572318175103	0.0002583969915548	6.676900506058244e-08	2.47218435575004e-08	0.0002521672938904	-0.0001297888158399	1.6845137049900925e-08	6.358834383596322e-08	0.0835983950000006	-0.0450154597	1
-0.0032092912177566	0.0016478336085696	0.3019182782103977	-0.1697295883452033	0.0076435999132392	-0.0028028870177515	7.856175632633693e-06	5.842461963355104e-05	-0.0221070384060499	5.7614905201937855e-05	3.3194768587475554e-09	0.0004887211470864	-0.0522144411425326	-0.0134827619784874	0.0001817848705694	0.0027263478638268	-0.0021520284041365	-2.800692385393392e-05	7.843857274204392e-10	4.631226254374416e-06	0.0003003070001669	0.0001430751826575	2.0470508040659733e-08	9.018429410936409e-08	0.0001798233055241	-7.234398836509012e-05	5.233652420241886e-09	3.233642125553876e-08	0.079842510500001	-0.0536095721000003	1
-0.0018893797091336	0.0003601160885097	0.0461347969804659	-0.0903014967803835	0.010554164231268	0.00291056431803	8.471384647735993e-06	0.0001113903826221	-0.054525825664047	-0.0324187872579961	0.001050977767279	0.0029730656643488	-0.0599796296777209	-0.0077651885351882	6.0298152987555e-05	0.0035975559762762	-0.0019830199974776	0.0001690084066596	2.8563840797185067e-08	3.932368310703694e-06	0.000537934837953	0.0002376278377875	5.6466988758689345e-08	2.8937389041610004e-07	6.603347445286728e-05	-0.000113789831071	1.2948125191414968e-08	4.360416277942848e-09	0.0760045824000009	-0.0619833913000006	1
0.0011501161829372	0.0009202633516782	-0.0718556838350776	-0.0336513058670374	-0.0086848538470144	-0.019239018078284	0.0003701398166213	7.542668634073273e-05	-0.0502679846980276	0.0042578409660208	1.812920969097496e-05	0.0025268702856027	-0.0359485695817415	0.0240310600959799	0.0005774918493365	0.0012922996549722	-0.0016150216280433	0.0003679983694342	1.354227997467849e-07	2.608294858456522e-06	0.0002768698290874	-0.0002610650088671	6.815493896737935e-08	7.665690333850944e-08	0.0001612237598933	9.519028543896336e-05	9.061189267005191e-09	2.5993100063174353e-08	0.072088554400001	-0.0701025074000008	1
-0.0020139804643172	0.0033193171564308	-0.1034725898258995	-0.0021949268175748	-0.0258284361256081	-0.0171435822785955	0.0002939024133471	0.0006671081126942	-0.0099774707926364	0.0402905139053909	0.0016233255107604	9.954992341668488e-05	-0.0113965188485352	0.0245520507332071	0.0006028031952055	0.0001298806418636	-0.0019080190297022	-0.000292997401657	8.584747688164984e-08	3.640536618408731e-06	0.0005379422321407	0.000261072403051	6.815880026736403e-08	2.893818453487995e-07	6.101326540199699e-05	-0.000100210494494	1.0042143882072569e-08	3.722619936583861e-09	0.068098450500001	-0.077933557300001	1
0.104179770331324	0.1162313829700354	-0.0915023314130745	0.0116566041112907	-0.0258586442979278	-3.020817231792084e-05	9.125317680601955e-10	0.0006686694849263	-0.0462913902082844	-0.0363139194156483	0.0013187007433252	0.0021428928074184	-0.0299279105398683	-0.0185313916913337	0.0003434124780181	0.0008956798292808	-0.0018990242108198	8.994818881224047e-06	8.090740684405812e-11	3.606292953510355e-06	0.0005379308089608	-1.1423181859304032e-08	-9.91030171244653e-16	2.893695548930263e-07	7.301070000723097e-05	1.1997434603631307e-05	1.4393903507506865e-10	5.3305638755271906e-09	0.0640383710000008	-0.085444361500001	1
0.4651397781914947	0.2082575645430918	-0.0642643583855607	0.0142723204548778	-0.0258874571533035	-2.8812855375909407e-05	8.30178840411051e-10	0.0006701604378644	-0.0101396629614514	0.036151727246833	0.0013069473829289	0.0001028127649713	-0.0497089156893796	-0.0197810051495118	0.0003912881647253	0.0024709762990127	-0.0018450116853866	5.4012525433839854e-05	2.9173529959720955e-09	3.4040681197017e-06	0.0003369580481625	-0.000200972760799	4.0390051605894426e-08	1.1354072561946485e-07	4.58108939323586e-05	-2.719980607553096e-05	7.398302537796521e-10	2.098639458783469e-09	0.0599124876000005	-0.0926040565000009	1
0.8492152643012024	0.151897574958633	-0.0383598110852658	0.0113351799169851	-0.0259361507281856	-4.869357488306045e-05	2.371064352033225e-09	0.0006726839145958	-0.002021183396167	0.008118479565283	6.590971045068397e-05	4.085182320406334e-06	-0.1030901972453095	-0.0533812815559313	0.0028495612205556	0.0106275887680762	-0.0017739890811057	7.102260427992564e-05	5.044208878708456e-09	3.1470372601452176e-06	0.0003810546293576	4.40965811949433e-05	1.944508185932852e-09	1.452026316331806e-07	-6.116197179092e-05	-0.0001069728657203	1.1443193875646646e-08	3.740787260416359e-09	0.0557250401000004	-0.0993832215000008	1
1.0031238049533584	-0.0176877212167106	-0.0200848487068405	0.0071656842101218	-0.0259521865125696	-1.6035784384049674e-05	2.5714563318241146e-10	0.0006735159847824	-0.01411252972298	-0.0120913463268128	0.0001462006559938	0.0001991634951818	-0.1345565989332041	-0.0314664016878952	0.0009901344351842	0.0181054783164713	-0.0016220072148623	0.0001519818662441	2.3098487440082813e-08	2.630907405564248e-06	0.0002789414543134	-0.000102113175044	1.0427100910362441e-08	7.780833640165736e-08	7.272614874055867e-05	0.0001338881205344	1.7926028411980342e-08	5.289094263602784e-09	0.0514803314000003	-0.1057539996000007	1
0.7641541636313329	-0.1928007984022352	-0.0094222082744951	0.0038538729866953	-0.0259463405552229	5.845957346108538e-06	3.417395061081274e-11	0.0006732125882067	0.0366553005235349	0.0507678302465141	0.0025773725879394	0.0013436110564687	-0.1280438573376118	0.0065127415955933	4.241580309021311e-05	0.0163952294018942	-0.0015519792493185	7.00279655462614e-05	4.903915969582844e-09	2.408639590789513e-06	0.000291107537284	1.2166082970042676e-05	1.4801372474524048e-10	8.474359983039953e-08	-0.0001387739937266	-0.0002115001424678	4.4732312023477775e-08	1.9258220976172e-08	0.0471827231000007	-0.1116902118000009	1
0.3621649709054184	-0.1827538943906265	-0.0040165752844259	0.0018244654241941	-0.0319678540313943	-0.0060215134761713	3.625862454322409e-05	0.0010219436913726	-0.0333916746433412	-0.0700469751668766	0.0049065787300308	0.0011150039354879	-0.1371835815475565	-0.0091397242099446	8.353455863357847e-05	0.018819335046215	-0.0010599987223563	0.0004919805269606	2.420448402447094e-07	1.1235972897894465e-06	-1.0041866630981974e-05	-0.0003011494039158	9.069096507305412e-08	1.0083851966430256e-10	7.899467726329752e-05	0.0002177686709914	4.7423194550350594e-08	6.240160854625308e-09	0.0428366314000009	-0.1171674649000014	1
0.0783420748418967	-0.1033164536905785	-0.0015044850560037	0.0007380540376577	-0.0333972134907454	-0.0014293594593511	2.0430684629253468e-06	0.0011153738689477	0.0168261189684949	0.0502177936118371	0.0025218267952413	0.0002831182795404	-0.1362390065089116	0.0009445750386455	8.92222003634901e-07	0.018561066894536	-0.0014189992086584	-0.0003590004863023	1.2888134934914017e-07	2.0135587535897643e-06	0.0001510472722815	0.0001610891389136	2.5949710647279832e-08	2.2815275717874003e-08	-6.689275365304183e-05	-0.0001458874309184	2.128314329986607e-08	4.4746402627424285e-09	0.0384465222000011	-0.1221632519000016	1
-0.0580297728512343	-0.0398702079428659	-0.0004628202680253	0.0002401967226917	-0.025999029335751	0.0073981841549954	5.4733128790960656e-05	0.0006759495263999	0.0166607417703098	-0.0001653771981866	2.7349615879879856e-08	0.0002775803163366	-0.1445514009833986	-0.0083123944744866	6.909590189950351e-05	0.0208951075262649	-0.0012289950732189	0.000190004135439	3.6101571239920335e-08	1.5104288900468582e-06	0.0002370445900683	8.599731778668e-05	7.3955378590004435e-09	5.6190137865479455e-08	-7.285430197748679e-05	-5.96154832352186e-06	3.553932874029628e-11	5.3077500394669915e-09	0.0340169066000013	-0.1266570438000021	1
-0.104498870369412	-0.0079042608341022	-7.040934104118091e-05	3.8656262833721256e-05	-0.0353219892349598	-0.0093229598992097	8.691758128376978e-05	0.0012476429235168	-0.0077202934145927	-0.0243810351849022	0.000594434876686	5.960293040749954e-05	-0.1396257825105592	0.0049256184728399	2.426171733954973e-05	0.0194953591416873	-0.0010500025400914	0.0001789925331252	3.203832675170421e-08	1.1025053331352756e-06	-9.930673465893956e-06	-0.0002469752635344	6.099678087073974e-08	9.861572387902328e-11	-0.0001320050560443	-5.915075406665393e-05	3.498810573838856e-09	1.7425333347448732e-08	0.0295523363000011	-0.130630374700002	1
-0.0272839875283919	0.1009033885897255	4.187476960013735e-06	-4.085138780856432e-06	-0.0202453578557567	0.0150766313792053	0.0002273048137471	0.0004098745147064	0.0404671473514084	0.048187440766001	0.0023220294475762	0.00163759001476	-0.1250742703022663	0.0145515122082938	0.0002117465075471	0.0156435730916455	-0.0013229865384753	-0.000272983998383	7.452026334053421e-08	1.7502933820894769e-06	0.0002290944889309	0.0002390251623987	5.7133027562857984e-08	5.248428542159146e-08	-0.0001428485386313	-1.0843482588961174e-05	1.1758112228207429e-10	2.0405705099126588e-08	0.0250573990000011	-0.1340669174000023	1
0.3257388646136904	0.2191856663064756	1.426982706912181e-06	4.455505529499602e-06	-0.0206017193033855	-0.0003563614476289	1.2699348077787726e-07	0.0004244308382542	-0.0162991363308711	-0.0567662836822804	0.0032224109630974	0.0002656618451331	-0.1249968592988201	7.741100344570858e-05	5.992461966735474e-09	0.0156242148345703	-0.0011359902972452	0.0001869962412276	3.496759435184265e-08	1.29047395598892e-06	0.0001760598265483	-5.303466238168952e-05	2.8126752193146243e-09	3.0997064885950257e-08	-0.0001049000160002	3.7948522632249845e-05	1.4400897049265482e-09	1.1004013217493096e-08	0.0205367135000006	-0.136952550400002	1
0.7528544951658589	0.1804565613723905	-7.877664177827278e-06	-1.0661954832918464e-05	-0.028283009027092	-0.0076812897237082	5.900221181871594e-05	0.0007999285996294	0.0742774395478589	0.0905765758787298	0.008204116097918	0.0055171380257847	-0.039219174760938	0.0857776845378842	0.0073578111646792	0.0015381436689261	-0.0014369627331398	-0.0003009724358938	9.058440734262246e-08	2.0648618968850725e-06	0.0003261681714676	0.0001501083449186	2.2532514383844784e-08	1.0638567764824043e-07	-0.0002342656340309	-0.0001293656180323	1.6735460849299027e-08	5.488038729334607e-08	0.0159949252000003	-0.1392754160000019	1
0.9809782755423612	0.0259476932009127	2.1357107369199885e-05	3.0413852773239592e-05	-0.0371205693992214	-0.0088375603721286	7.810247333084099e-05	0.0013779366725219	-0.0106286660616776	-0.0849061056095361	0.007209046769777	0.0001129685422507	0.1910951941661988	0.2303143689271392	0.0530447085343098	0.036517373233419	-0.0007401429316461	0.000696819801494	4.855578357120865e-07	5.478115591079606e-07	-0.0002691087268764	-0.000595276898344	3.543545858768652e-07	7.24195066643061e-08	-0.0010565984820886	-0.0008223328480554	6.762313134938165e-07	1.1164003523460551e-06	0.0114367008999992	-0.1410259691000008	1
0.8154244048021695	-0.1711108962747228	-5.3075866096985786e-05	-8.757070105167666e-05	-0.0373051795558738	-0.0001846101566518	3.40809101587532e-08	0.001391676421696	-0.0039787607156836	0.0066499053459961	4.4221241110499536e-05	1.583053683321107e-05	0.1542807416024394	-0.0368144525637631	0.0013553039175651	0.0238025472294035	-0.0008981103501898	-0.0001579674185427	2.4953706071734362e-08	8.066022009716382e-07	-0.0002801476875101	-1.1038960634071825e-05	1.2185867682512935e-10	7.848272626294878e-08	-0.0007841258193322	0.0002724726627547	7.424135219241182e-08	6.148532996054642e-07	0.0068667246999992	-0.1421970161000012	1
0.4197089258357941	-0.1920261981533323	0.0001275353578711	0.0002488255152244	-0.0288416450984961	0.0084635344573769	7.163141551235624e-05	0.0008318404919874	0.072576021573882	0.0765547822895639	0.0058606346914054	0.0052672789074929	0.0820577822442939	-0.072222959358147	0.0052161558584505	0.006733479626852	-0.0015510370826527	-0.0006529267324628	4.2631331785831386e-07	2.405716032344848e-06	-8.688030868109771e-05	0.0001932673788296	3.735227966417578e-08	7.548188054539771e-09	-0.0007990675697099	-1.494175037772678e-05	2.2325443982575307e-10	6.385089814260962e-07	0.0022896925000002	-0.1427837452000019	1
0.1129552088907699	-0.1146063613802586	-0.0002869481044792	-0.000679947792245	-0.0255532358682735	0.0032884092302228	1.0813635265495418e-05	0.0006529678633399	0.0072003363897303	-0.0653756851841539	0.0042739802132986	5.18448441254072e-05	0.0288976882922621	-0.0531600939520328	0.0028259955889906	0.0008350763886347	-0.0014800147825265	7.102230012688078e-05	5.044165679927065e-09	2.1904437562523126e-06	-2.984581992550268e-05	5.703448875597232e-05	3.252931861570488e-09	8.907732656702288e-10	-0.0008840222531085	-8.495468339756274e-05	7.217298144304667e-09	7.814953437449525e-07	-0.0022896924999995	-0.1427837452000022	1
-0.044822578073963	-0.0494092086129655	0.0006025644251273	0.0017396540875668	-0.0236730220602516	0.001880213808022	3.535203962425762e-06	0.0005604119734649	0.0354628628522427	0.0282625264625125	0.0007987704020431	0.0012576146416764	0.0206124138234081	-0.0082852744688539	6.864577302409628e-05	0.0004248716036261	-0.0014420938190031	3.7920963524223294e-05	1.4379992310026243e-09	2.0796345828325875e-06	-0.0001682379565312	-0.0001383921366056	1.9152384096883342e-08	2.8304009583231722e-08	-0.0010566188342164	-0.0001725965811088	2.9789581381609442e-08	1.116443359872173e-06	-0.0068667246999995	-0.1421970161000023	1
-0.0995667462328311	-0.0103687837243542	-0.0014634135181842	-0.003770622117748	-0.0222117092919946	0.0014613127682565	2.135435005150061e-06	0.0004933600296717	0.0482376176168932	0.0127747547646484	0.000163194359295	0.0023268677533535	0.0178824043665394	-0.0027300094568687	7.452951634102572e-06	0.0003197803859272	-0.001579574258886	-0.000137480439883	1.890087097693516e-08	2.495054840640464e-06	-0.0001356657518636	3.257220466678598e-05	1.0609490217810052e-09	1.8405195851628512e-08	-0.001056604873276	1.3960942386531142e-08	2.7718234604685113e-16	1.116413857944012e-06	-0.0114367008999993	-0.1410259691000026	1
-0.0984066479815087	0.0085295816554333	0.040431600063122	0.0661453290917058	-0.0310510402015902	-0.0088393309095965	7.813377093027819e-05	0.0009641670976032	0.0193995353311904	-0.0288380822857034	0.0008316349899155	0.0003763419710658	0.0319588326950264	0.0140764283284872	0.0001981458344855	0.0010213669872276	-0.00109208612885	0.0004874881300358	2.3764467815423766e-07	1.192652111315486e-06	-0.0001649230307526	-2.925727888927958e-05	8.55987870890764e-10	2.7199604641564507e-08	-0.0010565879125651	1.6960710685889752e-08	-3.9417830989323e-16	1.1163780164973637e-06	-0.0159949251999996	-0.1392754160000024	1
-0.0739035441906132	0.0143057734195674	0.3264663482046755	0.1963105346219955	-0.0204099446700781	0.0106410955315129	0.0001132329141119	0.0004165658414349	0.0723444516980889	0.0529449163668978	0.0028031641690976	0.0052337196914982	0.0313928302672802	-0.0005660024277458	3.203587471562152e-07	0.0009855097921899	-0.0010550244892254	3.706163962537247e-05	1.3735645512228231e-09	1.1130766730131184e-06	-4.394270319016429e-05	0.0001209803275628	1.4636239191556873e-08	1.930961033552145e-09	-0.0010565219245574	6.598800632500792e-08	4.942344602135051e-15	1.1162385774693309e-06	-0.0205367134999998	-0.1369525504000023	1
-0.0463907423219767	0.0126407749145062	0.7359707992531971	0.1823904104986966	-0.0205594838483025	-0.0001495391782245	2.2361965932945945e-08	0.0004226923761071	0.0190190455376625	-0.053325406160428	0.0028435989421746	0.0003617240931639	0.036060687932882	0.0046678576656021	2.178889518443839e-05	0.0013003732141924	-0.0012240770425592	-0.0001690525533345	2.8578765919462025e-08	1.4983646071565948e-06	-0.0001453536747675	-0.0001014109715775	1.028418513574471e-08	2.112769146772388e-08	-0.0010565898023826	-6.787782522475525e-08	5.19531296320147e-15	1.1163820102260608e-06	-0.0250573990000005	-0.1340669174000016	1
-0.0253234904654959	0.0085451241814959	0.9923472920405344	0.051956643463208	-0.0202259700586189	0.0003335137896835	1.1123144801510365e-07	0.0004090898648111	0.0190957104952652	7.666495760335563e-05	5.877514264139676e-09	0.0003646461593188	0.008042401278587	-0.0280182866542957	0.0007850243870431	6.468021832523331e-05	-0.001354041487534	-0.000129964444977	1.6890755526502353e-08	1.8334283497422108e-06	-7.078455653610352e-05	7.456911823309855e-05	5.560553118759339e-09	5.010452750047325e-09	-0.0010565443310748	4.547130714807774e-08	2.7669157874194123e-15	1.116285921880182e-06	-0.0295523363000009	-0.1306303747000012	1
-0.0123026223520281	0.0048272256437402	0.8815894093155996	-0.1519466411892016	-0.0218040772617637	-0.0015781072031445	2.4904223441201576e-06	0.0004754177852365	0.0031204607378613	-0.0159752497574035	0.0002552086048099	9.737275216578695e-06	0.0111405947541104	0.003098193475523	9.598802811169853e-06	0.0001241128514746	-0.0010770034550481	0.0002770380324861	7.675007139116143e-08	1.1599364407175025e-06	9.742613288741277e-08	7.088198266895629e-05	5.024255128643514e-09	8.71259927539942e-15	-0.0011089994238706	-5.245509279654218e-05	2.7515366454806234e-09	1.2298797207222472e-06	-0.034016906600001	-0.1266570438000011	1
-0.0054174774620545	0.0023838431271497	0.490306087607275	-0.2024328575116292	-0.0123715127538729	0.0094325645078912	8.897327319610887e-05	0.0001530543278192	0.0446760599772932	0.0415555992394321	0.0017268678281478	0.0019959503350941	-0.0054740015494794	-0.0166145963035908	0.000276044810332	2.9964692962917903e-05	-0.0003278662838024	0.000749137171246	5.612065026021641e-07	1.0749629916897326e-07	0.0002531734725798	0.0002530760464473	6.404748613442055e-08	6.409680871628109e-08	-0.0010559582815029	5.304114236841613e-05	2.813361941994937e-09	1.115047891071042e-06	-0.0384465222000003	-0.1221632519000018	1
-0.0021350355706271	0.0010237931581829	0.1549166733193723	-0.1293615965271405	-0.0179609657127888	-0.0055894529589153	3.1241984380590205e-05	0.0003225962893357	-0.0418783043037096	-0.0865543642810011	0.0074916579760918	0.0017537923713561	-0.0054179317925922	5.606975688709235e-05	3.143816861085761e-09	2.9353984907900576e-05	-0.0004329733648312	-0.0001051070810302	1.1047498008081829e-08	1.8746593485644898e-07	4.425827884881837e-05	-0.0002089151937312	4.364555838164254e-08	1.9587952620107548e-09	-0.0011919893063229	-0.0001360310248197	1.850443915247691e-08	1.420838504578735e-06	-0.0428366314000004	-0.1171674649000017	1
-0.0007102777735486	0.0003626380462868	-0.0264196555337667	-0.0573287228484162	-0.0124275282154825	0.0055334374973068	3.061893053504755e-05	0.0001544434575467	0.0280199199240616	0.0698982242277734	0.0048857617501982	0.000785115912549	-0.005529854629841	-0.0001119228372484	1.2526721663120251e-08	3.057929222628848e-05	-0.0008768497483908	-0.0004438763835584	1.970262438299844e-07	7.68865481344685e-07	0.0002849631515808	0.0002407048727337	5.793883700391481e-08	8.120399832146828e-08	-0.0010558758080525	0.000136113498271	1.8526884835648696e-08	1.1148737194408533e-06	-0.0471827231000003	-0.1116902118000016	1
-0.0001591389293386	8.505275382848517e-05	-0.095410353410023	-0.018908737653331	-0.0145726219609089	-0.0021450937454255	4.601427176873023e-06	0.0002123613108159	-0.0266363420242344	-0.0546562619482958	0.0029873069701612	0.000709494716433	-0.0054067909161182	0.0001230637137225	1.514467730191679e-08	2.923338800928712e-05	-0.0002467741749065	0.0006300755734836	3.969952298448961e-07	6.089749276926928e-08	0.0003066821834792	2.1719031897614863e-05	4.717161090156521e-10	9.405396264059377e-08	-0.001475963646848	-0.0004200878387976	1.7647379865028589e-07	2.178468688540951e-06	-0.0514803314000004	-0.1057539996000017	1
2.009771745474574e-06	-1.0405488734163472e-06	-0.0805518220335251	0.0501071287604568	-0.0123507504611523	0.0022218714997572	4.936712960211745e-06	0.0001525410369539	0.0153806560430622	0.0420169980672985	0.0017654281265871	0.0002365645803136	0.0049919781255461	0.010398769041665	0.0001081343975814	2.491984560501008e-05	-0.0007437737123407	-0.0004969995374344	2.470085410173118e-07	5.531993358246326e-07	0.0003070489594999	3.667760203062642e-07	1.3498953274735644e-13	9.427906380111764e-08	-0.0014758850943873	7.855246165221757e-08	4.520848522290186e-15	2.178236813208497e-06	-0.0557250401000004	-0.0993832215000014	1
-1.6671316037820391e-06	8.933617196660828e-07	0.1812119928470253	0.1959824080324906	-0.0144898675962396	-0.0021391171350867	4.575822117613442e-06	0.0002099562629567	-0.0225408859778773	-0.0379215420209389	0.0014380433492454	0.0005080915406683	-0.00539139995201	-0.0103833780775562	0.0001078145403017	2.906719344145116e-05	-0.0004792738069969	0.0002644999053427	6.99601992231387e-08	2.297033817860045e-07	0.0003068534600075	-1.9549949197337435e-07	3.8442171340866726e-14	9.415904574451302e-08	-0.0014759283362383	-4.3241850664995696e-08	2.96923606450304e-16	2.178364455041436e-06	-0.0599124876000008	-0.0926040565000011	1
6.350120883405936e-07	-3.3815458997326464e-07	0.6199046878358604	0.2070930661063511	-0.0123949062061543	0.002094961390086	4.388863225755574e-06	0.0001536336998589	0.0088764154327075	0.031417301410586	0.000987046827923	7.879075093314361e-05	-0.0054610719819763	-6.967202996552308e-05	4.8541918467143906e-09	2.982330719178532e-05	-0.0009537745248681	-0.000474500717871	2.251509316850921e-07	9.096858445691288e-07	0.000307703421486	8.49961478729462e-07	7.225188275395626e-13	9.46813950689777e-08	-0.001475853412501	7.492373699148539e-08	5.1139568721195846e-15	2.178143296114805e-06	-0.0640383710000014	-0.0854443615000005	1
-2.0657834794665625e-07	1.0541712444288893e-07	0.9410871079722484	0.092525278330482	-0.0123471127769085	4.77934292473201e-05	2.2842115103621238e-09	0.0001524511939245	-0.026420751409051	-0.0352971668417579	0.0012458899870543	0.00069805610502	0.0184208731660721	0.0238819451480491	0.000570347304053	0.0003393285682002	-0.0006022735105668	0.0003515010143014	1.235529635309131e-07	3.6273338078731453e-07	0.0003069442025659	-7.592189201672861e-07	5.761104775594113e-13	9.421474284514785e-08	-0.0014759095665823	-5.615408268492264e-08	1.3073349455180365e-15	2.1783090497455924e-06	-0.068098450500002	-0.0779335573	1
6.22256745692833e-08	-2.171021176789247e-08	0.9156988367176288	-0.116846080410527	-0.0123469444320112	1.6834489729324308e-07	2.7981589706470643e-14	0.0001524470368063	0.0111010321265026	0.0375217835355548	0.0014078842396889	0.0001232329142724	0.0184283634627824	7.490296709949038e-06	5.610427675212224e-11	0.0003396045799166	-0.0006312737869182	-2.900027635169891e-05	8.410145597777942e-10	3.985065937253031e-07	0.0003069659364045	2.1733837573500613e-08	1.0209258309125582e-15	9.42280859196992e-08	-0.001475904303235	5.263346952586074e-09	-1.3755711727534058e-15	2.1782935142076696e-06	-0.0720885544000018	-0.0701025074	1
-2.1396754320928876e-08	-1.7072440297170932e-08	0.5543456757170263	-0.2050014921424116	-0.0031597439587038	0.0091872004733077	8.440465253815693e-05	9.983981885124411e-06	0.0484281461160807	0.0373271139895769	0.0013933134387905	0.0023452853362396	0.0091888201342632	-0.0092395433285195	8.536916091957792e-05	8.443441545995788e-05	-0.0011922754387196	-0.0005610016518011	3.147228537297967e-07	1.4215207228662043e-06	0.0003078798801381	9.139437321372148e-07	8.345951104699862e-13	9.479002168550416e-08	-0.001475821475222	8.28280154946499e-08	5.544792687929709e-15	2.1780490291112747e-06	-0.0760045824000011	-0.0619833913000006	1
1.3867774440853185e-08	6.434102827100904e-08	0.1987199742132406	-0.1421094204571891	-0.0123815881689494	-0.0092218442102466	8.504241063859289e-05	0.000153303725585	0.006776417492801	-0.0416517286232797	0.0017348664973073	4.591983403565073e-05	0.0183501432205457	0.0091613230862822	8.392984069034857e-05	0.0003367277562141	-0.0008208297306675	0.0003714457080519	1.3797191372444906e-07	6.737614469143347e-07	0.0003069573790417	-9.225010958822064e-07	8.506238789915898e-13	9.4222834295721e-08	-0.001114876884495	0.0003609445907299	1.30281001862965e-07	1.2429504662910912e-06	-0.0798425105000008	-0.0536095721000008	1
-1.4756809973815621e-08	-1.7091640023057498e-07	-0.0061288479688512	-0.0675838427238589	-0.0123077187254381	7.386944351150478e-05	5.4566935918431484e-09	0.0001514799402242	0.036612021127879	0.0298356036350793	0.0008901632442688	0.0013404400910668	0.0160911901245779	-0.0022589530959678	5.102869089562888e-06	0.0002589263996249	-0.001092750182436	-0.0002719204517686	7.394073190647784e-08	1.194102961633908e-06	0.000442118406081	0.0001351610270396	1.8268503506384572e-08	1.9546868681314998e-07	-0.0011302571668361	-1.5380282342734863e-05	2.3655240284769376e-10	1.277481262334666e-06	-0.0835983950000007	-0.0450154597000008	1
1.6472703213305111e-09	4.362834693559693e-07	-0.0884775738184633	-0.0231214421529712	-0.0174177270789787	-0.0051100083535413	2.611218537361742e-05	0.000303377216598	0.0297812033978878	-0.0068308177299917	4.6660070859080726e-05	0.0008869200758249	-0.0115757354179061	-0.0276669255424846	0.0007654587689747	0.0001339976504643	-0.001518818193987	-0.0004260680115522	1.8153395032960825e-07	2.306808707973928e-06	0.0003078939291414	-0.0001342244769407	1.8016210426148957e-08	9.479867187270269e-08	-0.0011777683275986	-4.7511160760629465e-05	2.257309994067865e-09	1.3871382330471108e-06	-0.0872683766000006	-0.0362363691000008	1
9.300347948806989e-08	-1.0948127851963365e-06	-0.0948369868838449	0.0296185905753496	-0.0125419063187026	0.0048758207602775	2.3773628084988012e-05	0.0001572994141072	0.036551244346355	0.0067700409484675	4.583345444232952e-05	0.0013359934632658	0.0068932117294487	0.0184689471473556	0.0003411020087309	4.75163679461984e-05	-0.0010017798378322	0.0005170383561576	2.673286635253223e-07	1.0035628428059443e-06	0.0003690980446307	6.120411548996528e-05	3.745943203174572e-09	1.3623336738856658e-07	-0.0011938161649411	-1.6047837343920476e-05	2.57531930558672e-10	1.4251970358426174e-06	-0.0908486840000007	-0.0273083755000006	1
-5.048261086749384e-07	2.697499804060006e-06	0.117196354777148	0.1766842337608895	-0.012372685333702	0.0001692209850008	2.8635741411300842e-08	0.0001530833423664	0.0146703821499996	-0.021880862196355	0.0004787721304549	0.0002152201124258	-0.0150243539980789	-0.0219175657275278	0.0004803796874214	0.0002257312130587	-0.0010439001007009	-4.212026287050993e-05	1.774115779113263e-09	1.089727420370603e-06	0.0001711178926901	-0.00019798015194	3.9196140895705976e-08	2.9281332717829522e-08	-0.0011839117023283	9.904462613048363e-06	9.809798616041156e-11	1.401646917862576e-06	-0.0943356382000011	-0.0182681660000003	1
2.0134229183165104e-06	-6.5016819377282204e-06	0.548372637365063	0.2159151968917018	-0.0147752871386758	-0.0024026018049751	5.772495433490806e-06	0.0002183091100298	0.0724118834265258	0.0577415012765255	0.003334080969668	0.0052434808613763	-0.0330593900606648	-0.0180350360625856	0.0003252625257796	0.0010929232711831	-0.0013828146170022	-0.0003389145162998	1.1486304795414265e-07	1.9121762658512985e-06	0.0003078333496658	0.000136715456976	1.8691117019245518e-08	9.476137043609629e-08	-0.0012042904285321	-2.0378726201777485e-05	4.1529306108906016e-10	1.4503154366527092e-06	-0.0977256562000012	-0.0091528885999998	1
-7.042471217431031e-06	1.5242574754975947e-05	0.9055961335352294	0.1199365861382953	-0.0123631249143021	0.0024121622243749	5.8185265970425855e-06	0.000152846857646	0.0101444449801979	-0.0622674384463284	0.0038772338906686	0.0001029097639553	-0.0410843098115388	-0.0080249197508736	6.439933700806546e-05	0.0016879205126902	-0.0008648300843357	0.0005179845326681	2.683079767225496e-07	7.479310738607508e-07	0.0003069797624893	-8.535871763047034e-07	7.273630369824155e-13	9.4236574517237e-08	-0.0011108690790841	9.342134944715911e-05	8.727549090644469e-09	1.2340301101311115e-06	-0.1010152545000019	7.156414735994448e-16	1
2.287520266402227e-05	-3.452618748946107e-05	0.9500366731128616	-0.0831106265627971	-0.0124743119929749	-0.0001111870786736	1.2362566027791338e-08	0.000155608459697	0.0818059359588979	0.0716614909787	0.0051353692892923	0.0066922111581111	-0.0260316606771061	0.015052649134433	0.0002265822459638	0.0006776473576083	-0.0011058174375612	-0.0002409873532247	5.807490345576905e-08	1.2228322054352415e-06	0.000307156057322	1.7629483151279838e-07	3.086279667417211e-14	9.434484311730992e-08	-0.0011858300197205	-7.496094063652447e-05	5.619142744488361e-09	1.4061928359720484e-06	-0.1042010527000017	0.0091528886000007	1
-7.121268799855188e-05	7.443239925185293e-05	0.622847374318001	-0.2052497910712105	-0.0062327053152697	0.0062416066777061	3.895765391870391e-05	3.8846615546191526e-05	0.0576410495792186	-0.0241648863796809	0.0005839417337413	0.0033224905965935	-0.0099675143132599	0.0160641463638463	0.0002580567983981	9.935134158478294e-05	-0.0010560464941525	4.977094340834883e-05	2.477146920929898e-09	1.1152341985832964e-06	-9.59627296663916e-05	-0.0004031187869906	1.625047591904399e-07	9.208845660487076e-09	-0.0010170491225669	0.0001687808971536	2.848699137744757e-08	1.0343889167819328e-06	-0.1072797774000013	0.0182681660000002	1
0.0002163679405735	-0.0001449374431944	0.2476293799916057	-0.1554015119865847	-0.0124295093749966	-0.0061968040597277	3.840038055501176e-05	0.0001544927033023	0.046192388994143	-0.0114486605850749	0.0001310718291908	0.0021337368009847	-0.0006327163860427	0.009334797927217	8.713845234139685e-05	4.003300250098663e-07	-0.0012350557371867	-0.0001790092430348	3.204430854700387e-08	1.5253626738777257e-06	-9.578247720530762e-05	1.8025246299564533e-07	3.2025713478996675e-14	9.174282206251041e-09	-0.0011620600759635	-0.0001450109533978	2.1028176909455687e-08	1.3503836204641951e-06	-0.1102482648000012	0.0273083755000002	1
-0.0006162594133468	0.0002463442989533	0.0184782264922377	-0.0789786815157043	-7.835677591463173e-05	0.0123511525990826	0.0001525509705278	6.139785389909382e-09	0.0982683283890124	0.0520759393948686	0.0027119034638581	0.0096566643643725	-0.0186532889128297	-0.0180205725267874	0.0003247410341938	0.0003479451872656	-0.0015419710673072	-0.0003069153301195	9.419701865254649e-08	2.3776747736465936e-06	5.186526653475161e-05	0.0001476477437403	2.1799854784220742e-08	2.690004478593181e-09	-0.0011219589701481	4.010110581796439e-05	1.608098286482021e-09	1.2587919304609304e-06	-0.1131034646000007	0.0362363690999999	1
0.0014851702999341	-0.0006070550630143	-0.0816198548842603	-0.0270003226079738	-0.0080524980128721	-0.0079741412369588	6.358692846755316e-05	6.48427242472049e-05	0.0627920469135587	-0.0354762814754551	0.0012585665473249	0.0039428411555935	-0.0008764720162651	0.0177768168965649	0.0003160152189729	7.682031950118813e-07	-0.0007449682198135	0.0007970028474953	6.352135417164167e-07	5.549776476557582e-07	5.692133455892179e-05	5.056068024067593e-06	2.5563476758125798e-11	3.2400391475629692e-09	-0.0011299755039034	-8.016533755421584e-06	6.426304055335793e-11	1.27684464025431e-06	-0.1158424431000006	0.0450154596999999	1
0.0009519814254129	0.0122304924434294	-0.1036190297328431	0.0009846603770416	-0.0072512267124118	0.0008012713004598	6.4203569680684e-07	5.258028883459176e-05	0.0962205151364674	0.0334284682229088	0.0011174624877288	0.0092583875331286	-0.0119685047054638	-0.011092032689199	0.0001230331891785	0.0001432451048847	-0.0008720654961743	-0.0001270972763617	1.6153716563410135e-08	7.604982296578687e-07	-9.591094617803064e-05	-0.000152832280738	2.3357706564127568e-08	9.198909035473296e-09	-0.0013500397991707	-0.0002200642952685	4.8428295037663446e-08	1.822607462316874e-06	-0.1184623855000005	0.0536095720999999	1
0.1480066052684973	0.1406523913625726	-0.0876409177180715	0.0126708566404684	-0.0117613811288916	-0.0045101544164801	2.034149286061455e-05	0.0001383300860593	0.0355323119668325	-0.060688203169635	0.0036830580039599	0.0012625451937066	-0.0116885715527808	0.0002799331526829	7.836256902047748e-08	0.0001366227049443	-0.0009495556258559	-7.749012968058993e-05	6.004719366601379e-09	9.016558867917336e-07	-9.595866931350506e-05	-4.772313428891993e-08	2.0636434504971377e-15	9.208065328649668e-09	-0.0011410465485462	0.0002089932506253	4.3678180053174995e-08	1.301987227205731e-06	-0.1209605999000012	0.0619833913000004	1
0.5342835015568416	0.2071561286552357	-0.0598078370883862	0.014039680280604	-0.0118495732232866	-8.819209439631623e-05	7.777845100482743e-09	0.0001404123855742	0.1060379659769253	0.0705056540100928	0.0049710472473925	0.0112440502285252	-0.0301377895776149	-0.0184492180248351	0.0003403736457275	0.0009082863606251	-0.0014450501819557	-0.0004954945561001	2.45514855197655e-07	2.088170029424273e-06	-9.574378741621644e-05	2.148818974700576e-07	4.653076291650509e-14	9.166871636773397e-09	-0.0010465666836368	9.447986491068637e-05	8.9264451779224e-09	1.0953018237557809e-06	-0.1233345191000012	0.0701025074000006	1
0.8963284279931141	0.132753702626433	-0.0349060732963982	0.0106787780026488	-0.0140231920896238	-0.0021736188663378	4.724618976995059e-06	0.0001966499163836	0.0732750574825061	-0.032762908494421	0.0010734081730125	0.005369234049064	-0.0370725563905408	-0.0069347668129261	4.809099074854596e-05	0.001374374437329	-0.0010249904587078	0.0004200597232489	1.7645017177268368e-07	1.050605439483699e-06	1.907014028613381e-05	0.0001148139277021	1.3182238257501214e-08	3.636707946846364e-10	-0.0011129924800697	-6.642579643405783e-05	4.412385866309012e-09	1.2387522626749088e-06	-0.1255817037000016	0.0779335573000009	1
0.9907281179357966	-0.0535821547833053	-0.0179388171696317	0.0065578498057974	-0.0118816062975072	0.0021415857921172	4.586389704305273e-06	0.0001411725682093	0.0783567588754583	0.005081701392953	2.582368904531468e-05	0.0061397816614664	-0.0292182330644195	0.0078543233261213	6.169039491030781e-05	0.000853705143405	-0.0008520476090613	0.0001729428496459	2.990922998509862e-08	7.259851274604795e-07	-9.658202865583114e-05	-0.0001156521689418	1.337542351696328e-08	9.328088482175662e-09	-0.0009810410463779	0.0001319514336905	1.7411180664384805e-08	9.62441534220452e-07	-0.1276998446000018	0.0854443615000013	1
0.6988846305102172	-0.2034823618065676	-0.0082861463228532	0.0034522932320724	-0.0118968933687571	-1.528707124991526e-05	2.3369350841256624e-10	0.0001415360718272	0.0781635169219474	-0.0001932419535105	3.73424508809873e-08	0.0061095353776071	-0.0292295253777794	-1.1292313359961732e-05	1.275164781652134e-10	0.0008543651538083	-0.0003455683583021	0.0005064792507586	2.565212327476574e-07	1.1941748941140953e-07	-0.0001568493848767	-6.026735622078141e-05	3.6321530534879603e-09	2.4601729505665233e-08	-0.0008730273845882	0.0001080136617885	1.1666950619041293e-08	7.621768132465495e-07	-0.1296867653000014	0.0926040565000013	1
0.304895729694756	-0.170369050194169	-0.0034746724546454	0.0016004810019703	-0.0151723281368141	-0.0032754347680574	1.0728472919700962e-05	0.000230199541091	0.0784478820112187	0.0002843650892714	8.086350212539085e-08	0.0061540701920458	-0.03219681728622	-0.0029672919084403	8.80482127048701e-06	0.0010366350433609	-0.0005814219383204	-0.0002358535800202	5.562691079030745e-08	3.380514698046873e-07	0.000189740446593	0.00034658983147	1.2012451309377261e-07	3.6001435929539696e-08	-0.0008269451129237	4.608227166421306e-05	2.123575158773527e-09	6.838382192425728e-07	-0.1315404241000011	0.0993832215000011	1
0.0469445227172364	-0.0911625421706209	-0.0012676847358846	0.0006281545677528	-0.0186082453091537	-0.0034359171723407	1.18055268156267e-05	0.0003462667934856	0.1080094955365228	0.0295616135253033	0.0008738889942175	0.0116660511260564	-0.0473874629954809	-0.0151906457092611	0.0002307557170653	0.0022455716491477	-0.0008048555989332	-0.0002234336606138	4.992260003620328e-08	6.477925346260424e-07	0.0003088774459365	0.0001191369993412	1.4193623492196168e-08	9.540527526909644e-08	-0.0009363754452584	-0.0001094303323338	1.197499766145547e-08	8.767989747492285e-07	-0.1332589162000006	0.1057539996000007	1
-0.0698225884198665	-0.0331956714627781	-0.0003712909915841	0.0001943046365773	-0.014996831755952	0.0036114135532031	1.3042307852290995e-05	0.0002249049627165	0.0383278790816195	-0.0696816164549029	0.0048555276717699	0.0014690263148935	-0.0560310949815139	-0.0086436319860325	7.471237391036313e-05	0.0031394836048272	-0.0006283373349331	0.0001765182640023	3.11586971872131e-08	3.948078060939995e-07	0.0003657788304444	5.690138450882853e-05	3.237765610055774e-09	1.3379415186912317e-07	-0.0008878850689453	4.849037631235347e-05	2.351316436245444e-09	7.883398959147767e-07	-0.1348404758000011	0.1116902118000011	1
-0.1054687280853506	0.000624643814093	-4.249631890705769e-05	2.310919801566385e-05	-0.0117441623662418	0.0032526693897102	1.057985815805901e-05	0.0001379253496842	0.1034192234965588	0.0650913444149395	0.0042368831177452	0.0106955357886327	-0.0537444633942035	0.0022866315873106	5.228684016378339e-06	0.0028884673455315	-0.0011862552295545	-0.000557917894622	3.1127237834839614e-07	1.4072014700525869e-06	0.0005410420872774	0.0001752632568328	3.071720861354577e-08	2.927265399469379e-07	-0.0009136795635662	-2.5794494619655035e-05	6.653558731203944e-10	8.348103442321785e-07	-0.1362834776000009	0.1171674649000011	1
0.0105766544586206	0.1266010259366362	3.95073369767718e-06	-2.1872699912541237e-06	-0.0080396596828503	0.0037045026833917	1.3723340131963936e-05	6.46361278162823e-05	0.0434063264328439	-0.060012897063716	0.0036015478139813	0.001884109174393	-0.0800990897212167	-0.0263546263270138	0.0006945663288373	0.0064158641741687	-0.000535893256938	0.0006503619726177	4.229706967108749e-07	2.871815826390952e-07	0.0002237567997796	-0.0003172852874982	1.0066995491388136e-07	5.0067104886622434e-08	-0.0009584398723476	-4.476030878176354e-05	2.003484011094233e-09	9.186069885635538e-07	-0.1375864390000013	0.1221632519000012	1
0.3972097469183483	0.2224905858716017	-1.3773938958200794e-06	7.657812661705321e-07	-0.0117172833604113	-0.0036776236775618	1.3524915913171144e-05	0.0001372947293483	0.0895412797650301	0.0461349533321871	0.0021284339189625	0.0080176407819594	-0.0701028980132395	0.009996191707977	9.992384866189048e-05	0.0049144163098559	-0.0007449453585146	-0.0002090521015779	4.3702780764249036e-08	5.549435877711195e-07	0.0001737345949062	-5.002220487270415e-05	2.502219984683301e-09	3.0183708151034425e-08	-0.0006299355078241	0.0003285043645244	1.0791512177528957e-07	3.968187423074937e-07	-0.1387480210000013	0.1266570438000014	1
0.808214563591636	0.1641513826602499	5.701357198419278e-07	-3.164228482038811e-07	-0.0117694450341189	-5.216167370774104e-05	2.7208408885693973e-09	0.0001385198364112	0.0582969280194591	-0.0312443517455709	0.0009762095160002	0.0033985318165044	-0.0928797146379532	-0.0227768166247144	0.0005187833755558	0.0086266413912285	-0.0006289990769313	0.0001159462815826	1.3443539712487845e-08	3.956398388261971e-07	2.668263411511571e-06	-0.000171066331494	2.926368908173211e-08	7.1198066869136726e-12	-0.0005349992699737	9.493623784916856e-05	9.01288890459896e-09	2.862242180630016e-07	-0.1397670300000018	0.1306303747000018	1
0.983285961653785	-0.0087044301293318	-2.335822684732645e-07	1.2919777018687016e-07	-0.0031377959675032	0.0086316490666164	7.450536560990444e-05	9.84576353443208e-06	0.1227836318498148	0.0644867038303563	0.0041585349709044	0.0150758202502342	-0.070043153349119	0.0228365612888349	0.0005215085314971	0.004906043331088	-0.0008669369875072	-0.0002379379105753	5.661444984297448e-08	7.515797401317055e-07	0.0002716996603693	0.0002690313969586	7.237789173532136e-08	7.3820706200852e-08	-0.0004618824954355	7.311677453781507e-05	5.346061896427601e-09	2.1333543871743685e-07	-0.1406424190000016	0.1340669174000018	1
0.7578978212633337	-0.1881996847126338	9.217161320498499e-08	-5.084520100181933e-08	-0.0028144798532559	0.0003233161142473	1.045333098439164e-07	7.921296844351675e-06	0.0710824633713545	-0.0517011684784612	0.0026730108220385	0.0050527165989387	-0.0701311039820862	-8.795063296678803e-05	7.735313411545954e-09	0.0049183717457452	-0.0007769990689841	8.993791852329154e-05	8.088829484998597e-09	6.037275532603997e-07	2.707843778560264e-06	-0.0002689918165916	7.235659697602228e-08	7.33406389847137e-12	-0.0005349988277322	-7.311633229826902e-05	5.3459975480438514e-09	2.862237444363012e-07	-0.1413732884000016	0.1369525504000019	1
0.360794601165816	-0.1815411375341518	-3.5764931954215415e-08	1.968136114862965e-08	-0.0046755329844355	-0.0018610531311802	3.4635187556287643e-06	2.18606086878738e-05	0.1228655964220892	0.0517831330507347	0.0026814928685495	0.015095954784159	-0.0516349400596431	0.0184961639224435	0.0003421080798456	0.0026661670349623	-0.0011199153953909	-0.0003429163264081	1.1759160707513104e-07	1.2542104927812233e-06	0.000458699583019	0.0004559917392411	2.079284702757096e-07	2.104053088868826e-07	-0.0003567432663044	0.0001782555614286	3.177504556859745e-08	1.2726575830449902e-07	-0.1419588871000009	0.1392754160000016	1
0.0792190508449503	-0.1029720806135216	1.3731637415921612e-08	-7.537602842672048e-09	0.0060829402802097	0.0107584732646466	0.0001157447469878	3.7002162454371965e-05	0.0640345142235362	-0.0588310821985534	0.003461096232654	0.0041004190118432	-0.0755445588912817	-0.0239096188316387	0.0005716698726754	0.0057069803780786	-0.0008449998501483	0.0002749155452434	7.557855664929159e-08	7.140247467477082e-07	2.592126662267348e-06	-0.0004561074563574	2.0803401304596005e-07	6.7197009244755245e-12	-0.0002179989322362	0.0001387443340667	1.9249990203294426e-08	4.7523534632620486e-08	-0.142398613500001	0.1410259691000013	1
-0.0596711867115809	-0.0405080642534934	-5.324353882351599e-09	2.9114894337175718e-09	0.003055345900678	-0.0030275943795331	9.166327726331025e-06	9.335138572480504e-06	0.0970195353208831	0.0329850210973475	0.0010880116167917	0.0094127902338807	-0.091497981473169	-0.0159534225818875	0.0002545116920774	0.0083718806136661	-0.0011930111933013	-0.0003480113431542	1.21111893966115e-07	1.4232757076437284e-06	-0.0001149092718056	-0.0001175013984654	1.3806576954722357e-08	1.3204140424647437e-08	-0.0001520684870813	6.59304451555373e-05	4.346823280524278e-09	2.3124824611556518e-08	-0.1426920157000007	0.1421970161000012	1
-0.0998862088662367	-0.0107620658620685	2.458454278818085e-09	-1.3217941351876635e-09	-0.0001374954836554	-0.0031928413843336	1.0194236104760154e-05	1.890500664812197e-08	0.0527546332494632	-0.0442649020714195	0.0019593815553926	0.0027830513292834	-0.0982619242258038	-0.0067639427526342	4.575092156128978e-05	0.0096554057525593	-0.0011875279713283	5.483221975312197e-06	3.0064700062858576e-11	1.410222682524715e-06	-0.0004044241951134	-0.0002895149233059	8.381889136815323e-08	1.6355893082438337e-07	-0.0001277407265842	2.4327760494959845e-05	5.918396804489566e-10	1.6317694416087832e-08	-0.142838792300001	0.1427837452000014	1
