trial_type.bottle	trial_type.cat	trial_type.chair	trial_type.face	trial_type.house	trial_type.scissors	trial_type.scrambledpix	trial_type.shoe	trans_x	trans_x_derivative1	trans_x_derivative1_power2	trans_x_power2	trans_y	trans_y_derivative1	trans_y_derivative1_power2	trans_y_power2	trans_z	trans_z_derivative1	trans_z_derivative1_power2	trans_z_power2	rot_x	rot_x_derivative1	rot_x_derivative1_power2	rot_x_power2	rot_y	rot_y_derivative1	rot_y_derivative1_power2	rot_y_power2	rot_z	rot_z_derivative1	rot_z_derivative1_power2	rot_z_power2	cosine00	cosine01	cosine02	intercept
-6.690063591625049e-16	2.56800146860415e-17	-1.7763074381946244e-16	-3.1947194247479677e-16	-6.048986743249656e-12	-3.68773502039268e-16	-9.397481912076292e-16	1.495837397343906e-05	-0.0142703000000001	9.821660203907247e-17	-1.2799317056372688e-15	0.0002036414620892	-0.0350057000000009	2.1806259671429882e-16	-8.552512413424412e-16	0.0012253990324897	-0.0588225000000031	6.1575361725073e-16	-1.970556068911359e-15	0.0034600865062506	0.0014304700000017	-2.950362942120805e-16	-1.2044715771813485e-15	2.046244422630059e-06	-0.0013077200000038	8.733507750555698e-16	-1.5444180850295122e-15	1.7101316035778123e-06	0.0004244740000033	-3.858311900190051e-16	5.831941371324475e-16	1.801781758783429e-07	0.1285540361000031	0.1285215385000024	0.1284673818000022	1
-5.394051964872128e-16	1.3375177893167982e-16	-3.108800872387979e-17	-1.9928316622792043e-16	8.921951441198955e-12	-1.957579437230721e-16	-7.928638135469846e-16	-4.60354003427422e-05	-0.0176612000000006	-0.0033908999999999	1.1498202809107813e-05	0.0003119179854384	-0.036114100000001	-0.0011083999999998	1.228550558960645e-06	0.0013042282188097	-0.0588150000000032	7.500000000641606e-06	5.624779974570483e-11	0.0034592042250005	0.0013197400000013	-0.0001107300000004	1.2261132502435111e-08	1.7417136685620604e-06	-0.0003461270000017	0.0009615930000022	9.246610994014832e-07	1.198038983146882e-07	-0.0005204419999992	-0.0009449160000013	8.928662486867897e-07	2.708598735405616e-07	0.1284673818000029	0.1281750671000023	0.1276883686000021	1
-4.658874808671365e-16	2.32264980141182e-16	-4.6066373252972827e-17	-2.164899539901179e-16	-4.352868495955085e-12	-1.5125710953126742e-16	-7.930998750552705e-16	0.00013759033721	-0.0005663689999993	0.0170948310000008	0.0002922332469184	3.20773845336066e-07	-0.024178	0.0119361000000008	0.0001424704832095	0.0005845756839987	-0.058805600000003	9.40000000078506e-06	8.835805736110348e-11	0.0034580985913612	0.0007869900000004	-0.000532750000001	2.838225624663809e-07	6.193532592243559e-07	3.682709999991764e-05	0.0003829541000001	1.4665384188707377e-07	1.3562337013948444e-09	-0.0009575410000011	-0.0004370989999998	1.910555353847438e-07	9.16884767512442e-07	0.1282941315000024	0.127483058500002	0.126135066100002	1
-4.575988658506329e-16	1.6951813411918775e-16	4.770838357987804e-16	-2.3981334909199766e-16	-4.009949942018879e-11	-7.936196644632815e-17	-7.544537827647628e-16	-0.0003900788099182	-0.0045871899999989	-0.0040208210000005	1.6167001513834837e-05	2.104231209616532e-05	-0.0241754999999996	2.499999999707009e-06	6.248725603462148e-12	0.0005844548002487	-0.058805600000003	5.749157303151354e-16	-1.7332895909571958e-15	0.0034580985913619	0.0007869899999996	-1.1758853018153444e-16	-1.0377055976193545e-15	6.193532587617319e-07	3.682709999973706e-05	-1.1747679700286957e-15	-6.607521343163826e-16	1.3562343226925974e-09	-0.0010887100000027	-0.0001311689999996	1.7205305176789423e-08	1.1852894652915412e-06	0.1280344021000025	0.1264473780000024	0.1238168934000022	1
-3.294927958175589e-16	2.048409266988473e-16	-7.881199374577369e-16	-2.6695944373251186e-18	2.423838399134601e-10	-2.4585457694999263e-18	-9.251824840567942e-16	0.0010009524715649	-0.0073859099999988	-0.0027987200000006	7.832833638322361e-06	5.455166652816214e-05	-0.0761491000000038	-0.0519736000000018	0.0027012550969626	0.0057986854308161	-0.0030315799999974	0.055774020000005	0.0031107413069677	9.190477297892748e-06	0.0022153500000004	0.0014283600000013	2.040212288632354e-06	4.907775623998837e-06	0.0006336500000009	0.000596822900001	3.561975730087327e-07	4.0151232246024886e-07	-0.0015472100000014	-0.0004584999999994	2.1022225049164693e-07	2.3938587856158573e-06	0.1276883686000021	0.1250708178000018	0.1207479075000017	1
-2.0758614973761672e-16	1.9988965805234852e-16	1.149960879145884e-15	-1.3234162231728995e-16	-9.956961334159111e-10	3.298052749190914e-17	-7.803813231138343e-16	-0.0017810732479379	-0.0111564	-0.0037704900000003	1.4216594839556071e-05	0.0001244652609597	-0.0533698000000038	0.0227793000000025	0.0005188965084909	0.002848335552041	-0.0321900999999982	-0.0291585200000037	0.0008502192885921	0.0010362025380057	0.0006461680000003	-0.001569182000003	2.4623321531636232e-06	4.175330820761606e-07	0.0005341440000013	-9.950600000173134e-05	9.901443672781446e-09	2.853098105348071e-07	-0.0012838200000007	0.0002633900000006	6.93742908235071e-08	1.6481937926711238e-06	0.1272562643000021	0.1233570888000021	0.1169467186000017	1
-2.805244532838593e-16	1.6859962918839654e-16	-2.903739604499545e-15	-1.634357839732961e-16	3.519330958986223e-09	-7.886054710783268e-17	-6.379331421886485e-16	0.0549529913675101	-0.0030742199999991	0.0080821800000001	6.532163355235e-05	9.450828608834453e-06	-0.0344563000000019	0.0189135000000017	0.0003577204822506	0.0011872366096886	-0.048098400000001	-0.0159083000000014	0.0002530740088896	0.0023134560825587	0.0001988859999969	-0.0004472819999989	2.000611853254204e-07	3.9555641040469754e-08	0.0008210970000029	0.0002869529999997	8.234202432270882e-08	6.742002813887775e-07	-0.0012248400000007	5.898000000104573e-05	3.4786385607231412e-09	1.5002330271792884e-06	0.126738380400002	0.1213108108000017	0.1124363766000015	1
-2.9986789194889533e-16	1.5506924162670202e-16	5.816533698490128e-15	-2.0455967543886324e-16	-1.1524380036509974e-08	-1.8063606979503216e-17	-6.081160293627435e-16	0.1844842940496722	-0.0111141999999987	-0.0080399800000007	6.464127840116544e-05	0.0001235254416397	-0.00805666	0.0263996400000018	0.0006969409921307	6.490977035429584e-05	-0.0387973000000008	0.0093011000000012	8.651046120956858e-05	0.0015052304872886	0.0005251649999996	0.0003262790000026	1.0645798364538679e-07	2.757982761697912e-07	7.116640002328087e-06	-0.0008139803600017	6.625640283052544e-07	5.0645362442417795e-11	-0.0002139599999999	0.0010108800000009	1.02187837580009e-06	4.577888006284843e-08	0.1261350661000016	0.1189375004000014	0.1072442319000011	1
-1.8069346824435572e-16	2.134665218553526e-16	-8.7737939194176e-15	-2.0162123693897986e-16	3.591423295915012e-08	4.5278238402463257e-17	-3.4042639675582037e-16	0.2638624710515332	-0.0412780000000008	-0.0301638000000016	0.0009098548304414	0.0017038732839998	-0.0079155799999997	0.0001410799999997	1.9903565221005905e-08	6.26564067359227e-05	-0.0264448999999995	0.0123524000000009	0.0001525817857603	0.00069933273601	0.0008983190000023	0.0003731540000002	1.3924390671867482e-07	8.069770246175089e-07	-0.0006290919999998	-0.0006362086400015	4.0476143476989153e-07	3.957567456833917e-07	0.0003588909999986	0.0005728509999997	3.2815826791237546e-07	1.288027487651396e-07	0.1254467280000013	0.1162435555000008	0.1014017690000007	1
-5.0626107249909536e-17	3.687685754378488e-16	8.497399656093838e-15	-1.6764156424178275e-16	-1.0799124445707777e-07	1.9992281425155536e-16	-9.425921592741956e-17	0.2859863946911333	-0.0157866000000001	0.0254914000000016	0.0006498114739609	0.00024921673956	0.0051774100000015	0.0130929900000002	0.0001714263871402	2.68055743092442e-05	-0.0312026999999994	-0.0047578000000005	2.26366608399001e-05	0.0009736084872904	-8.04303999990438e-05	-0.0009787494000026	9.579503907348612e-07	6.469049603739199e-09	-0.0003685089999996	0.0002605830000004	6.790349972818536e-08	1.357988822166351e-07	4.445419999891311e-05	-0.0003144367999998	9.887050036739601e-08	1.9761752974738382e-09	0.1246738301000003	0.1132362385000007	0.0949444160000004	1
-7.709666301223653e-17	2.3178297798043147e-16	2.09124724861616e-14	-1.7558434374653514e-16	3.15795385912864e-07	6.348513712674203e-17	-2.1313402823289503e-16	0.2823077569629764	-0.0235398999999996	-0.0077533000000007	6.011366089005731e-05	0.0005541268920091	-0.0224920000000004	-0.0276694100000024	0.0007655962497499	0.0005058900639986	-0.0329912	-0.0017885000000005	3.1987322492152048e-06	0.0010884192774409	0.0004039089999985	0.0004843393999999	2.345846531644894e-07	1.6314247965947615e-07	-0.0003370709999998	3.143799999976055e-05	9.883483362569563e-10	1.1361685814893247e-07	-1.916970000656289e-06	-4.637117000028195e-05	2.150284484579853e-09	3.673470448768497e-12	0.1238168934000007	0.1099236566000006	0.0879113298000003	1
-8.910834471049097e-17	5.691002033282344e-17	-1.6531883275014018e-13	-2.258129237902734e-16	-8.993519754569352e-07	-8.961932796448186e-17	-2.1899281223328216e-16	0.2706253886974462	-0.0381653000000014	-0.0146254000000004	0.0002139023251594	0.0014565901240898	-0.0196853000000012	0.0028067000000001	7.87756488962113e-06	0.0003875110360893	-0.0393952000000006	-0.0064040000000007	4.1011215999883857e-05	0.0015519817830404	0.0004758449999991	7.193600000073979e-05	5.174787279776593e-09	2.2642846308364806e-07	-0.0005279560000005	-0.000190885	3.643708292646414e-08	2.78737538245714e-07	0.0003717749999994	0.0003736919700005	1.3964568838553346e-07	1.3821665024480128e-07	0.1228764955000012	0.1063147400000006	0.0803451581000002	1
-1.5991406882913495e-16	-4.214930321295005e-17	7.242028348311402e-13	-1.6745875138969602e-16	2.5120284202409445e-06	-2.430920338870965e-16	-2.4035788642344173e-16	0.2607226478846737	-0.0351436000000017	0.0030217000000008	9.130670888499676e-06	0.0012350726209601	-0.0212365000000013	-0.0015511999999996	2.4062214390961106e-06	0.0004509889322491	-0.0275046999999997	0.011890500000001	0.0001413839902496	0.0007565085220894	0.0011339500000017	0.000658105000002	4.331021927836155e-07	1.2858426028716268e-06	-0.0006945179999996	-0.0001665619999983	2.7742899090888068e-08	4.823552517156314e-07	0.0008936270000024	0.0005218520000016	2.723295117288267e-07	7.985692197933656e-07	0.1218532703000015	0.1024192176000006	0.0722917816000001	1
-8.982714930328036e-17	-9.651073007715955e-18	-2.653382797818934e-12	-1.9635255026857771e-16	-6.893975107788319e-06	-2.133321567287857e-16	-1.2305116426093718e-16	0.2542026478116975	-0.0292269000000012	0.0059167000000006	3.500733888904611e-05	0.0008542116836101	-0.0163689000000009	0.0048676000000004	2.369352976024606e-05	0.000267940887209	-0.0306094999999995	-0.0031048000000005	9.63978303985654e-06	0.0009369414902504	0.0003264330000004	-0.0008075170000022	6.520837059555895e-07	1.0655850353168693e-07	-0.0008822900000013	-0.0001877720000015	3.5258322778740374e-08	7.784356459126481e-07	0.0003847290000008	-0.0005088980000026	2.5897717571932174e-07	1.4801640356595266e-07	0.1207479075000013	0.0982475912000005	0.063800035	1
-1.3184590484199115e-16	5.057359718037784e-18	8.876210255631561e-12	-1.851509993196445e-16	1.861001882479719e-05	-1.4622900967727988e-16	-5.1339638143867726e-17	0.25234164411561	-0.0096959199999995	0.019530980000001	0.000381459179761	9.401086464674432e-05	0.0013412100000007	0.0177101100000007	0.0003136479962125	1.7988442643594769e-06	-0.0374962000000002	-0.0068867000000005	4.742663689021731e-05	0.0014059650144394	8.376749999981886e-05	-0.0002426654999994	5.8886544503616194e-08	7.0169940615229e-09	-0.000780754000002	0.0001015360000012	1.030955858010902e-08	6.095768098792828e-07	0.0003847290000002	3.0245619413185027e-16	-8.306956901758471e-16	1.4801640365469257e-07	0.1195611523000011	0.0938111066000004	0.0549214114	1
-1.548047569116011e-16	1.42797350272504e-17	-2.80722505626708e-11	-1.9655496825030942e-16	-4.945798184879631e-05	-1.197386247295076e-16	-1.447078812463747e-17	0.2391764977528586	-0.0096580699999985	3.7849999999560266e-05	1.4326228445965351e-09	9.327831612536888e-05	0.0085156500000017	0.0071744399999998	5.147258931247384e-05	7.251629492395744e-05	-0.0211230999999987	0.0163731000000014	0.0002680784036103	0.0004461853536107	-0.0003167500000013	-0.0004005175000004	1.604142678218075e-07	1.0033056329371569e-07	-0.0004628720000007	0.0003178820000015	1.0104896525548659e-07	2.1425048856039718e-07	0.0001443329999997	-0.0002403960000005	5.779023671832202e-08	2.0832014072837573e-08	0.1182938046000012	0.0891217238000006	0.0457097499999999	1
9.356503573784991e-17	6.997134741672788e-17	8.498857478893651e-11	-1.3632341065651974e-16	0.0001290342995449	2.3956794041846245e-16	1.6133036450933242e-16	0.1341115373367142	-0.0059434199999989	0.0037146499999999	1.3798624621886964e-05	3.532424129674031e-05	0.0203209000000037	0.0118052499999994	0.0001393639275616	0.000412938976814	-0.0367408999999996	-0.015617800000002	0.0002439156768408	0.001349893732809	-0.000730065000002	-0.0004133150000005	1.708292889676728e-07	5.32994908488783e-07	-0.0001897979999984	0.0002730740000002	7.456941031352415e-08	3.6023279992273876e-08	0.0002390250000017	9.469200000027926e-05	8.966574115074793e-09	5.713295061956636e-08	0.1169467186000007	0.084192084700001	0.0362209092999998	1
-1.9892525540516546e-17	-1.723743030010077e-16	-2.4988297092839517e-10	-8.625667682921332e-17	-0.0003249079189368	-1.617893480853633e-17	-3.065651524334085e-17	0.0181575543169183	-0.0056970799999991	0.0002463399999996	6.06833946745322e-08	3.245672052651702e-05	-0.0061973599999977	-0.0265182600000026	0.0007032181134283	3.840727096774018e-05	-0.0288770999999996	0.0078638000000001	6.183935043965699e-05	0.0008338869044075	0.0004788679999994	0.0012089330000023	1.4615190022211031e-06	2.2931456067183345e-07	-0.0006156629999993	-0.0004258650000018	1.8136099971945848e-07	3.790409295114986e-07	0.0001679770000028	-7.104800000165088e-05	5.047818520903473e-09	2.8216272598955152e-08	0.1155208024000018	0.0790354785000015	0.0265124287000002	1
4.70056106748948e-17	-2.3691159562777467e-16	7.173968460058341e-10	-4.982485583698777e-17	0.0007842730177335	3.66405377651165e-17	-1.8189006626115268e-17	-0.0291248290241811	-0.0462620000000028	-0.0405649200000013	0.0016455127346072	0.0021401726439993	0.0078458400000022	0.0140432000000004	0.0001972114662392	6.155720530653589e-05	-0.0169954999999977	0.0118816000000002	0.000141172418559	0.0002888470202493	-8.98433000002708e-05	-0.0005687113000008	3.234325426552223e-07	8.071818193654498e-09	-0.0008169360000004	-0.0002012729999997	4.051082051202708e-08	6.673844311623461e-07	0.0006327740000009	0.000464797	2.1603625101768478e-07	4.004029354299575e-07	0.1140170172000022	0.0736658067000015	0.0166431793999999	1
-7.935915712258943e-17	-8.307673712208044e-16	-2.0179383080825758e-09	-1.4102984516447317e-17	-0.0020117238654588	-2.4234676721478253e-16	4.432965121602149e-17	-0.0361843723332645	0.0079731700000001	0.0542351700000035	0.0029414536649332	6.357143985097267e-05	-0.0008398409999974	-0.0086856810000008	7.544105443319055e-05	7.053329039565876e-07	-0.0169676999999973	2.7799999999043695e-05	7.728392126305392e-10	0.0002879028432887	0.0001405770000006	0.0002304203000008	5.3093514683792416e-08	1.976189404855053e-08	-0.0008169360000007	2.080655983943524e-16	-8.738028637096859e-16	6.673844305538637e-07	0.0002322300000019	-0.0004005439999998	1.6043549608144338e-07	5.39307721697842e-08	0.1124363766000022	0.0680975449000017	0.0066730075999999	1
-1.8991329883824796e-16	1.5639916031443902e-15	5.573090909733963e-09	-1.1857173016816183e-16	0.0271420650304977	-3.566925113247005e-16	-1.3180420091209974e-16	-0.0269449567231341	-0.0164185999999997	-0.0243917700000015	0.0005949584437335	0.000269570425958	-0.0062102899999986	-0.0053704490000004	2.8841722460594977e-05	3.856770188211015e-05	-0.0013358299999949	0.0156318700000001	0.0002443553596952	1.7844417950501877e-06	0.0001975099999993	5.693300000059081e-05	3.241367703777706e-09	3.9010199340373854e-08	-0.0001755789999996	0.0006413570000014	4.1133880134194214e-07	3.082798562276346e-08	-0.0001973459999994	-0.0004295760000011	1.8453554008447362e-07	3.894544256679552e-08	0.1107799461000029	0.0623457042000016	-0.0033376286999999	1
2.6156960933578722e-17	-6.968811351445247e-15	-1.5090166797409497e-08	-2.3747640952879842e-17	0.1483862106341185	-9.08598157420963e-17	-5.1162940546794237e-17	-0.0154351004399645	-0.0027465699999995	0.0136720300000003	0.0001869244043203	7.543646765597915e-06	-0.034086000000001	-0.0278757100000016	0.0007770552080052	0.0011618553959978	-0.0169489999999961	-0.0156131700000028	0.0002437710774474	0.0002872686009998	0.0004808169999999	0.0002833069999997	8.026285344000203e-08	2.3118498701770097e-07	0.0006306600000009	0.0008062390000002	6.500213248094096e-07	3.977320323914374e-07	-0.0013120300000028	-0.0011146840000009	1.242520421162701e-06	1.7214227233076785e-06	0.1090488422000013	0.0564257904000009	-0.0133280259000002	1
-1.4328378769158068e-16	2.1533360146925923e-14	4.021296029910235e-08	-5.0823649233096214e-17	0.2487832292204296	-1.234500120912394e-16	-1.3292656702136816e-16	-0.0071774952371699	-0.0062193199999993	-0.0034727500000004	1.2059992561825168e-05	3.867994126304192e-05	-0.0083043700000002	0.0257816300000018	0.0006646924454578	6.89625610952781e-05	-0.0364437999999982	-0.0194948000000022	0.0003800472270409	0.0013281505584376	-0.000485552000002	-0.0009663690000008	9.338690437070708e-07	2.3576074960625762e-07	-0.0005538290000013	-0.0011844890000016	1.4030141912752015e-06	3.06726562924358e-07	0.0002582939999992	0.001570324000003	2.465917469532484e-06	6.671578863816404e-08	0.107244231900001	0.0503537627000006	-0.0232376034	1
-4.496214731383748e-18	-6.68528895923968e-14	-1.05463551726859e-07	-5.439620583985031e-17	0.2832968208841332	8.079775098687654e-17	3.4823354494359306e-17	-0.0028041972711922	-0.0345864000000018	-0.0283670800000011	0.0008046912277268	0.0011962190649574	0.0067984400000017	0.0151028100000003	0.0002280948698946	4.621878643490631e-05	-0.0553524000000008	-0.0189086000000016	0.0003575351539611	0.0030638881857615	-0.0004166700000029	6.888200000182068e-05	4.744729044763787e-09	1.7361389061405045e-07	-0.0003335010000008	0.0002203280000001	4.8544426267747735e-08	1.112229181612193e-07	0.0003359219999985	7.762799999956531e-05	6.026104353230058e-09	1.128435894437198e-07	0.1053673315000003	0.0441459902000003	-0.0330062704000001	1
-5.397659571966977e-17	1.9760328288605785e-13	2.720487221952537e-07	2.1412778182767537e-17	0.2847951298936837	-1.659961460399461e-16	-6.317555987519248e-17	-0.0009324180142358	-0.0076482500000002	0.0269381500000017	0.0007256639254226	5.849572806298863e-05	-0.0461121000000021	-0.052910540000003	0.0027995252430972	0.0021263257664102	-0.0351328	0.0202196000000022	0.0004088322241575	0.0012343136358378	0.0012075699999992	0.0016242400000019	2.638155580881998e-06	1.4582253040871467e-06	-0.0010280100000037	-0.0006945090000008	4.823427523796837e-07	1.0568045625117168e-06	0.0002582939999997	-7.762800000006192e-05	6.0261040512608554e-09	6.671578937957742e-08	0.1034194061000004	0.0378192079	-0.0425747907000003	1
-4.060541096124423e-16	-5.733467221008236e-13	-6.893875757492879e-07	-2.3831070926725697e-16	0.2741000781813552	-7.897166703776378e-16	-2.5673822754087436e-16	-0.0002580310766344	0.0117630000000018	0.0194112500000005	0.0003767966265631	0.0001383681690034	-0.0217641000000016	0.0243480000000019	0.0005928251040004	0.0004736760488072	-0.0698203000000018	-0.0346875000000026	0.0012032226562543	0.0048748742920949	0.0011142500000029	-9.331999999967124e-05	8.70862216243394e-09	1.2415530628165144e-06	0.000496679	0.0015246890000033	2.324676550081409e-06	2.4669002832602705e-07	-0.0001946239999977	-0.0004529180000001	2.0513471302967165e-07	3.787850051166732e-08	0.1014017690000019	0.0313904716000003	-0.0518851418	1
-2.2154824787289035e-16	1.616699118542744e-12	1.710318413589748e-06	-1.7107713722543012e-16	0.2630240293370869	-4.183155585820002e-16	-1.1216464256197388e-16	-4.358974656321111e-05	-0.0060353599999987	-0.0177983600000014	0.0003167816186909	3.642557032927607e-05	-0.0051761299999999	0.0165879700000011	0.0002751607487195	2.679232177687187e-05	-0.0554177000000021	0.0144026000000027	0.0002074348867589	0.0030711214732908	0.0001359260000002	-0.0009783240000028	9.571178502410373e-07	1.8475876408352482e-08	0.0005292540000028	3.257499999896612e-05	1.0611285540059619e-09	2.801097955124446e-07	-0.0002469629999996	-5.233900000181104e-05	2.7393710414179484e-09	6.099072272790883e-08	0.0993157800000011	0.0248771123000001	-0.0608808666000003	1
2.782274643165029e-17	-4.482941311771608e-12	-4.150272522611067e-06	-7.68049830945555e-17	0.2560660312676019	-8.821030971810931e-17	1.2481026383390172e-16	2.480821595656908e-06	-0.0129756000000002	-0.0069402400000002	4.816693125694464e-05	0.0001683661953591	0.0088183500000017	0.0139944800000004	0.0001958454704686	7.776329672516922e-05	-0.0525714000000013	0.0028463000000011	8.101423687936761e-06	0.0027637520979615	-0.0003344870000015	-0.0004704130000008	2.2128839026494645e-07	1.1188155352021995e-07	0.0002270860000031	-0.0003021680000008	9.13054991797432e-08	5.1568050515893614e-08	0.0003961480000009	0.0006431110000012	4.135917592157859e-07	1.569332397856723e-07	0.0971628453000003	0.0182966885999999	-0.0695074160000007	1
-1.7427472016537978e-17	1.221272135822202e-11	9.8053404574227e-06	-5.892920308659516e-17	0.2515563363128834	-1.8191648647606212e-16	1.5526621060059074e-16	-8.990196983264741e-07	-0.0141213000000003	-0.0011456999999997	1.3126284894703433e-06	0.0001994111136892	0.0028685300000015	-0.0059498200000006	3.540035802933916e-05	8.228464361405419e-06	-0.0313780999999994	0.0211933000000023	0.0004491559648912	0.0009845851596069	0.0004511530000012	0.000785640000002	6.172302094090606e-07	2.0353902644421978e-07	-0.000349526	-0.0005766120000018	3.324813987211641e-07	1.221684247265235e-07	0.0001808229999991	-0.0002153250000017	4.6364855053022835e-08	3.269695662086962e-08	0.0949444160000006	0.0116669402999998	-0.0777124796000008	1
-1.5608017540398108e-17	-3.273979092583003e-11	-2.2391551823493343e-05	-1.6107453076566814e-16	0.2497491429510899	-2.4879140515485827e-16	1.646067331701142e-16	3.391797905740691e-07	-0.0184125000000008	-0.0042911999999999	1.841439743874724e-05	0.0003390201562489	-0.0115768999999998	-0.014445430000001	0.0002086704478835	0.0001340246136091	-0.034532499999999	-0.0031544000000005	9.950239358804473e-06	0.0011924935562473	0.0006174570000023	0.000166303999999	2.765701885728832e-08	3.8125314579359293e-07	-0.0006298880000016	-0.0002803619999986	7.860284970937785e-08	3.96758892840073e-07	0.0007558430000004	0.0005750200000019	3.306480006004249e-07	5.712986433613094e-07	0.0926619877000008	0.0050057398999998	-0.0854463025000011	1
1.4064824919291808e-16	8.635106050513902e-11	4.867265262735383e-05	-1.5700205559311842e-16	0.1723244042130392	-1.798517530693491e-16	3.6830313522917205e-16	-1.218828522474817e-07	0.0010291300000001	0.0194416300000012	0.0003779769770569	1.0591085580471478e-06	0.0170666000000023	0.0286435000000013	0.0008204500922507	0.000291268835563	-0.0553167000000011	-0.0207842000000015	0.0004319829696406	0.0030599372988908	-5.317259999848793e-05	-0.0006706296000011	4.497440610330903e-07	2.827323690513537e-09	0.000399309000001	0.0010291970000009	1.0592464660139946e-06	1.5944767590688313e-07	-0.0001878729999993	-0.0009437160000018	8.905998898202923e-07	3.5296263982713664e-08	0.0903170987000004	-0.0016689550000003	-0.0926619877000014	1
2.4938287929870107e-16	-2.2355319458036782e-10	-9.567446641590008e-05	-3.5405098549952144e-16	0.0444261421194362	-2.5200396060695153e-16	3.6660890484101273e-16	4.141668138190152e-08	-0.0121320000000001	-0.0131611300000007	0.0001732153428769	0.0001471854239982	-0.008043439999999	-0.0251100400000021	0.0006305141088014	6.46969270326533e-05	-0.0416955000000016	0.0136212000000016	0.0001855370894395	0.001738514720248	0.0004470049999999	0.0005001775999997	2.5017763095378775e-07	1.998134690456885e-07	0.0006569820000032	0.0002576730000007	6.63953761109651e-08	4.3162534662741844e-07	-0.0001878729999994	6.296394844590013e-16	-2.024323722046793e-16	3.5296263500146725e-08	0.087911329800001	-0.0083391507000003	-0.0993157800000021	1
4.8243124684331915e-18	5.689856790893008e-10	0.0001685607287328	1.841767699350699e-16	-0.021248168243845	-7.40849353958411e-16	2.269311251594573e-16	-1.3672017543725112e-08	0.0017838400000005	0.0139158400000009	0.0001936506029051	3.1820851479095245e-06	-0.0080401199999998	3.320000000556039e-06	1.1020824250980444e-11	6.464352961313232e-05	-0.0153697999999982	0.0263257000000024	0.0006930424804919	0.0002362307520407	0.0001610619999994	-0.0002859430000003	8.176339795168727e-08	2.594096772776896e-08	-0.0002097639999995	-0.0008667460000023	7.512486299907822e-07	4.4000937454593564e-08	0.0001216730000012	0.0003095459999997	9.581872709211386e-08	1.4804318717048661e-08	0.0854463025000026	-0.0149868655	-0.105367331500002	1
3.371990042457489e-16	-1.4213244070915323e-09	-0.0004583485449656	-1.5699280262900929e-15	-0.036633088299484	-2.3059932982895944e-16	5.46207007959899e-16	4.350520198006981e-09	-0.0052498299999998	-0.0070336700000003	4.947251366857001e-05	2.756071502897612e-05	0.0197816000000024	0.0278217200000013	0.0007740481037592	0.0003913116985635	-0.0279861999999986	-0.0126164000000018	0.0001591735489595	0.000783227390438	7.1331500013963775e-06	-0.0001539288499992	2.3694089953409683e-08	5.088057525956458e-11	-4.7112200001330085e-05	0.0001626517999996	2.6455608771303377e-08	2.2195591046537304e-09	-0.000262886000001	-0.0003845590000015	1.4788562354677937e-07	6.910904784777227e-08	0.0829236784000014	-0.0215941784000002	-0.1107799461000024	1
4.268827211585845e-16	3.475082808256029e-09	0.0089790144770741	3.2674907608985607e-15	-0.0302577652122159	-2.3966053206970806e-16	5.370159833203396e-16	-1.312746177386824e-09	-0.0115538000000006	-0.0063039700000003	3.974003776009292e-05	0.0001334902944378	-0.0080821799999986	-0.0278637800000027	0.0007763902358891	6.532163355074994e-05	-0.0553356000000021	-0.027349400000003	0.0007479896803639	0.0030620286273618	0.000725904000001	0.0007187708499997	5.166315369625652e-07	5.269366166994145e-07	0.0002744509999997	0.0003215631999997	1.0340289179105061e-07	7.532335186900904e-08	-0.0002765340000017	-1.364799999876789e-05	1.862673587376677e-10	7.647105241235696e-08	0.0803451581000011	-0.0281432772000007	-0.1155208024000024	1
1.0324472365158075e-16	-8.28088542289769e-09	0.1094873964531514	-1.0059726016362058e-14	-0.0185088550971991	-4.2769554770325503e-16	2.24878126359869e-16	3.6403412069787857e-10	-0.0112221999999999	0.0003316	1.0995855897516323e-07	0.0001259377728394	-0.0080703999999993	1.1779999999845709e-05	1.3876669358162096e-10	6.513135615981945e-05	-0.0398357000000015	0.0154999000000019	0.0002402469000104	0.0015868829944883	0.0004312799999998	-0.0002946240000008	8.68033012272921e-08	1.8600243716455338e-07	0.0003067050000004	3.225400000150448e-05	1.0403202357219511e-09	9.406795654306562e-08	7.635459999597155e-06	0.0002841694600019	8.075228180002543e-08	5.829932771285744e-11	0.0777124796000013	-0.0346165067000004	-0.1195611523000017	1
2.1007288270815398e-17	1.910005614229577e-08	0.2279358597758219	2.65707086833794e-14	-0.0091075182623861	-4.0176446982674685e-16	5.690467404016891e-17	-8.487696837000474e-11	-0.0006734499999978	0.0105487499999997	0.0001112761265619	4.535349037879752e-07	-0.0327863000000005	-0.0247159000000016	0.0006108757128102	0.0010749414676891	-0.0314383999999999	0.0083973000000006	7.051464728905276e-05	0.0009883729945587	0.0013824600000011	0.0009511800000013	9.047433945116732e-07	1.9111956541153004e-06	0.001016200000001	0.0007094950000005	5.033831549311166e-07	1.0326624377271372e-06	-0.0010627300000019	-0.0010703654600016	1.1456822192750645e-06	1.1293950538583195e-06	0.075027417400001	-0.0409964162000001	-0.1228764955000009	1
-6.013750519648469e-17	-4.2240194747452394e-08	0.278052290687054	-7.046957676622288e-14	-0.0037277845069901	-3.6018355986450167e-16	-8.499117351052907e-17	1.187175102507944e-11	-0.0274589999999994	-0.0267855500000018	0.0007174656888023	0.0007539966809987	-0.0256444000000006	0.0071419000000004	5.1006735609577726e-05	0.00065763525136	-0.0389233000000001	-0.007484900000001	5.602372801032179e-05	0.0015150232828911	0.0006744829999992	-0.0007079770000019	5.01231433425204e-07	4.549273164830494e-07	-0.0003028360000017	-0.0013190360000026	1.739855972234423e-06	9.170964525035664e-08	0.0005123889999989	0.0015751190000023	2.480999868009532e-06	2.625424865013906e-07	0.0722917816000011	-0.0472658067	-0.1254467280000006	1
-8.471887202476678e-17	8.782125913050266e-08	0.2863424365118494	1.833781542481181e-13	-0.0012991823440664	-2.6817351518127583e-16	1.0938830750613269e-17	3.142385473770245e-12	-0.0218654999999999	0.0055935000000005	3.1287242247838136e-05	0.0004781000902494	-0.008007789999999	0.0176366100000012	0.0003110500122922	6.412470068377616e-05	-0.0295473999999995	0.0093759000000009	8.790750081057591e-05	0.0008730488467595	0.0005402989999989	-0.0001341839999985	1.8005345385408715e-08	2.919230083581689e-07	-0.0001993480000016	0.0001034880000016	1.070976536773458e-08	3.973962567437365e-08	0.0005123890000011	2.4970438864211146e-17	-1.7282456624555408e-15	2.625424884538912e-07	0.0695074160000008	-0.0534077769000001	-0.1272562643000006	1
1.3318583268744496e-18	-1.6460914096104254e-07	0.2775631664431432	-4.69585913466415e-13	-0.0003813792494247	-1.8877499214813567e-16	9.772166340665467e-17	-4.025666745139259e-12	-0.0101905999999986	0.0116749000000003	0.0001363032900085	0.0001038483283598	-0.0080067799999983	1.0099999995097029e-06	1.0193357685901996e-12	6.410852596797606e-05	-0.0331904999999996	-0.0036431000000005	1.3272177610705822e-05	0.0011016092902494	0.0005402989999998	1.8657687851413307e-16	-6.465615428071029e-17	2.919230086296556e-07	0.0003549780000001	0.0005543260000015	3.072773146012972e-07	1.2600937955585928e-07	9.212180000087602e-05	-0.0004202672000003	1.766245179227959e-07	8.486425323645476e-09	0.0666761977000005	-0.0594057691000002	-0.1282941315000006	1
1.6138557572526432e-16	2.470996110510639e-07	0.2657803855942061	1.180225058761392e-12	-8.113327763522832e-05	-1.162370723978828e-16	4.6264290700641065e-17	2.5613600376640208e-12	-0.0606123000000022	-0.0504217000000023	0.0025423478308917	0.0036738509112921	-0.0165944999999994	-0.008587720000001	7.374893479771076e-05	0.0002753774302499	-0.0421370000000008	-0.0089465000000012	8.003986225078756e-05	0.0017755267690006	0.0009295630000003	0.0003892639999999	1.5152646227545904e-07	8.6408737072934e-07	0.0004810280000016	0.0001260499999995	1.5888601875084e-08	2.3138793720685767e-07	0.0006227199999998	0.0005305982000002	2.815344488344617e-07	3.877801988747408e-07	0.0638000350000006	-0.0652436139000005	-0.128554036100001	1
-1.225626074077953e-18	-1.454691938793995e-07	0.2578761417224341	-2.902434858134645e-12	-6.938007778308005e-07	-2.404310409716346e-16	4.582321179523999e-18	-1.34526537576775e-12	-0.0151301000000009	0.0454822000000032	0.0020686305168421	0.0002289199260086	-0.0191881999999997	-0.0025936999999998	6.727279689117861e-06	0.0003681870192395	-0.0354482000000005	0.0066888000000009	4.474004544070565e-05	0.00125657488324	0.0008541210000005	-7.54419999998991e-05	5.691494919497485e-09	7.295226833240874e-07	0.0003637950000013	-0.0001172330000012	1.3743575879989973e-08	1.3234680213979594e-07	9.212179999997948e-05	-0.0005305982000006	2.815344491043594e-07	8.486425500309909e-09	0.0608808666000004	-0.0709055735000007	-0.128034402100001	1
1.6044078984383477e-17	-9.764882563686108e-07	0.2519305304017997	6.968478748474875e-12	-3.055691719859747e-07	-3.0505625259176834e-16	-8.106891540680098e-17	6.412356969094402e-13	-0.0538088000000019	-0.0386787000000015	0.0014960418336896	0.0028953869574416	-0.0256514000000006	-0.0064632000000002	4.177295423908392e-05	0.0006579943219603	-0.0309910999999998	0.0044571	1.986574040956028e-05	0.0009604482792101	0.0012565300000012	0.0004024090000003	1.6193300387914345e-07	1.5788676422674294e-06	1.974319999969084e-05	-0.0003440518000001	1.1837164027968432e-07	3.8979398838352157e-10	0.0008639290000005	0.0007718072000009	5.956863544731457e-07	7.463733201020162e-07	0.057920660300001	-0.0763763841000007	-0.1267383804000008	1
3.0001547858034138e-18	6.177239681453566e-06	0.2532204919123374	-1.624654811765408e-11	1.1346407324416614e-07	-3.538920204424804e-16	-1.369572618877314e-16	-2.879076117161659e-13	-0.00923464	0.0445741600000025	0.0019868557397076	8.527857592924301e-05	-0.0489178000000023	-0.0232664000000007	0.0005413253689607	0.0023929511568427	-0.0317631999999998	-0.0007721	5.961384079502594e-07	0.0010089008742406	0.0009823959999992	-0.0002741340000016	7.51494485833816e-08	9.651018999025378e-07	0.0005657129999998	0.0005459698000002	2.980830217319926e-07	3.200311974870884e-07	-0.0002379159999996	-0.0011018450000012	1.2140624062244129e-06	5.660402083575837e-08	0.0549214114000003	-0.081641297600001	-0.1246738301000009	1
-6.125514083108598e-17	-2.5773223679611117e-05	0.2055749150261881	3.6431979746501366e-11	-2.3252323921741974e-08	-2.491079630427793e-16	-1.3606527666338912e-16	1.2446304239155229e-13	-0.0197648999999996	-0.0105302600000005	0.0001108863756668	0.0003906512720092	-0.0085126700000006	0.0404051300000035	0.0016325745303215	7.24655505277295e-05	-0.0250987999999986	0.0066644000000006	4.441422735903649e-05	0.0006299497614403	0.0004842869999994	-0.0004981089999987	2.4811257380208814e-07	2.3453389882064883e-07	0.0003835989999992	-0.0001821140000002	3.3165508913540905e-08	1.4714819318115798e-07	-8.708820000019772e-05	0.0001508277999986	2.2749022387013944e-08	7.584353774621856e-09	0.0518851418000008	-0.086686120500001	-0.121853270300001	1
1.0251820966185395e-16	9.332162131478042e-05	0.0770720932907602	-7.72884357581459e-11	-9.592897132226564e-10	-3.652965311101609e-16	-1.311116828017402e-16	-5.1968080421022174e-14	-0.0079670699999998	0.0117978300000006	0.000139188792708	6.347420438475483e-05	-0.0196712000000005	-0.0111585300000006	0.0001245127917603	0.0003869561094392	-0.0383617000000004	-0.0132629000000013	0.0001759045164105	0.0014716200268891	0.000484287	-4.486102440867974e-16	-2.60631262010158e-16	2.3453389860595538e-07	0.0003835989999993	3.9509504550040076e-16	-5.297469947918927e-16	1.471481924400284e-07	5.173739999964825e-05	0.0001388256000015	1.9272546549297962e-08	2.6767581213163972e-09	0.0488138979000009	-0.0914972530000016	-0.1182938046000017	1
1.893720794433176e-16	-0.0002969731601251	-0.009413697874326	1.5040144765086022e-10	3.935564421849117e-09	-2.4537667267658564e-16	4.723980061778279e-16	2.088894769988432e-14	-0.0197649000000013	-0.0117978300000001	0.0001391887927087	0.0003906512720083	0.0064585700000004	0.026129770000002	0.0006827648802537	4.171312644670381e-05	-0.0383106000000008	5.110000000045214e-05	2.6112088670504376e-09	0.0014677020723589	-1.029560000009836e-05	-0.0004945825999999	2.446119485249023e-07	1.0600004356288824e-10	0.000383598999999	-5.841471538138441e-18	5.036556136200849e-16	1.4714819222070168e-07	-8.70882000016651e-05	-0.0001388256000005	1.9272545829211216e-08	7.584354420032408e-09	0.0457097500000008	-0.0960617250000022	-0.1140170172000023	1
1.4839116609617246e-16	0.0007709027823196	-0.0353459528847296	-2.473614419879783e-10	-2.784461104466233e-09	-4.13825969579232e-16	-9.465722395304308e-16	-8.468640918934173e-15	0.0033664800000003	0.0231313800000012	0.0005350607407048	1.133318759232708e-05	-0.022490200000001	-0.0289487700000018	0.0008380312845142	0.0005058090960392	-0.0382963000000011	1.4300000000285816e-05	2.044881231658584e-10	0.0014666065936895	-9.27772000025467e-05	-8.248160000146495e-05	6.803212920152621e-09	8.607611540851797e-09	0.0006002569999985	0.0002166580000004	4.69406884141979e-08	3.6030846514180403e-07	-0.0005732230000027	-0.000486134799999	2.3632704342659758e-07	3.2858460771573445e-07	0.042574790700001	-0.1003672316000023	-0.1090488422000023	1
-5.428383896849826e-17	9.718653526037634e-06	-0.0332000230190375	2.418750069460133e-10	1.5205797338795651e-09	-5.816206544301786e-16	2.2992077332157104e-15	3.600581666765271e-15	0.0069396700000013	0.0035731899999999	1.2767686776303883e-05	4.81590197112305e-05	0.0028970800000002	0.0253872800000016	0.0006445139857988	8.393072527182179e-06	-0.0580052000000026	-0.0197089000000011	0.0003884407392108	0.0033646032270429	0.0004699910000005	0.0005627682000028	3.167080496590653e-07	2.2089153865848054e-07	0.000666180999999	6.592399999989147e-05	4.34597172550125e-09	4.437971254883852e-07	-0.0002257040000011	0.000347519000001	1.2076945570046549e-07	5.0942296187960656e-08	0.0394111329000015	-0.1044021660000022	-0.1034194061000019	1
-1.897457469884101e-17	0.0718799093520177	-0.0218078830747447	4.735367968433529e-10	-7.410070597695744e-10	-4.736484847961902e-16	-6.012480388942351e-15	-8.113820593528576e-16	-0.0026571699999985	-0.009596840000001	9.209933798564064e-05	7.060552409528509e-06	-0.0226651000000009	-0.0255621800000015	0.0006534250463527	0.0005137067580091	-0.0378420000000017	0.0201632000000025	0.0004065546342405	0.0014320169639983	0.0004154239999992	-5.4567000002014605e-05	2.977555199525491e-09	1.7257709900077822e-07	0.000328618999999	-0.0003375619999994	1.1394810327014705e-07	1.0799044706228128e-07	0.0003157810000011	0.0005414850000011	2.932060067890737e-07	9.971764022044548e-08	0.0362209093000013	-0.1081556505000018	-0.0971628453000015	1
7.060986911026405e-17	0.2005864483591136	-0.0113840189315945	-4.213031498033333e-09	3.38013327231118e-10	-3.037293649598124e-16	1.377550083572866e-14	8.178675441872792e-16	-0.006502919999999	-0.0038457500000004	1.4789793061871087e-05	4.228796852618719e-05	-0.0150114000000006	0.0076537000000007	5.857912368953301e-05	0.0002253421299591	-0.0378068000000004	3.520000000008649e-05	1.2390396797496043e-09	0.0014293541262388	0.0003247879999992	-9.063599999930746e-05	8.214883347464382e-09	1.0548724500414653e-07	0.0008274589999986	0.0004988400000009	2.488413455906589e-07	6.846883957181308e-07	-0.0003521510000011	-0.0006679320000015	4.461331569377181e-07	1.2401032502096113e-07	0.0330062704000008	-0.1116175665000009	-0.090317098700001	1
2.135614407345038e-16	0.269584762203136	-0.0048921568241997	1.873827306592894e-08	-1.4739158797455508e-10	1.127931239205062e-16	-3.108920526712375e-14	-2.55026080169366e-16	-0.0110582999999994	-0.0045553800000002	2.075148694261872e-05	0.0001222859988896	0.0085994500000018	0.0236108500000012	0.0005574722377232	7.39505403046844e-05	-0.0377804000000001	2.6399999999950145e-05	6.969591712632645e-10	0.0014273586241604	-0.0002180670000013	-0.0005428550000004	2.9469155046789577e-07	4.7553216592061497e-08	0.0006559649999999	-0.0001714939999992	2.9410191897349508e-08	4.302900813032828e-07	0.0004183679999998	0.0007705190000023	5.936995297508993e-07	1.7503178413236148e-07	0.0297693829	-0.1147785813000004	-0.0829236784000006	1
4.3833091163684035e-17	0.2865354789836924	-0.0017852719115728	-6.904175047730146e-08	6.21484236876289e-11	-4.577626924760821e-17	6.778611120202259e-14	3.220822040709294e-16	0.0033387100000021	0.0143970100000003	0.0002072738969387	1.114698446677705e-05	0.0059478400000026	-0.0026516100000008	7.031035590867807e-06	3.537680066711842e-05	-0.0295698999999994	0.0082105000000003	6.741231025024982e-05	0.0008743789860102	0.0003406740000006	0.000558741000001	3.121915048184795e-07	1.160587715884648e-07	0.0002222289999982	-0.0004337360000018	1.8812691822354925e-07	4.938572850409814e-08	0.0002958039999996	-0.000122564000001	1.502193342474963e-08	8.750000659859551e-08	0.0265124287000003	-0.1176301734000001	-0.0750274174000003	1
3.8382890128289783e-16	0.2808234673399761	-0.0005519816032924	2.31735498861354e-07	-2.552445365654253e-11	1.47838588800433e-16	-1.356238528787978e-13	-3.2823988382944875e-17	-0.0642455000000025	-0.0675842100000033	0.0045676254413301	0.004127484270251	-0.0226124000000001	-0.0285602400000024	0.0008156873088596	0.0005113206337591	-0.0378467000000003	-0.0082768000000015	6.85054182400458e-05	0.0014323727008896	0.0006277030000001	0.000287028999998	8.238564557735776e-08	3.940110561336657e-07	0.0006063439999999	0.0003841150000012	1.4754433384355342e-07	3.676530462688846e-07	0.00103523	0.0007394260000008	5.467508089961857e-07	1.0717011556916256e-06	0.0232376034	-0.1201646552000007	-0.0666761977000004	1
1.1111007009400262e-16	0.2689397140220478	-0.0001348869678745	-7.344387860023861e-07	1.0255772972912508e-11	-3.1768672882682756e-17	2.375063778006549e-13	-6.096769080980242e-17	-0.0242770000000025	0.0399685000000035	0.0015974809922498	0.0005893727289985	-0.0171795000000004	0.0054329000000009	2.9516402409720024e-05	0.0002951352202494	-0.0283727999999995	0.0094739000000008	8.975478121044153e-05	0.0008050157798402	0.0006472310000003	1.9528000001199985e-05	3.8134181043949584e-10	4.189079672891654e-07	0.0003028590000003	-0.0003034850000007	9.210314598802433e-08	9.172357316426063e-08	0.0008427330000022	-0.0001924970000002	3.7055094876746135e-08	7.101989139354715e-07	0.0199471143	-0.1223751945000006	-0.0579206603000003	1
3.8299050973715975e-17	0.2597176624073313	-1.0552976895287038e-05	2.2363023955766604e-06	-4.044038648151485e-12	-1.2090983943469644e-16	-2.936466051189444e-13	2.882152555440257e-16	-0.0014849699999988	0.0227920300000009	0.0005194766315205	2.205135901604141e-06	-0.0227148000000003	-0.0055353000000004	3.0639546089836e-05	0.0005159621390387	-0.0432664000000007	-0.0148936000000016	0.0002218193209616	0.0018719813689596	0.0007873030000011	0.000140072	1.962016358708073e-08	6.198460136832162e-07	0.0009601649999993	0.0006573059999998	4.320511766122122e-07	9.219168266847612e-07	-0.0002320959999995	-0.0010748290000026	1.155257382422877e-06	5.3868551326908094e-08	0.0166431794000001	-0.1242558318000007	-0.0488138978999999	1
1.2380210694354533e-17	0.2533123473431365	1.1558341165251984e-06	-6.579685213820973e-06	1.5635535903229025e-12	-3.389402084043567e-17	-1.2129354027952265e-13	3.828462550721292e-16	-0.0278569000000001	-0.0263719300000016	0.000695478691925	0.0007760068776075	-0.0358334000000017	-0.0131186000000005	0.0001720976659592	0.0012840325555606	-0.0433016000000013	-3.519999999996554e-05	1.2390388445508447e-09	0.0018750285625599	0.0015445800000023	0.0007572770000009	5.734684557123109e-07	2.3857273795759678e-06	0.0011369100000003	0.0001767450000009	3.123879585226111e-08	1.2925643478853962e-06	0.0001015909999995	0.000333687000001	1.113470127927035e-07	1.0320729308092708e-08	0.0133280259000002	-0.125801497400001	-0.0394111328999998	1
-4.8146003395979146e-17	0.2529291740987308	-3.944139843459903e-07	1.8902365030332763e-05	-5.948767828861747e-13	6.056970194431391e-17	2.707462029394686e-12	1.0427540755071956e-16	-0.0247491000000009	0.0031078000000006	9.658420837846069e-06	0.0006125179508095	-0.0226081000000013	0.0132253000000016	0.0001749085600902	0.0005111261856095	-0.0265205999999994	0.0167810000000018	0.0002816019610002	0.0007033422243607	-4.023610000169975e-05	-0.0015848161000037	2.511642077119012e-06	1.6189442185540775e-09	0.0012702400000012	0.0001333299999994	1.7776887789120777e-08	1.6135096585854065e-06	-0.0002320960000008	-0.0003336870000005	1.1134701378617849e-07	5.3868551555348566e-08	0.0100038883999999	-0.127008024400001	-0.0297693828999997	1
-9.717004472013959e-17	0.2304020901163246	1.7083976633041893e-07	-5.324787413879994e-05	2.2249538324555747e-13	3.90283930318264e-17	-1.342847705001552e-11	2.326067731953685e-16	-0.0068375099999991	0.0179115900000007	0.000320825056327	4.675154300033715e-05	-0.0226549000000006	-4.679999999965356e-05	2.190239471059441e-09	0.0005132444940093	-0.0265273999999989	-6.8000000002961245e-06	4.6239405090411926e-11	0.0007037029507608	0.0002485519999979	0.000288788100002	8.33985651029798e-08	6.177809626727181e-08	0.0012702400000011	-2.9271555099225633e-16	-3.6801585434309084e-16	1.6135096588210106e-06	-0.0002320960000006	8.595032075028723e-16	-1.4920288715500992e-15	5.38685514326702e-08	0.0066730075999999	-0.127872160200001	-0.0199471142999995	1
-2.3312284681914644e-16	0.114538321418609	-7.407825970286219e-08	0.000147446434974	-8.221419360866413e-14	4.3289238683840817e-17	5.17014449525528e-11	1.3116748743851752e-16	-0.0386815000000012	-0.0318439900000016	0.0010140396991208	0.0014962584422482	-0.0227974000000011	-0.0001424999999994	2.0306248971949025e-08	0.0005197214467595	-0.0265629999999993	-3.560000000027909e-05	1.267359434245693e-09	0.0007055929689994	0.0010236300000015	0.0007750780000024	6.007459080153265e-07	1.0478183774083453e-06	0.0012702400000026	4.2279411089460915e-17	-7.596938475382246e-17	1.6135096579046768e-06	0.0002662740000008	0.0004983700000004	2.483726567376712e-07	7.09018425708876e-08	0.0033376287000002	-0.1283915752000019	-0.0100038883999998	1
-3.0662184566770243e-16	0.0074637014109766	3.0713553965008794e-08	-0.0003930269010736	2.9333813585599326e-14	-1.750288756668099e-16	-1.77866772573687e-10	1.480722993799446e-16	-0.00650424	0.0321772600000019	0.0010353760611089	4.23051379780409e-05	-0.0227702000000011	2.720000000069913e-05	7.398393510988593e-10	0.0005184820080396	-0.0265580999999996	4.900000000204779e-06	2.4009430020313472e-11	0.0007053326756096	0.0007631130000025	-0.0002605170000008	6.786910624032434e-08	5.823414517003874e-07	0.0008978370000015	-0.0003724030000025	1.3868399402948377e-07	8.061112783913962e-07	-7.749869999891111e-05	-0.0003437727000014	1.181796692148741e-07	6.006048721599651e-09	3.237936687538481e-16	-0.1285648693000025	8.47154328805002e-17	1
-7.253819439847195e-16	-0.0318613041778199	-1.2403422691989265e-08	0.0009835073190168	-1.07531951234353e-14	-2.0158977450009702e-16	5.701090571120872e-10	4.0886462425096524e-16	-0.0238486000000001	-0.0173443600000011	0.0003008268238098	0.0005687557219589	-0.0226884000000014	8.180000000060052e-05	6.691239328440106e-09	0.00051476349456	-0.0265101999999997	4.790000000009634e-05	2.2944093331900008e-09	0.0007027907040399	0.0002615109999995	-0.0005016020000013	2.5160456704540896e-07	6.838800386105428e-08	0.0001762289999981	-0.0007216080000013	5.207181063779836e-07	3.105666023835232e-08	0.000530468000001	0.0006079666999998	3.696235084245987e-07	2.813963011897584e-07	-0.0033376286999992	-0.1283915752000028	0.0100038884000002	1
-3.112914129827189e-16	-0.0354440618432596	4.910657277620198e-09	-0.0022989026011536	3.551598818936728e-15	-2.3389557381239926e-16	-1.7499439661615099e-09	4.224209579049487e-16	-0.016281	0.0075676000000004	5.726856975980471e-05	0.0002650709609991	-0.0226693000000014	1.9100000000996324e-05	3.648088225954645e-10	0.0005138971624892	-0.0095670999999977	0.0169431000000017	0.0002870686376093	9.152940241342556e-05	0.0003176619999988	5.61510000015069e-05	3.152935869473737e-09	1.0090914550730421e-07	0.0012239000000002	0.0010476710000029	1.0976145247300584e-06	1.4979312099717942e-06	-0.0003948050000001	-0.0009252730000007	8.56130125728484e-07	1.558709877324541e-07	-0.0066730075999992	-0.1278721602000027	0.0199471143000005	1
-5.136072048022582e-16	-0.0252305964381414	-1.9099105975852256e-09	0.039936571512591	-1.4754971683365465e-15	-1.7533439395975843e-20	5.2011352770179834e-09	1.0978684254808995e-16	-0.0148655999999996	0.0014153999999998	2.003357159523815e-06	0.0002209860633595	-0.0160049000000005	0.0066644000000007	4.441422735965004e-05	0.0002561568240091	-0.0233369999999985	-0.0137699000000017	0.0001896101460107	0.0005446155690002	0.000261511	-5.615099999940707e-05	3.152934282921571e-09	6.838800379394203e-08	0.0008096520000004	-0.0004142480000011	1.716014047432571e-07	6.555363613493845e-07	0.0001352330000008	0.0005300380000007	2.809402813645664e-07	1.8287964660916323e-08	-0.0100038883999997	-0.1270080244000024	0.0297693829000004	1
-1.7572794480369066e-15	-0.0140043439260109	7.30621192157106e-10	0.1669962858201103	2.468571775364015e-16	2.6350952377552816e-17	-1.5066593374803785e-08	1.1678795364824875e-16	-0.0174249999999997	-0.0025594000000003	6.550528359642517e-06	0.0003036306249996	-0.0226233000000007	-0.0066184000000003	4.380321855997661e-05	0.0005118137028896	-0.0259619999999991	-0.0026250000000003	6.890624999166422e-06	0.0006740254439998	8.060489999848529e-05	-0.0001809061000004	3.2727016303568175e-08	6.4971510891942654e-09	0.0011261700000014	0.0003165180000008	1.0018364422818457e-07	1.2682588686088975e-06	5.334020000233002e-05	-8.189280000010366e-05	6.706430316828363e-09	2.845176933559874e-09	-0.0133280258999997	-0.1258014974000015	0.0394111329000001	1
9.686118577510308e-15	-0.0063371925298621	-2.750867436927628e-10	0.2569896906614231	-3.43200391865714e-16	3.4479437505990866e-17	4.270963569673398e-08	-3.036392701129009e-17	-0.0209912000000002	-0.0035662000000001	1.2717782439917028e-05	0.0004406304774393	-0.0226827000000007	-5.940000000000166e-05	3.528359787424362e-09	0.0005145048792895	-0.0388253000000003	-0.0128633000000013	0.0001654644868909	0.0015074039200895	0.000612708	0.0005321031000017	2.831337091176716e-07	3.7541109336990404e-07	0.0011261700000003	-1.4905125029423598e-15	-4.263706988661713e-16	1.2682588689938154e-06	-0.000381689	-0.000435029200002	1.8925040479701567e-07	1.45686491910891e-07	-0.0166431793999999	-0.124255831800001	0.0488138978999999	1
-3.814321469343501e-14	-0.0024201963982575	1.0164593973081069e-10	0.2849275015995918	-8.152665697663562e-17	-3.223382160094503e-17	-1.1841747221124585e-07	-3.5268321912457893e-17	-0.0299589000000008	-0.0089677	8.041964328930428e-05	0.0008975356892102	-0.0226103000000008	7.240000000022839e-05	5.241759607367352e-09	0.0005112256660902	-0.0259876999999993	0.0128376000000013	0.0001648039737593	0.0006753605512903	0.0001073099999984	-0.0005053980000014	2.554271378607397e-07	1.1515436076526536e-08	0.0010462800000002	-7.988999999890837e-05	6.382411523710643e-09	1.0947018388906346e-06	-2.0617300000291915e-05	0.0003610717000017	1.3037277220148634e-07	4.2507211710878714e-10	-0.0199471142999998	-0.1223751945000008	0.0579206603	1
1.3501087085410084e-13	-0.0007858445629807	-3.693240016011936e-11	0.2836440465689387	-1.3629898034113284e-16	2.1648145259538192e-17	3.227927950640928e-07	-1.850839449501837e-16	-0.0215494000000005	0.0084095000000007	7.071969024929061e-05	0.0004643766403597	-0.0226621000000005	-5.1800000000063885e-05	2.68323996414416e-09	0.0005135707764097	-0.0389326000000003	-0.0129449000000012	0.0001675704360107	0.0015157473427595	0.0004897439999995	0.0003824340000013	1.4625576431640738e-07	2.398491854314606e-07	0.0009658700000005	-8.041000000011879e-05	6.4657680286615025e-09	9.329048566198224e-07	0.0001277270000016	0.0001483443000004	2.200603103290957e-08	1.6314186794542765e-08	-0.0232376034000001	-0.1201646552000006	0.0666761977000002	1
-4.40527139958995e-13	-0.0002100921317266	1.3180822889763304e-11	0.272353003724632	-2.6159059537874317e-17	6.225284679145837e-17	-8.65731785471367e-07	-7.586309761299894e-17	-0.0054866099999987	0.0160627900000007	0.0002580132225845	3.010288929360976e-05	-0.005491309999999	0.0171707900000007	0.0002948360292252	3.015448551652361e-05	-0.0443912000000012	-0.0054586	2.979631395990092e-05	0.0019705786374403	-0.0001669610000012	-0.0006567050000012	4.312614574621334e-07	2.7875977912322608e-08	0.0011261700000011	0.0001602999999998	2.5696089299195492e-08	1.2682588690935406e-06	-8.793319997423376e-06	-0.0001365203200008	1.863779745838213e-08	7.732312126005329e-11	-0.0265124287000002	-0.1176301734000006	0.0750274174000006	1
1.3702491139075193e-12	-2.9777298808112347e-05	-4.61152961702603e-12	0.2618185438560308	3.695586523145156e-18	8.810927606360277e-17	2.284891269899408e-06	3.979750765179124e-17	-0.0341297000000002	-0.0286430900000017	0.0008204266047494	0.001164836422089	-0.0226591999999999	-0.0171678900000015	0.0002947364470524	0.0005134393446401	-0.0421944000000015	0.0021968000000002	4.825930239757524e-06	0.0017803673913605	0.000621637999999	0.000788599000001	6.218883847128071e-07	3.864338025900584e-07	0.0005675959999991	-0.0005585740000016	3.120049150869152e-07	3.221652185594818e-07	0.000367274000001	0.0003760673199988	1.4142662858240205e-07	1.3489019216767866e-07	-0.0297693829000001	-0.1147785813000006	0.0829236784000007	1
-4.115255118373034e-12	2.50219899884691e-06	1.5768933784667617e-12	0.2551347644362317	-1.3268604560041756e-16	7.59997341187413e-17	-5.931919440444692e-06	-2.524443968737571e-16	-0.0165751000000001	0.0175546000000011	0.0003081639811606	0.0002747339400095	-0.0198993000000001	0.0027599	7.617048009574077e-06	0.0003959821404898	-0.0421371000000013	5.730000000051743e-05	3.283289663213734e-09	0.0017755351964092	0.000397796	-0.0002238420000003	5.01052402167891e-08	1.5824165700160504e-07	0.0018054700000001	0.0012378740000021	1.5323320409102746e-06	3.2597219216551767e-06	-0.0012195300000029	-0.0015868040000018	2.517946938770181e-06	1.4872534226609694e-06	-0.0330062704000007	-0.1116175665000008	0.0903170987000007	1
1.1977206189402407e-11	-8.569857347871905e-07	-5.215675535388543e-13	0.2518300029167528	2.406422471512608e-16	-6.783634006229727e-17	1.5108287230033323e-05	6.046878570523643e-17	-0.015553199999999	0.0010218999999997	1.044279609960863e-06	0.0002419020302405	-0.0226881000000002	-0.0027887999999999	7.777405438674148e-06	0.0005147498816098	-0.0247980999999994	0.0173390000000017	0.0003006409210003	0.0006149457636098	0.0008919790000014	0.0004941830000008	2.4421683707670684e-07	7.956265352813087e-07	0.0010542599999995	-0.00075121	5.643164643772057e-07	1.1114641482615664e-06	-0.0002660030000021	0.0009535270000031	9.092137405096646e-07	7.075759448361837e-08	-0.0362209093	-0.1081556505000005	0.0971628453000011	1
-3.409390537348962e-11	3.317087113100751e-07	1.667573802793223e-13	0.2455224961329377	1.0606582715374135e-16	1.584467569965827e-16	-3.779379256769128e-05	-2.9690948576460045e-16	-0.0238996999999996	-0.0083465000000004	6.96640622497364e-05	0.0005711956600903	0.0009970210000016	0.0236851210000012	0.0005609849567861	9.940508754412465e-07	-0.0247551999999986	4.289999999974047e-05	1.840409401799148e-09	0.0006128199270403	0.000296423000002	-0.0005955560000016	3.546869487005732e-07	8.786659412760469e-08	0.0007082309999988	-0.0003460290000005	1.1973606896923324e-07	5.015911491675233e-07	4.496339999975973e-05	0.0003109663999997	9.670010010264865e-08	2.0217074083586527e-09	-0.0394111329000006	-0.1044021660000005	0.1034194061000011	1
9.518396822698051e-11	-1.2587720376124646e-07	-5.009983593629672e-14	0.1535582020836535	1.1595538177974592e-16	2.2489876351263727e-16	9.250245628178065e-05	-2.4455656189715403e-16	-0.0213937999999996	0.0025058999999998	6.279534809475244e-06	0.0004576946784396	-0.0162201999999988	-0.0172172210000016	0.0002964326989627	0.0002630948880394	-0.0248139999999992	-5.880000000038612e-05	3.457439780913581e-09	0.0006157345959999	0.0008947350000025	0.0005983119999999	3.579772499020515e-07	8.005507200392651e-07	0.0009723069999983	0.0002640760000005	6.973613304725188e-08	9.453809011791484e-07	-0.0004859630000024	-0.0005309264000004	2.8188284077233704e-07	2.361600368476485e-07	-0.0425747907000008	-0.100367231600001	0.1090488422000016	1
-2.6109547749470447e-10	4.603036097509753e-08	1.4142221224203091e-14	0.0304581423679449	8.524011204906725e-17	9.258632578396966e-17	-0.0002163909917854	-3.866098084506653e-16	-0.0178438999999993	0.0035499	1.2601790009443782e-05	0.0003184047672093	-0.0023332699999982	0.0138869300000005	0.0001928468248243	5.444148893390337e-06	-0.0302987	-0.0054847000000004	3.0081934090301156e-05	0.0009180112216883	0.0006121700000033	-0.0002825650000011	7.984297874601513e-08	3.7475210736506057e-07	0.0011551800000001	0.0001828730000018	3.3442532870902084e-08	1.3344408322704235e-06	1.0854499999714215e-05	0.0004968175000024	2.468276266931438e-07	1.1781974332418322e-10	-0.0457097500000011	-0.0960617250000017	0.1140170172000022	1
7.04352384583566e-10	-1.6531704979854685e-08	-3.262612248011362e-15	-0.0256292312822902	3.521563115144152e-16	2.696056353651369e-16	0.0004864085996578	8.692791157306843e-17	-0.0120410999999982	0.0058027999999995	3.36724878393023e-05	0.0001449880892104	-0.0161540999999989	-0.0138208300000012	0.0001910153418886	0.0002609549468097	-0.0247782999999998	0.0055204000000005	3.0474816160195928e-05	0.0006139641508906	0.0002034979999998	-0.0004086720000025	1.6701280274564176e-07	4.141143606373468e-08	0.0001657799999981	-0.0009894000000027	9.789123620264298e-07	2.7483008088341458e-08	0.000591902000002	0.0005810474999995	3.376161962880464e-07	3.503479808553249e-07	-0.0488138979000006	-0.0914972530000018	0.1182938046000027	1
-1.86494916415796e-09	5.808076344868498e-09	8.061621431323538e-16	-0.0365989565684055	2.2386825659137965e-16	-8.877355689758198e-16	-0.001292520926913	-3.217269371026806e-16	-0.0062292799999977	0.0058118199999995	3.377725171295554e-05	3.8803929318521545e-05	0.0066654200000024	0.0228195200000011	0.0005207304930308	4.4427823777419305e-05	-0.0247147999999995	6.350000000023707e-05	4.0322499951107434e-09	0.0006108213390386	-0.0003378270000008	-0.000541325	2.9303275572934805e-07	1.141270840248981e-07	0.0016065799999994	0.0014408000000025	2.075904642549739e-06	2.58109929576194e-06	-0.0009551850000013	-0.0015470870000035	2.3934781878066958e-06	9.123783847777098e-07	-0.0518851418000013	-0.0866861205000019	0.1218532703000027	1
4.859757894817648e-09	-1.995796718901518e-09	2.6146330969320964e-16	-0.028629901100845	1.8559270882240708e-16	3.4474211229719184e-15	0.0168392201972756	-2.4926135899987596e-16	-0.0154072999999981	-0.0091780200000014	8.423605112020805e-05	0.0002373848932887	-0.0269512999999993	-0.0336167200000027	0.0011300838635603	0.0007263725716888	-0.0247997999999996	-8.500000000033638e-05	7.224998924027472e-09	0.0006150300800402	0.0006413759999993	0.0009792030000007	9.588385169706942e-07	4.1136317195101917e-07	0.0016065800000025	8.179465894602324e-16	-1.5536244231617492e-15	2.5810992975364967e-06	-0.0001217619999988	0.0008334230000027	6.9459389726849e-07	1.4825983899976877e-08	-0.0549214114000014	-0.0816412976000018	0.1246738301000025	1
-1.2453547770031782e-08	6.677097513968534e-10	-3.472583852286786e-16	-0.0169394073271768	4.2092513537673225e-17	-9.351034156830255e-15	0.1290541908411205	-2.54212225624357e-16	-0.0183521999999993	-0.0029449000000006	8.672436009559402e-06	0.0003368032448385	-0.0553321000000018	-0.0283808000000018	0.0008054698086408	0.003061641290413	-0.0428173000000013	-0.0180175000000018	0.0003246303062499	0.0018333211792898	0.001376460000001	0.0007350840000001	5.403484854077555e-07	1.894642131185533e-06	0.0022621700000027	0.0006555899999989	4.297982482321345e-07	5.117413112201383e-06	-0.0009551849999982	-0.0008334230000025	6.945938979511971e-07	9.123783835542828e-07	-0.0579206603000012	-0.0763763841000016	0.1267383804000015	1
3.1337509106968063e-08	-2.1593879090564047e-10	1.5966497192159674e-18	-0.0080996375444034	4.475922731711187e-19	2.7413192239780305e-14	0.2391450813949354	-3.002057093468169e-16	-0.0390236000000012	-0.0206714000000006	0.0004273067779595	0.0015228413569601	-0.0241249000000004	0.0312072000000025	0.0009738893318422	0.0005820108000078	-0.0248436999999994	0.017973600000002	0.000323050296961	0.0006172094296899	0.0003625839999999	-0.0010138760000012	1.0279445434922825e-06	1.3146715721403565e-07	0.0018094300000011	-0.0004527400000011	2.049735074987481e-07	3.2740369260935406e-06	-0.000590105	0.0003650799999991	1.3328340600440442e-07	3.482239104303085e-07	-0.0608808666000003	-0.070905573500001	0.128034402100001	1
-7.725028592805712e-08	6.6676324254973e-11	-1.056731079706044e-16	-0.0032378759051909	2.886569583687307e-17	-7.637755261887814e-14	0.2810377328227169	-2.248140549413408e-16	-0.0054211299999992	0.0336024700000016	0.0011291259901019	2.938865047745268e-05	-0.0498818000000005	-0.0257569000000016	0.0006634178976105	0.0024881939712408	-0.0249277999999989	-8.4100000000441e-05	7.07280812283179e-09	0.0006213952128402	0.001120610000001	0.000758026000001	5.746034171317406e-07	1.2557667717553933e-06	0.0022472700000016	0.0004378400000014	1.9170386615155174e-07	5.0502224541609285e-06	-0.0009551849999991	-0.0003650799999988	1.3328340616930757e-07	9.123783848454822e-07	-0.0638000350000005	-0.0652436139000007	0.1285540361000006	1
1.857105885309129e-07	-1.906293623173029e-11	-4.7055966538199053e-17	-0.0011025066064219	2.250809537726093e-16	2.106962691666567e-13	0.2857116991276007	3.733903968646655e-17	-0.0251922999999996	-0.0197711700000014	0.0003908991631689	0.000634651979289	-0.0498512000000015	3.060000000021535e-05	9.363589597061664e-10	0.0024851421414416	-0.0302018999999992	-0.0052741000000008	2.781613080904824e-05	0.0009121547636098	0.0009574710000007	-0.0001631390000003	2.66143315779062e-08	9.16750714812074e-07	0.0018390300000004	-0.0004082400000011	1.666598984650232e-07	3.3820313407397102e-06	-0.0005494179999984	0.0004057669999996	1.646468589788447e-07	3.018601371725704e-07	-0.0666761976999999	-0.0594057691000006	0.1282941315000007	1
-4.337458093271588e-07	4.795939862591605e-12	-1.0342430796508371e-16	-0.0003147237762767	2.1660380330796578e-17	-5.704302630395854e-13	0.2758443221176366	-2.725077309104234e-16	-0.0491765000000023	-0.0239842000000003	0.0005752418496383	0.0024183281522519	-0.0325380000000004	0.0173132000000012	0.0002997468942404	0.0010587214439989	-0.0318934999999997	-0.0016916000000002	2.861510559944584e-06	0.00101719534225	0.0005253179999996	-0.000432153	1.867562145085277e-07	2.759590010731735e-07	0.0013622599999986	-0.0004767700000012	2.2730963367254798e-07	1.8557523055965784e-06	-0.000270905	0.0002785129999992	7.756949108942756e-08	7.33895182777918e-08	-0.0695074160000002	-0.0534077769000006	0.1272562643000006	1
9.754179803534431e-07	-8.829350433750765e-13	-5.806582860419526e-18	-6.060799682004233e-05	5.06879935331824e-17	1.5193554375729469e-12	0.2643462275524464	-2.748476132869007e-16	-0.0186980000000008	0.0304785000000021	0.0009289389622501	0.0003496152039992	-0.0498848000000008	-0.0173468000000009	0.0003009114702391	0.0024884932710415	-0.0249421999999992	0.0069513000000004	4.832057168863875e-05	0.0006221133408401	0.0011599800000005	0.0006346620000015	4.027958555679148e-07	1.34555360008148e-06	0.0017110099999982	0.0003487500000018	1.2162656239572684e-07	2.927555217800388e-06	-0.0009551860000016	-0.0006842809999993	4.68240487688857e-07	9.123802955254456e-07	-0.0722917816000006	-0.0472658067000005	0.1254467280000008	1
-2.0788051238664825e-06	-1.9768490981545152e-14	9.816831225743232e-17	1.5467668880808388e-06	1.5212569091353522e-16	-3.982822782966058e-12	0.256978501223638	3.53048495993772e-17	-0.0044202299999985	0.0142777700000002	0.0002038547161725	1.9538433253745463e-05	-0.0498125000000012	7.22999999999384e-05	5.227288881949147e-09	0.0024812851562512	-0.0456989000000009	-0.020756700000002	0.0004308405948916	0.0020883894612099	0.0006585209999995	-0.0005014590000011	2.5146112810489176e-07	4.336499052557074e-07	0.0020443399999991	0.000333330000001	1.1110888771602701e-07	4.179326037070533e-06	-0.0009551859999996	1.1024194835038134e-15	-1.5294254640483102e-16	9.123802942531774e-07	-0.0750274174000004	-0.0409964162000003	0.1228764955000009	1
4.067985522915844e-06	1.3972122122384405e-13	1.590184638986738e-16	-7.292521613711049e-07	9.939164709913827e-17	1.0264841886175143e-11	0.2515868336254659	1.6655467410826148e-17	-0.0206974999999992	-0.0162772700000011	0.0002649495186534	0.0004283865062484	-0.030722	0.0190905000000012	0.0003644471902499	0.0009438412839983	-0.0457095000000016	-1.059999999952738e-05	1.1236044175038636e-10	0.0020893583902498	0.0009574710000004	0.0002989500000022	8.937110212702823e-08	9.167507168918694e-07	0.001825089999999	-0.0002192500000006	4.807056249872423e-08	3.3309535077988397e-06	-0.0009551850000009	9.99998468436286e-10	-1.0926698308885316e-15	9.123783852666244e-07	-0.0777124796000003	-0.0346165067000001	0.1195611523000009	1
-6.796932522580901e-06	-1.0205219629763557e-13	4.396070721791948e-16	2.692003511049518e-07	-1.5846201911252138e-17	-2.5943646139217758e-11	0.252173137392492	-3.937913494133378e-16	-0.0064289799999986	0.0142685200000007	0.0002035906629902	4.1331783841190544e-05	-0.0068075499999974	0.0239144500000008	0.0005719009188032	4.634273700077528e-05	-0.0385038000000008	0.0072057000000011	5.192211249089718e-05	0.001482542614439	-7.229990000030279e-05	-0.001029770900002	1.0604281090677985e-06	5.22727756826977e-09	0.00195608	0.0001309900000011	1.7158379131732406e-08	3.826248966686512e-06	-0.000955186000001	-9.99999338754146e-10	-1.2440164052427174e-15	9.123802963490644e-07	-0.080345158100001	-0.0281432772	0.1155208024000009	1
7.019444625670738e-06	5.6389120866155315e-14	2.308315728983513e-16	-8.78850253997771e-08	-2.7199705071987718e-17	6.431022778978178e-11	0.1898157078985869	-5.258344969880784e-16	-0.0496134000000012	-0.0431844200000021	0.0018648941307383	0.0024614894595597	-0.0100906999999973	-0.0032831500000012	1.077907392107139e-05	0.0001018222264889	-0.0354631000000006	0.0030407000000001	9.245856491255244e-06	0.0012576314616099	-1.3804000001966946e-05	5.849589999997335e-05	3.421770544264587e-09	1.9055138018542432e-10	0.0013476600000001	-0.0006084200000006	3.701748965211661e-07	1.816187474917304e-06	9.519439999916354e-05	0.0010503804000012	1.1032989867874342e-06	9.061972706565941e-09	-0.0829236784000012	-0.0215941784	0.110779946100001	1
1.2784592136055288e-05	-2.780895630895369e-14	1.244363150379255e-16	2.5674746045498168e-08	9.963942518286235e-17	-1.5586806832974878e-10	0.0600180788214931	-6.327500543454359e-16	-0.0442440000000023	0.0053694000000012	2.883045635668867e-05	0.0019575315360013	-0.0204140999999988	-0.0103234000000009	0.000106572587559	0.0004167354788096	-0.0246510999999997	0.0108120000000009	0.0001168993440003	0.0006076767312115	-7.229990000366844e-05	-5.849589999979184e-05	3.421769346689929e-09	5.227276141205185e-09	0.0009391159999994	-0.0004085440000012	1.6690819967864484e-07	8.81938860406885e-07	9.519429999982816e-05	-9.999987359423742e-11	-1.1461881941523533e-15	9.061955296223081e-09	-0.0854463025000017	-0.0149868655000003	0.1053673315000016	1
-0.0001058167486197	1.234929633873054e-14	2.797693149015897e-16	-6.773997365484684e-09	1.8096552387559376e-16	3.6755617299529164e-10	-0.0158919951077872	-2.921830047467457e-16	-0.0091116099999992	0.0351323900000018	0.0012342848271139	8.302143679102829e-05	-0.0329055	-0.0124914000000007	0.000156035073959	0.0010827719302494	-0.0393695000000011	-0.0147184000000013	0.0002166312985619	0.001549957530249	0.0004038219999974	0.000476121900002	2.266920644704481e-07	1.630722076144494e-07	0.0010185399999978	7.942399999960088e-05	6.308169980771758e-09	1.037423730805133e-06	-0.0004444990000007	-0.0005396933000008	2.912688567886212e-07	1.975793598056447e-07	-0.0879113298000019	-0.0083391507000004	0.0993157800000021	1
0.0002733537713283	-5.967088218451286e-15	2.150085030439146e-16	1.431631257294611e-09	2.648257199500896e-16	-8.3666135998107e-10	-0.0362390388970252	-5.070007008976899e-16	-0.0596309000000015	-0.0505192900000022	0.0025521986621075	0.0035558442348119	0.0004689850000013	0.0333744850000022	0.0011138562490168	2.1994693057041402e-07	-0.0247218999999999	0.0146476000000017	0.0002145521857605	0.0006111723396085	0.0002794729999995	-0.0001243489999987	1.5462672614463904e-08	7.810515630283915e-08	0.0009885239999994	-3.0015999998417595e-05	9.009576396456156e-10	9.77179698848681e-07	0.0004879239999999	0.0009324230000004	8.694126507207664e-07	2.380698297216969e-07	-0.0903170987000019	-0.0016689550000002	0.0926619877000021	1
0.0034627452900781	2.1866969500568066e-15	-1.1895587538801158e-16	-1.0287294174197779e-10	-2.54987427397011e-16	1.8151332184509815e-09	-0.0317942108865726	-1.2019135207662456e-15	-0.0596171000000039	1.3800000001387476e-05	1.9043558992797308e-10	0.0035541986124142	-0.0276584999999993	-0.0281274850000023	0.0007911554124259	0.0007649926222496	-0.0356168000000009	-0.0108949000000011	0.0001186988460098	0.0012685564422398	0.0011036800000013	0.0008242069999999	6.793171785075487e-07	1.2181095411917037e-06	0.0021633100000026	0.0011747859999999	1.380122146087025e-06	4.679910158811163e-06	-0.000989264000003	-0.0014771880000015	2.182084390097264e-06	9.786432614493757e-07	-0.0926619877000031	0.0050057398999996	0.0854463025000014	1
0.0902429252453756	-1.2343039296526514e-15	1.6877822491908982e-16	-1.2551250006814204e-10	1.3067880577922234e-16	-3.6634230627835076e-09	-0.0201359987268245	-2.9490947652399515e-16	-0.0131426000000004	0.0464745000000031	0.0021598791502531	0.0001727279347592	-0.0275824999999999	7.600000000036504e-05	5.775998489525352e-09	0.00076079430625	-0.0248395999999997	0.0107772000000011	0.0001161480398402	0.0006170057281606	0.0006938860000008	-0.0004097940000011	1.6793112267387246e-07	4.814777810448622e-07	0.000688742999999	-0.0014745670000026	2.174347843802254e-06	4.743669198081185e-07	0.0001066109999981	0.0010958750000034	1.2009420143246332e-06	1.1365904774832856e-08	-0.0949444160000015	0.0116669402999999	0.0777124796000015	1
0.2150785101167138	2.269909977361308e-16	-1.2561376547479234e-17	1.0816795218066694e-10	6.877482764986569e-17	6.495782792223894e-09	-0.0102026810895205	7.015805979807602e-17	-0.0239565999999998	-0.010814000000001	0.0001169425959992	0.0005739186835585	-0.0395238000000007	-0.0119413000000008	0.0001425946456895	0.0015621307664407	-0.0439424000000012	-0.0191028000000021	0.0003649169678422	0.0019309345177595	0.0008693629999994	0.0001754769999995	3.0792178084367445e-08	7.557920253606118e-07	0.0003987329999965	-0.0002900100000002	8.410579851597497e-08	1.589880036158505e-07	0.0006124420000025	0.0005058310000002	2.558650019100753e-07	3.7508520549672694e-07	-0.0971628453000005	0.0182966885999999	0.0695074160000011	1
0.2742735880755102	-4.3521492104881836e-16	-3.1566862580555213e-16	-6.297593564970864e-11	-9.294591415418046e-17	-8.361812472854841e-09	-0.0042772215540738	-3.5618922815465187e-16	-0.0590608000000031	-0.0351042000000009	0.0012323048576395	0.0034881780966428	-0.0303217000000008	0.0092021000000008	8.467864440962365e-05	0.0009194054908904	-0.035784400000001	0.008158000000001	6.655296399955731e-05	0.0012805232833583	0.0003295869999981	-0.0005397760000007	2.913581305750215e-07	1.0862758981191725e-07	0.0016344200000005	0.0012356870000035	1.5269223656889667e-06	2.6713287360013385e-06	0.000106611000001	-0.0005058310000003	2.558649992506384e-07	1.1365903267923496e-08	-0.0993157800000005	0.0248771122999998	0.0608808666000005	1
0.2866394365813213	6.742336245004657e-17	-2.584780196568434e-16	3.1710376417273635e-11	-5.684465960845719e-16	-1.8571452987342241e-09	-0.0015252486645488	-9.442967615736522e-16	-0.0361956000000032	0.0228652000000024	0.0005228173710383	0.0013101214593594	-0.0101774999999986	0.0201442000000012	0.0004057887936406	0.00010358150625	-0.040909600000001	-0.0051252000000001	2.626767504084857e-05	0.0016735953721607	0.0003295869999992	1.5542802457338389e-15	-7.812865020824299e-16	1.0862759062892534e-07	0.001462020000002	-0.000172400000002	2.9721759229978156e-08	2.1375024811534035e-06	-0.0001734170000006	-0.0002800280000002	7.841568030815614e-08	3.0073455988185036e-08	-0.1014017690000016	0.0313904715999999	0.0518851418000002	1
0.2792320799491404	4.513746435779572e-18	-1.1826437711478209e-16	-1.4766164672485366e-11	-3.042662896104906e-16	6.798626520682086e-08	-0.0004598261570736	-2.637447189993519e-16	-0.0060666499999995	0.0301289500000014	0.0009077536281033	3.680424222248005e-05	-0.0439312000000002	-0.0337537000000026	0.0011393122636923	0.0019299503334414	-0.0469446000000019	-0.0060350000000004	3.642122499867774e-05	0.0022037954691619	0.0009698649999991	0.0006402779999995	4.0995591740995273e-07	9.406381176750524e-07	0.0014630900000006	1.069999998707568e-06	1.1441350184955876e-12	2.1406323482285806e-06	-0.0004153999999997	-0.0002419829999994	5.8555772138696416e-08	1.7255715961834225e-07	-0.1034194061000012	0.0378192079	0.0425747907000002	1
0.2673183175203992	-1.4535892502952663e-16	1.914800994554841e-17	6.530015145248212e-12	1.7769203545381556e-17	-3.452701877319385e-07	-0.0001057416927374	2.0132986898720055e-16	-0.0060696699999983	-3.0200000005704435e-06	9.120756209762596e-12	3.684089390915298e-05	-0.0275746000000004	0.0163566000000013	0.0002675383635595	0.0007603585651591	-0.0355553000000008	0.0113893000000015	0.0001297161544904	0.0012641793580875	0.0009478120000011	-2.205299999933715e-05	4.863337708458204e-10	8.983475881517244e-07	0.0016003400000004	0.0001372500000009	1.883756076249041e-08	2.5610881156386e-06	-0.0004153999999987	-4.2936432632549916e-16	1.0243986062578619e-16	1.7255715876336549e-07	-0.1053673315000003	0.0441459902000004	0.0330062704000004	1
0.2587796862360272	-1.1258206937040574e-16	-5.1266234238156384e-17	-2.783875916988972e-12	3.7669205386621055e-17	1.3406161620440988e-06	-4.622045821128479e-06	1.7647821567265394e-16	-0.0239730999999996	-0.0179034300000012	0.000320532805765	0.0005747095236088	-0.0239575999999996	0.0036170000000002	1.3082688998967498e-05	0.0005739665977593	-0.0213761999999988	0.0141791000000009	0.0002010468768108	0.0004569419264406	0.0006859730000005	-0.0002618390000009	6.85596621625284e-08	4.7055895688722484e-07	0.0006576819999984	-0.000942658000002	8.886041066671669e-07	4.325456118536234e-07	0.0002411460000004	0.0006565459999996	4.310526507607869e-07	5.8151393549895945e-08	-0.1072442319000003	0.0503537627000007	0.0232376034000002	1
0.25252888641871	1.9282690144344584e-17	-3.0378236150137292e-18	1.1537497705829885e-12	-7.683761531450204e-17	-4.631464434236622e-06	3.490394775919856e-07	3.7939140277497823e-17	-0.006492449999999	0.0174806500000006	0.0003055731244225	4.215190700272601e-05	-0.0245007999999994	-0.0005432000000001	2.950662393520348e-07	0.0006002892006387	-0.0219653999999983	-0.0005892000000004	3.471566399793766e-07	0.0004824787971596	0.0004841130000001	-0.0002018600000003	4.074746072936205e-08	2.3436539743129007e-07	0.001330709999999	0.0006730280000021	4.529666879815943e-07	1.7707891023092552e-06	-0.0003835899999994	-0.0006247360000003	3.902950704277885e-07	1.4714128740125133e-07	-0.1090488422000006	0.0564257904000008	0.0133280258999999	1
0.2533417614557395	-1.1963699628240028e-17	-1.504985036369139e-16	-4.671612062589418e-13	-5.27019348421563e-17	1.495837761564619e-05	-1.1753073060460105e-07	9.5735056421188e-17	-0.0064750099999983	1.74399999992037e-05	3.0415353956393037e-10	4.192575450007611e-05	-0.0438354000000009	-0.0193346000000011	0.0003738267571596	0.0019215422931607	-0.0218264999999983	0.0001388999999993	1.9293208157498196e-08	0.0004763961022502	0.0010199900000001	0.0005358770000004	2.87164159453314e-07	1.0403795996788855e-06	0.0020867000000011	0.0007559900000014	5.715208801468176e-07	4.35431689171648e-06	-0.0010119200000005	-0.0006283300000001	3.9479858864889037e-07	1.023982086291158e-06	-0.1107799461000008	0.0623457042000008	0.0033376286999997	1
0.2191870768297897	-4.801891706054845e-17	-1.1214995249208572e-16	1.8524290629594653e-13	-3.467267862017382e-17	-4.6035408441401146e-05	6.733001590469512e-08	1.9975812970697208e-16	-0.0065460699999984	-7.106000000063507e-05	5.049523849929604e-09	4.285103244524679e-05	-0.0353484000000009	0.0084870000000008	7.202916899903192e-05	0.0012495093825597	-0.0218094999999981	1.6999999999516693e-05	2.88999014444403e-10	0.0004756542902508	0.0008815930000007	-0.0001383969999999	1.9153728643893922e-08	7.772062180511592e-07	0.0019504900000001	-0.0001362100000016	1.8553161926562905e-08	3.804411242125965e-06	-0.0014025600000036	-0.0003906400000011	1.5259960818874817e-07	1.9671745567628447e-06	-0.1124363766000007	0.0680975449000011	-0.0066730076000003	1
0.0953776448201824	-4.52586800951843e-17	-4.664144007260693e-17	-7.220057952561229e-14	-1.8789268450501462e-16	0.0001375903542062	-3.6102616314583496e-08	-2.9772944170697703e-16	-0.0281774000000001	-0.021631330000001	0.000467914437569	0.000793965870758	-0.0060306999999985	0.0293177000000018	0.000859527533291	3.636934248887864e-05	-0.0217863999999981	2.309999999950535e-05	5.336097302347539e-10	0.00047464722496	0.0008815930000023	9.536773021061762e-16	2.185177070390233e-16	7.772062179261158e-07	0.0013933700000005	-0.0005571199999995	3.103826928663325e-07	1.941479956885418e-06	-0.0001330840000008	0.0012694760000025	1.611569317257127e-06	1.7711349928117513e-08	-0.1140170172000018	0.0736658067000014	-0.0166431794000004	1
-0.0016685662305873	-1.413867876361509e-17	-2.802664473251315e-16	2.7322451552094987e-14	-1.6666779455829714e-16	-0.0003900788423213	1.7178397860613242e-08	-3.60715135734469e-16	-0.0282028000000006	-2.539999999979053e-05	6.45158161389436e-10	0.0007953979278387	-0.0388034	-0.0327727000000024	0.0010740498652914	0.0015057038515597	-0.0218423999999986	-5.600000000075743e-05	3.135998343322509e-09	0.0004770904377611	0.0012627400000013	0.0003811469999985	1.4527303466113896e-07	1.5945123091856622e-06	0.0015069700000012	0.0001135999999998	1.2904960088391289e-08	2.270958580021134e-06	-0.0003775799999988	-0.0002444960000003	5.977829259300616e-08	1.4256665581885306e-07	-0.1155208024000026	0.0790354785000015	-0.0265124287000006	1
-0.0339106242540066	-1.5480396639732722e-16	-5.449565006577158e-16	-1.0704796785491208e-14	-1.683860569928426e-16	0.0010009525223266	-7.694874065642496e-09	-2.6775175801439933e-16	-0.0412385000000019	-0.0130356999999999	0.0001699294744879	0.0017006138822493	-0.0448739000000017	-0.0060704999999998	3.685097024810643e-05	0.0020136669012114	-0.0320060999999997	-0.0101637000000013	0.0001033007976893	0.0010243904372091	0.0012057300000006	-5.701000000051651e-05	3.250139479215651e-09	1.453784833148923e-06	0.0016435400000004	0.0001365700000002	1.8651364566410283e-08	2.7012237315902798e-06	-0.0004351439999999	-5.756399999988103e-05	3.313612309098124e-09	1.893502984951417e-07	-0.1169467186000026	0.0841920847000015	-0.0362209093000007	1
-0.0344347109727264	-2.110687793468171e-16	-3.4207207211890117e-16	3.621893092257796e-15	3.5978288869664654e-17	-0.0017810732858677	3.313588912845716e-09	1.2750944462883745e-16	-0.0153962000000003	0.025842300000002	0.0006678244692898	0.0002370429744391	-0.0357014000000012	0.0091725000000014	8.413475624832894e-05	0.0012745899619597	-0.0218253999999988	0.010180700000001	0.0001036466524895	0.0004763480851598	0.0010290300000003	-0.0001766999999992	3.1222890987731544e-08	1.0589027419645715e-06	0.0009855779999991	-0.000657962	4.329139942477269e-07	9.713639920212183e-07	3.459310001728874e-06	0.0004386033100008	1.9237286270435665e-07	1.196674932156636e-11	-0.1182938046000021	0.0891217238000019	-0.0457097500000006	1
-0.0235116569882445	-2.495866162896597e-16	-5.660985762813792e-16	-1.608887370424888e-15	6.446247199090318e-17	0.0549529912180191	-1.383224864707496e-09	3.831669921664356e-17	-0.0620997000000026	-0.0467035000000018	0.002181216912251	0.0038563727400931	-0.0448272000000015	-0.0091258	8.328022563891801e-05	0.0020094778598414	-0.0217943999999985	3.099999999939071e-05	9.609982174793847e-10	0.0004749958713607	0.0009373969999992	-9.163300000084834e-05	8.396607018731149e-09	8.787131342429365e-07	0.0010840599999989	9.84820000008262e-05	9.698703290402496e-09	1.1751860819960017e-06	0.0003345240000012	0.0003310646899997	1.0960382845431605e-07	1.1190630560136785e-07	-0.1195611523000015	0.0938111066000016	-0.0549214114000007	1
-0.0126530137760833	-8.74432436211495e-17	-2.139730911005986e-16	4.89578038491935e-16	-2.613256315659318e-16	0.1844842951199212	5.63281916559928e-10	-3.8019266538564997e-16	-0.0131033000000009	0.0489964000000031	0.002400647212963	0.0001716964708877	-0.0447793000000006	4.790000000025374e-05	2.2944099204286733e-09	0.0020051857084898	-0.036847	-0.0150526000000014	0.0002265807667618	0.0013577014089991	0.0007023559999982	-0.0002350409999992	5.5244271155291565e-08	4.933039496038447e-07	0.0015059700000006	0.0004219100000004	1.7800804746381004e-07	2.267945640662915e-06	-0.0003307869999979	-0.0006653110000005	4.4263872681553437e-07	1.0942003799344826e-07	-0.1207479075000017	0.0982475912000008	-0.0638000350000004	1
-0.0055776378083823	-2.649722326243734e-16	-2.9791190132184176e-16	-3.200874362176184e-16	-3.444943070576222e-17	0.263862466468058	-2.246432098332945e-10	-5.494865999912014e-17	-0.0656984000000027	-0.0525951000000025	0.0027662445440117	0.004316279762564	-0.0448153000000006	-3.5999999999938554e-05	1.2959998760080619e-09	0.0020084111140909	-0.0381332000000005	-0.0012862	1.6543104396754572e-06	0.0014541409422402	0.0014722500000001	0.0007698940000019	5.927367725086789e-07	2.167520063232243e-06	0.0010225899999991	-0.0004833800000016	2.336562241307276e-07	1.0456903067488125e-06	0.0003713600000003	0.0007021469999995	4.930104099502022e-07	1.379082493272556e-07	-0.1218532703000004	0.1024192176000006	-0.0722917816000002	1
-0.002082035727246	-1.0004945849394076e-16	-2.3797673402485847e-17	1.915292833643197e-16	-2.5281062160659037e-16	0.2859864112869831	8.795985180787093e-11	-4.473459077384406e-16	-0.0180470000000013	0.0476514000000031	0.0022706559219624	0.000325694208998	-0.0398988999999998	0.0049164000000005	2.4170988960582176e-05	0.0015919222212091	-0.0305919999999997	0.007541200000001	5.686969744067429e-05	0.000935870464	0.0006193679999987	-0.0008528820000013	7.274077069914412e-07	3.836167173858902e-07	0.0016008799999999	0.0005782900000006	3.344193220243579e-07	2.5628167740741462e-06	-0.0008415810000012	-0.0012129410000011	1.4712258723938712e-06	7.082585798072154e-07	-0.1228764955000011	0.1063147400000005	-0.0803451581000003	1
-0.0006596949682258	-1.1755438088372094e-16	-5.737203272314442e-17	5.322038745609796e-17	-8.037592892609639e-17	0.2823077017748751	-3.386806187879958e-11	-4.0830460884616545e-17	-0.0220370999999997	-0.0039901000000006	1.592089800772408e-05	0.0004856337764088	-0.0447214	-0.0048225000000005	2.325650625015925e-05	0.0020000036179603	-0.0381210000000001	-0.0075290000000007	5.6685841000267145e-05	0.0014532106410007	0.0010073899999981	0.0003880220000012	1.5056107204062816e-07	1.014834609334847e-06	0.0010508899999988	-0.0005499900000002	3.024889997873576e-07	1.1043697906336834e-06	8.011720000120378e-05	0.0009216982000023	8.49527573594624e-07	6.418765655060457e-09	-0.1238168934000006	0.1099236566000007	-0.0879113298000002	1
-0.000169366061175	-1.5427234255576624e-16	-2.6126796183740193e-16	1.1850467937075536e-16	-2.3981481632201754e-16	0.2706255617315368	1.2800108535111864e-11	-2.327094538508768e-16	-0.0442532000000018	-0.022216100000001	0.0004935550992084	0.0019583457102394	-0.0448012000000004	-7.979999999993945e-05	6.368039562318015e-09	0.0020071475214402	-0.0382326000000005	-0.0001115999999997	1.2454559765504992e-08	0.0014617317027592	0.0018032200000018	0.0007958300000022	6.333453898990897e-07	3.251602372604148e-06	0.0019869100000002	0.0009360200000012	8.761334415652677e-07	3.947811348198439e-06	-0.0009803890000018	-0.001060506200002	1.124673400731595e-06	9.611625913222716e-07	-0.1246738301000009	0.1132362385000007	-0.0949444160000008	1
-1.886889630111872e-05	-6.62265220494536e-17	-2.0135688424662e-16	1.4704995366702263e-16	-3.2071497762028194e-16	0.2607221252751076	-4.7602106998877696e-12	-2.418061061475649e-16	-0.0101945000000001	0.0340587000000018	0.0011599950456902	0.0001039278302494	-0.0474191000000003	-0.0026179	6.85340040959093e-06	0.0022485710448111	-0.043671000000001	-0.0054384000000001	2.957619455952364e-05	0.001907156241001	0.0016754100000027	-0.0001278100000012	1.6335394151288935e-08	2.8069986710774666e-06	0.0017422800000006	-0.0002446300000006	5.984383660160178e-08	3.035539599659284e-06	-0.0007612630000016	0.0002191260000026	4.801620158177232e-08	5.795213550337591e-07	-0.1254467280000012	0.1162435555000008	-0.1014017690000008	1
1.951800793544589e-06	-1.134846448224609e-16	5.611424465793957e-17	1.538187321211605e-16	-1.8693395469006726e-16	0.2542041815010401	1.7412010735950245e-12	-5.848612345491934e-18	-0.0054494699999982	0.0047450299999995	2.251530970012636e-05	2.969672328125441e-05	-0.0270191999999991	0.0203999000000011	0.0004161559200114	0.0007300371686374	-0.0380991000000004	0.005571900000001	3.104606961050452e-05	0.001451541420809	0.0007969900000006	-0.000878420000002	7.716216960464044e-07	6.351930588896509e-07	0.002085190000002	0.0003429100000005	1.1758726673854005e-07	4.348017338686227e-06	-0.0009208149999993	-0.0001595520000003	2.545683906094669e-08	8.479002649687915e-07	-0.126135066100001	0.1189375004000011	-0.1072442319000007	1
-6.636955823029933e-07	-1.119773809172751e-16	-1.7094186580687877e-17	1.4738861362173244e-16	-2.469038626538837e-17	0.2523372477262749	-6.261499150601303e-13	2.7590471104370163e-16	-0.0033625399999976	0.002086929999999	4.355276823742986e-06	1.1306675252565368e-05	-0.0448012999999997	-0.0177821000000015	0.0003162030804103	0.0020071564816898	-0.0310526999999996	0.0070464000000005	4.965175295952664e-05	0.00096427017729	0.0015843700000012	0.0007873800000006	6.199672645228902e-07	2.5102282990756498e-06	0.0014400800000004	-0.0006451100000017	4.161669132237565e-07	2.073830405376388e-06	-0.0004809729999989	0.0004398420000001	1.9346098428095141e-07	2.313350265633745e-07	-0.1267383804000007	0.1213108108000013	-0.1124363766000007	1
2.675295599297984e-07	-1.6531412652731206e-16	-1.4390274024605886e-16	1.8758203171375043e-16	8.949157834395583e-17	0.2391888499487744	2.2076333727331227e-13	4.51928694598817e-16	-0.0102517999999982	-0.0068892600000012	4.746190334658001e-05	0.0001050994032401	-0.0475421000000007	-0.0027407999999999	7.511984639842098e-06	0.0022602512724106	-0.0245245999999985	0.0065281000000003	4.261608960912754e-05	0.0006014560051607	0.0010766199999999	-0.0005077500000019	2.57810061644642e-07	1.1591106226737264e-06	0.0010373299999978	-0.0004027500000008	1.6220756222089922e-07	1.076053527123521e-06	-0.0003735779999991	0.000107394999999	1.1533685369862434e-08	1.395605212204503e-07	-0.1272562643000003	0.1233570888000014	-0.1169467186000008	1
-1.0712583027064023e-07	-8.920183044627427e-17	-4.389522668075332e-16	2.455148546113913e-16	-3.7607334377773197e-16	0.134077579352238	-7.605098700659424e-14	1.676046257180792e-17	-0.010227599999999	2.419999999950649e-05	5.856395687414665e-10	0.0001046038017584	-0.0446227000000011	0.0029194000000002	8.522896359132427e-06	0.0019911853552897	-0.0380508999999999	-0.0135263000000013	0.0001829607916903	0.0014478709908085	0.0004436999999971	-0.0006329200000005	4.005877264488136e-07	1.968696879291324e-07	0.002667550000001	0.0016302200000037	2.657617254303965e-06	7.11582300711724e-06	-0.0016667300000015	-0.0012931520000009	1.6722420941910573e-06	2.7779888966905714e-06	-0.1276883686000018	0.1250708178000017	-0.1207479075000016	1
4.1440816019118845e-08	-1.6813003441849518e-16	-5.060442186302719e-16	2.253814919729812e-16	-8.034199136239058e-17	0.0182486217766543	2.5123437415395685e-14	6.355087462266346e-16	0.013199200000003	0.0234268000000006	0.0005488149582405	0.0001742188806446	-0.0424859000000014	0.0021368000000005	4.565914237647546e-06	0.0018050516988106	-0.0381767000000005	-0.0001257999999997	1.582563850117155e-08	0.0014574604228891	0.0010346799999988	0.0005909800000023	3.49257362121302e-07	1.0705627022775934e-06	0.0018571800000009	-0.000810370000001	6.566995368235098e-07	3.4491175534378485e-06	-0.0007720539999995	0.0008946760000022	8.004451460134098e-07	5.96067378247561e-07	-0.1280344021000016	0.1264473780000025	-0.1238168934000018	1
-1.5759535306775234e-08	-2.084400519223212e-16	-6.963139726394599e-16	2.067908015247149e-16	-2.5648494974119803e-16	-0.0293651092173127	-8.326861009856432e-15	5.405443267596962e-16	-0.0060571899999979	-0.0192563900000016	0.0003708085558338	3.668955069448868e-05	-0.0400303000000015	0.0024556000000003	6.029971357616845e-06	0.0016024249180899	-0.0476746000000015	-0.0094979000000006	9.021010441000528e-05	0.0022728674851599	0.0008881369999987	-0.000146543	2.1474851802237e-08	7.887873314150992e-07	0.0020003199999997	0.0001431399999988	2.0489057765697264e-08	4.001280103943389e-06	-0.0013421600000014	-0.0005701060000032	3.250208506118328e-07	1.801393467702735e-06	-0.1282941315000022	0.1274830585000026	-0.1261350661000022	1
5.889519806485001e-09	-6.229781189942844e-17	-6.066322097438118e-16	3.5366917246760467e-16	-7.217616511555386e-16	-0.0354934817713546	2.018496098308992e-15	-4.40802051410059e-16	-0.0192436000000001	-0.01318641	0.0001738814086878	0.000370316140958	0.0122726000000024	0.0523029000000031	0.0027355933484158	0.0001506167107614	-0.0516147000000019	-0.0039400999999997	1.5524388008638063e-05	0.0026640772560919	0.0008160100000013	-7.212699999868133e-05	5.20230399081751e-09	6.658723190611533e-07	0.0010790499999998	-0.0009212700000007	8.487384142286668e-07	1.1643489013661095e-06	9.122170000105632e-05	0.0014333817000012	2.054583100965549e-06	8.321399902149132e-09	-0.1284673818000033	0.1281750671000027	-0.1276883686000024	1
-1.307179206998984e-09	-8.619328663810358e-17	-8.2470565116196395e-16	4.2721828288303455e-16	-4.92042125063135e-16	-0.0308590041616572	2.7463996600393388e-15	-2.6679057506980683e-16	-0.046726300000002	-0.0274827000000006	0.0007552987992892	0.0021833471116893	-0.0271479999999992	-0.039420600000003	0.0015539837043613	0.0007370139039974	-0.0201544999999996	0.0314602000000027	0.000989744184044	0.0004062038702493	0.0011298900000005	0.0003138799999976	9.852065274125785e-08	1.276651412876323e-06	0.0011139899999998	3.494000000087969e-05	1.2208028281461674e-09	1.2409737191433198e-06	6.7085334716113645e-16	-9.122170000099608e-05	8.321398249613026e-09	-1.350951905248568e-15	-0.128554036100003	0.1285215385000027	-0.1284673818000026	1
